,feat_0,feat_1,feat_2,feat_3,feat_4,feat_5,feat_6,feat_7,feat_8,feat_9,Date,Ticker,Return
1500,-10.543832,-10.61443,-11.444913,-11.06492,-10.888527,-11.114787,-11.797876,-11.403997,-8.907291,-10.204812,2021-12-31,AAPL,-0.0035416177
1501,-10.135225,-10.28334,-10.859699,-10.797992,-10.428991,-10.364058,-11.1377945,-11.106716,-7.669014,-9.475742,2022-01-03,AAPL,0.024696734
1502,-9.61118,-9.737247,-10.018856,-10.705382,-9.458709,-9.459306,-9.724052,-10.915171,-6.7994776,-6.593027,2022-01-04,AAPL,-0.012772837
1503,-9.528827,-9.581941,-10.5090475,-9.999194,-9.364866,-9.353107,-10.695669,-9.67175,-7.3688006,-6.72444,2022-01-05,AAPL,-0.026960067
1504,-9.369597,-9.426589,-10.231736,-9.918223,-9.490729,-9.536535,-10.723131,-9.835462,-7.0114,-7.567161,2022-01-06,AAPL,-0.01683425
1505,-9.124521,-9.118186,-9.831021,-9.80449,-8.895596,-9.121285,-9.550496,-9.6285095,-6.7505736,-5.751318,2022-01-07,AAPL,0.000987884
1506,-9.412576,-9.436777,-10.171003,-10.044441,-9.359712,-9.45583,-10.046103,-10.05966,-7.1648364,-6.815777,2022-01-10,AAPL,0.00011615751
1507,-8.65403,-8.907996,-9.164382,-9.57103,-9.046371,-9.0451765,-9.635068,-9.856164,-4.133974,-6.9676867,2022-01-11,AAPL,0.016644495
1508,-9.170662,-9.219261,-9.887532,-9.840634,-9.242931,-9.343749,-9.848603,-10.031943,-6.374475,-6.955586,2022-01-12,AAPL,0.0025669562
1509,-9.65427,-9.709383,-10.419008,-10.280608,-10.006076,-10.079215,-10.7313795,-10.668064,-7.614247,-8.801663,2022-01-13,AAPL,-0.01921145
1510,-9.402233,-9.409748,-10.2571335,-9.9561825,-9.609985,-9.821617,-11.045272,-9.881854,-7.3903294,-7.4513407,2022-01-14,AAPL,0.005097619
1511,-9.141662,-9.233452,-9.752701,-9.924265,-9.327616,-9.286696,-9.89254,-10.167877,-6.4975057,-7.258128,2022-01-18,AAPL,-0.019074863
1512,-9.241805,-9.2893915,-9.98113,-9.89081,-9.204786,-9.227105,-10.141137,-9.702457,-6.319902,-6.518273,2022-01-19,AAPL,-0.021248903
1513,-9.392056,-9.359381,-10.184216,-9.995115,-9.483749,-9.538403,-10.421135,-9.980752,-7.5173583,-7.8270636,2022-01-20,AAPL,-0.010401013
1514,-9.435438,-9.507203,-10.251748,-10.01894,-9.440604,-9.707086,-10.159275,-10.108861,-7.3455725,-6.9709706,2022-01-21,AAPL,-0.0128473565
1515,-8.38499,-8.520089,-9.093433,-9.063069,-8.468313,-8.353728,-9.245558,-9.08389,-5.156751,-5.5912504,2022-01-24,AAPL,-0.0048761014
1516,-7.901672,-7.9024215,-8.572028,-8.618141,-7.8894877,-7.7506566,-8.548295,-8.618196,-4.702777,-4.980846,2022-01-25,AAPL,-0.011450032
1517,-8.35164,-8.357456,-9.129245,-8.966909,-8.497544,-8.683598,-9.167562,-9.214368,-4.9585233,-5.9977717,2022-01-26,AAPL,-0.0005634332
1518,-8.078399,-8.067129,-8.820301,-8.725058,-7.7966857,-7.7598376,-8.939219,-8.180893,-4.3378124,-3.9255319,2022-01-27,AAPL,-0.0029475421
1519,-8.556743,-8.631077,-9.322057,-9.182582,-8.520473,-8.464303,-9.1179285,-9.319445,-5.884964,-5.757135,2022-01-28,AAPL,0.06745084
1520,-8.306415,-8.32549,-9.026087,-8.9737215,-8.302902,-8.608115,-8.960123,-9.033313,-4.0360417,-4.514867,2022-01-31,AAPL,0.025790308
1521,-9.054171,-9.019149,-9.606312,-9.91152,-9.529698,-9.828831,-9.82656,-10.888945,-5.341777,-7.6913896,2022-02-01,AAPL,-0.00097312464
1522,-9.342013,-9.26672,-10.158954,-9.925016,-9.727749,-9.736561,-10.38614,-10.456902,-6.8295927,-8.024786,2022-02-02,AAPL,0.007019575
1523,-9.371567,-9.486797,-10.088038,-10.04192,-9.603968,-9.496162,-10.183404,-10.425432,-6.9610415,-8.187314,2022-02-03,AAPL,-0.016861098
1524,-9.317926,-9.299097,-10.043774,-9.979407,-9.370617,-9.537569,-10.361577,-9.834588,-6.9992685,-7.2407494,2022-02-04,AAPL,-0.0016786783
1525,-9.194761,-9.268262,-9.912984,-9.863445,-9.381948,-9.409932,-10.047238,-10.103747,-6.725503,-7.4935164,2022-02-07,AAPL,-0.0042435755
1526,-9.611519,-9.625979,-10.342245,-10.268445,-9.625937,-9.61827,-10.312418,-10.325793,-7.7132893,-8.101965,2022-02-08,AAPL,0.018298296
1527,-9.742194,-9.78728,-10.3056965,-10.584331,-10.02535,-10.016147,-10.421004,-11.143868,-7.9562955,-9.035913,2022-02-09,AAPL,0.0082595665
1528,-10.125713,-10.14814,-10.809013,-10.8288,-10.292478,-10.257994,-11.043786,-10.930656,-8.599532,-9.444299,2022-02-10,AAPL,-0.023881732
1529,-9.405082,-9.574102,-10.214022,-9.994461,-9.651815,-9.970169,-10.652497,-10.110091,-6.3339996,-7.6884894,2022-02-11,AAPL,-0.020425642
1530,-8.833923,-8.853884,-9.552376,-9.502388,-9.056522,-9.258849,-10.0211115,-9.536397,-6.27155,-6.8871155,2022-02-14,AAPL,0.0014221382
1531,-8.82342,-8.947784,-9.373868,-9.683073,-9.003114,-9.145578,-9.580938,-9.826635,-5.7119074,-6.6372147,2022-02-15,AAPL,0.02288858
1532,-10.238739,-10.303831,-10.858306,-11.011307,-10.518367,-10.498775,-10.984173,-11.506222,-8.98095,-10.001052,2022-02-16,AAPL,-0.0013899348
1533,-9.724829,-9.689473,-10.412123,-10.423861,-9.776884,-9.737112,-10.455681,-10.484588,-7.3489785,-8.308377,2022-02-17,AAPL,-0.021498647
1534,-10.032939,-10.072241,-10.7992525,-10.657906,-10.307753,-10.645035,-11.393201,-10.719861,-8.237265,-9.239981,2022-02-18,AAPL,-0.009399796
1535,-9.412662,-9.495673,-10.172277,-10.043482,-9.385809,-9.489574,-10.295359,-9.901153,-7.4250383,-7.678496,2022-02-22,AAPL,-0.017972862
1536,-8.967938,-9.013189,-9.654958,-9.667249,-8.914871,-8.93347,-9.486288,-9.746647,-6.36761,-6.6472926,2022-02-23,AAPL,-0.026204526
1537,-9.425763,-9.460326,-10.265322,-9.991221,-9.574472,-9.814354,-10.898321,-9.883865,-7.5639358,-7.9423866,2022-02-24,AAPL,0.016542615
1538,-8.089709,-8.205257,-8.546533,-9.092899,-7.7760553,-7.8509126,-8.081368,-9.111246,-4.5160866,-4.262235,2022-02-25,AAPL,0.012882134
1539,-9.079049,-9.053919,-9.892921,-9.664486,-9.193518,-9.361053,-9.949162,-9.827844,-6.3317895,-6.575399,2022-02-28,AAPL,0.0016365128
1540,-9.049133,-9.144619,-9.621735,-9.879373,-8.942081,-8.925662,-9.632353,-9.638112,-6.676015,-6.7902813,2022-03-01,AAPL,-0.01169604
1541,-9.106846,-9.169365,-9.713017,-9.895258,-8.931612,-9.020701,-9.44356,-9.84622,-6.7319694,-6.441539,2022-03-02,AAPL,0.020379161
1542,-9.259546,-9.329703,-9.785168,-10.154044,-8.941161,-9.333134,-9.598962,-9.670948,-6.1819415,-6.192336,2022-03-03,AAPL,-0.0019832333
1543,-9.243092,-9.290349,-9.935501,-9.936976,-9.336354,-9.532487,-10.144301,-9.926532,-6.8633704,-6.980158,2022-03-04,AAPL,-0.01857977
1544,-9.140056,-9.1895075,-9.899041,-9.771431,-9.087998,-9.145348,-9.826642,-9.737627,-7.041827,-6.878821,2022-03-07,AAPL,-0.024003385
1545,-8.869773,-8.976992,-9.499364,-9.630789,-9.095774,-9.163777,-10.267942,-9.466393,-5.341297,-7.1655536,2022-03-08,AAPL,-0.011744783
1546,-7.948024,-7.996631,-8.58278,-8.703183,-7.9250717,-7.8889647,-8.606938,-8.629628,-4.189605,-4.878459,2022-03-09,AAPL,0.034398973
1547,-9.006361,-9.06737,-9.822611,-9.589911,-9.007567,-9.169677,-9.997428,-9.47219,-5.7804203,-5.646104,2022-03-10,AAPL,-0.027562637
1548,-9.206966,-9.27169,-9.934691,-9.866691,-8.915818,-9.100742,-9.622743,-9.595375,-7.103541,-6.637904,2022-03-11,AAPL,-0.024199106
1549,-9.075128,-9.081114,-10.0207205,-9.566883,-9.249377,-9.278149,-10.465212,-9.601009,-6.3065214,-7.1836476,2022-03-14,AAPL,-0.026921554
1550,-8.779706,-8.83024,-9.424694,-9.523449,-9.026022,-9.058337,-9.6447935,-9.799522,-5.214353,-7.110739,2022-03-15,AAPL,0.029245485
1551,-9.199143,-9.231361,-9.820506,-9.969626,-8.996513,-9.041867,-9.443236,-10.017387,-6.942764,-6.6690598,2022-03-16,AAPL,0.028602432
1552,-8.731703,-8.818974,-9.384722,-9.466656,-8.628995,-8.603621,-9.203159,-9.457216,-5.5784106,-6.1167083,2022-03-17,AAPL,0.0064333
1553,-9.42033,-9.5745125,-9.950316,-10.308548,-9.393226,-9.528579,-9.823186,-10.444572,-6.784466,-7.5090604,2022-03-18,AAPL,0.020703143
1554,-9.627086,-9.678278,-10.21253,-10.4409485,-9.758247,-9.733407,-10.115856,-10.960038,-7.7761517,-8.186204,2022-03-21,AAPL,0.008501387
1555,-9.112467,-9.194288,-9.789989,-9.821485,-8.939809,-9.014932,-9.599499,-9.66757,-6.5526633,-6.5095754,2022-03-22,AAPL,0.020587202
1556,-9.890769,-9.956302,-10.417073,-10.784277,-9.757413,-9.856798,-10.107634,-10.976604,-8.1655035,-8.065208,2022-03-23,AAPL,0.008199911
1557,-9.5635805,-9.580414,-10.174779,-10.345992,-9.47824,-9.64854,-9.975224,-10.415657,-7.7282367,-7.713403,2022-03-24,AAPL,0.022424549
1558,-9.274587,-9.571554,-9.765158,-10.222048,-9.540696,-9.785115,-10.060664,-10.443423,-5.4636393,-7.3950534,2022-03-25,AAPL,0.0037271753
1559,-9.568143,-9.459871,-10.267148,-10.255463,-9.552076,-9.666201,-10.1877575,-10.3061905,-7.782617,-7.871796,2022-03-28,AAPL,0.0050239884
1560,-9.700843,-9.6635275,-10.198247,-10.637607,-9.477854,-9.767262,-9.787907,-10.799886,-7.670853,-6.5648756,2022-03-29,AAPL,0.018953636
1561,-9.786162,-9.728775,-10.434898,-10.52578,-10.010722,-10.075178,-10.548251,-10.888245,-7.821403,-8.7922945,2022-03-30,AAPL,-0.0066717374
1562,-9.827263,-9.941138,-10.512314,-10.528568,-9.500664,-9.554447,-10.060896,-10.347138,-7.991021,-7.2905,2022-03-31,AAPL,-0.017935665
1563,-9.591883,-9.657008,-10.535403,-10.084955,-9.586234,-9.773209,-10.972794,-9.873826,-6.7165904,-6.990458,2022-04-01,AAPL,-0.0017195923
1564,-9.556603,-9.505444,-10.106841,-10.416541,-9.519053,-9.685647,-10.0549755,-10.39884,-7.1467323,-7.0558405,2022-04-04,AAPL,0.023417087
1565,-9.967247,-10.053903,-10.330869,-11.155191,-9.5858555,-10.228073,-9.768705,-11.3749695,-7.595342,-6.3213577,2022-04-05,AAPL,-0.019123638
1566,-9.799446,-9.877518,-10.594286,-10.4002905,-9.575345,-9.73774,-10.69594,-9.969996,-7.619459,-6.8549137,2022-04-06,AAPL,-0.018623156
1567,-8.977708,-8.971693,-9.624472,-9.719494,-8.731566,-8.756809,-9.366019,-9.487067,-6.1860404,-5.5077868,2022-04-07,AAPL,0.0018024832
1568,-9.369559,-9.413479,-10.029995,-10.096521,-9.3160305,-9.539507,-9.845796,-10.204566,-7.133015,-6.9374895,2022-04-08,AAPL,-0.01198039
1569,-9.673177,-9.70326,-10.405516,-10.328608,-9.519815,-9.507099,-10.310563,-10.124043,-7.553584,-7.3585086,2022-04-11,AAPL,-0.02584708
1570,-9.766598,-9.78861,-10.635621,-10.310222,-9.852332,-10.018806,-11.133012,-10.177851,-7.634764,-7.757853,2022-04-12,AAPL,0.01145749
1571,-9.246164,-9.23762,-9.890715,-9.990389,-9.2953205,-9.492073,-9.976382,-10.000698,-6.83038,-7.3401747,2022-04-13,AAPL,0.016210495
1572,-9.857605,-9.901956,-10.4442005,-10.670021,-9.884304,-9.855677,-10.251503,-11.064137,-7.9446464,-8.397649,2022-04-14,AAPL,-0.030447107
1573,-9.703938,-9.751946,-10.754536,-10.1343,-9.5674305,-9.673816,-10.97107,-9.849396,-7.7595263,-7.6223583,2022-04-18,AAPL,-0.0013318806
1574,-9.4062,-9.390723,-9.904201,-10.342039,-9.154316,-9.596872,-9.522501,-10.331933,-6.9261966,-6.4096575,2022-04-19,AAPL,0.014016531
1575,-9.75287,-9.759533,-10.306082,-10.608766,-9.884405,-9.772669,-10.356816,-10.86123,-7.797461,-8.73648,2022-04-20,AAPL,-0.0010160477
1576,-9.570573,-9.614951,-10.461331,-10.098786,-9.538364,-9.833204,-10.60407,-9.960696,-7.6385107,-7.5297728,2022-04-21,AAPL,-0.004855397
1577,-9.158656,-9.214206,-9.849175,-9.854437,-9.101311,-9.2357855,-9.865604,-9.728037,-7.0131264,-6.810229,2022-04-22,AAPL,-0.028215516
1578,-8.864462,-8.876964,-9.5563345,-9.558884,-8.808547,-8.859486,-9.560071,-9.446537,-5.941167,-6.3677964,2022-04-25,AAPL,0.0067145354
1579,-8.260904,-8.295997,-8.918164,-8.991275,-8.400948,-8.49414,-9.084598,-9.1036825,-4.840809,-5.66372,2022-04-26,AAPL,-0.038042627
1580,-8.801922,-8.771558,-9.609706,-9.392232,-9.045089,-9.099543,-10.234664,-9.407997,-5.82009,-6.6929407,2022-04-27,AAPL,-0.0014679136
1581,-8.521815,-8.574592,-9.164308,-9.26832,-8.520719,-8.896588,-8.943061,-9.586406,-5.7463727,-5.190694,2022-04-28,AAPL,0.044165697
1582,-8.587557,-8.711,-9.131699,-9.455864,-8.71929,-8.790929,-9.121629,-9.824181,-5.3438663,-6.07716,2022-04-29,AAPL,-0.03729151
1583,-8.274156,-8.234128,-8.915992,-9.02139,-8.232761,-8.436301,-8.874017,-8.98064,-4.014519,-4.604829,2022-05-02,AAPL,0.0019644503
1584,-8.147292,-8.17078,-8.8015785,-8.880872,-8.221511,-8.257023,-8.733609,-9.135894,-4.7224536,-4.9557285,2022-05-03,AAPL,0.009576686
1585,-8.686251,-8.684504,-9.349915,-9.409776,-8.826842,-8.987766,-9.556277,-9.484971,-5.9490995,-6.329827,2022-05-04,AAPL,0.04018974
1586,-8.219298,-8.21336,-8.794593,-9.046066,-8.418336,-8.395678,-9.07744,-9.146726,-4.483285,-4.4321055,2022-05-05,AAPL,-0.0573285
1587,-8.242524,-8.407963,-8.890239,-8.983266,-8.50819,-8.42716,-9.489801,-8.977725,-3.617999,-5.951282,2022-05-06,AAPL,0.004709185
1588,-7.9464846,-7.8977275,-8.601257,-8.679538,-8.085338,-8.173357,-8.639271,-8.940261,-4.4655085,-4.917257,2022-05-09,AAPL,-0.033752475
1589,-8.35048,-8.36339,-9.055966,-9.031437,-8.452324,-8.550373,-9.295833,-9.01479,-5.292219,-5.796609,2022-05-10,AAPL,0.01598364
1590,-8.505106,-8.4686985,-9.245693,-9.15296,-8.523881,-8.632815,-9.173565,-9.2624655,-6.0600514,-5.927138,2022-05-11,AAPL,-0.053233393
1591,-7.9429092,-8.034669,-8.684497,-8.589853,-7.9792624,-7.929808,-8.841775,-8.5276165,-4.154891,-4.613197,2022-05-12,AAPL,-0.027262464
1592,-7.2219653,-7.3188972,-7.8924785,-7.93827,-7.5163317,-7.5048695,-8.121276,-8.30622,-2.6668534,-3.8680124,2022-05-13,AAPL,0.03141764
1593,-8.6877985,-8.729917,-9.304564,-9.463644,-8.471948,-8.829705,-9.067877,-9.272791,-5.8561172,-5.4643497,2022-05-16,AAPL,-0.0107296435
1594,-8.630282,-8.635897,-9.306686,-9.340457,-8.949115,-9.089873,-9.6250925,-9.65973,-5.5258865,-6.453992,2022-05-17,AAPL,0.025104785
1595,-9.01783,-8.985843,-9.739101,-9.68362,-9.145839,-9.337211,-9.7750435,-9.907296,-6.4981494,-6.890817,2022-05-18,AAPL,-0.05807327
1596,-8.826065,-8.840379,-9.636798,-9.414008,-8.924823,-8.764911,-10.019719,-9.33215,-6.5144815,-7.132151,2022-05-19,AAPL,-0.024950067
1597,-8.133479,-8.178148,-8.847987,-8.805712,-7.963651,-8.109338,-8.75127,-8.570486,-4.9812927,-4.620071,2022-05-20,AAPL,0.0017458359
1598,-8.295291,-8.364061,-8.967087,-9.010254,-8.19503,-8.387508,-8.88474,-8.891626,-5.344171,-5.2280354,2022-05-23,AAPL,0.039335318
1599,-8.289796,-8.343109,-8.764209,-9.263318,-8.3941765,-8.49958,-8.706292,-9.71056,-4.7954473,-5.191248,2022-05-24,AAPL,-0.019403014
1600,-8.409025,-8.441315,-9.121923,-9.082804,-8.405472,-8.3432,-9.136162,-9.062434,-5.5164785,-5.6538925,2022-05-25,AAPL,0.0011392767
1601,-8.59761,-8.706203,-9.220307,-9.366549,-8.686673,-8.7499,-9.118472,-9.734609,-5.403917,-5.951394,2022-05-26,AAPL,0.022934526
1602,-9.086349,-9.120395,-9.428518,-10.325005,-8.929306,-8.900764,-9.125763,-10.653235,-5.8801913,-6.310922,2022-05-27,AAPL,0.039948057
1603,-9.600857,-9.546858,-10.057567,-10.604239,-9.388037,-9.410265,-9.667973,-10.79793,-7.440006,-6.9254932,2022-05-31,AAPL,-0.005360506
1604,-8.659713,-8.742461,-9.296011,-9.413136,-8.949125,-9.031509,-9.60981,-9.675822,-5.293027,-6.8223333,2022-06-01,AAPL,-0.00087380275
1605,-8.88394,-8.895105,-9.609227,-9.545945,-8.9949875,-9.22768,-9.869792,-9.534457,-6.438354,-6.659097,2022-06-02,AAPL,0.0166715
1606,-9.182622,-9.197586,-9.801328,-9.956199,-9.403898,-9.367582,-9.7698345,-10.586586,-6.681525,-7.3701534,2022-06-03,AAPL,-0.039318595
1607,-9.041444,-9.105043,-9.756323,-9.71332,-8.977484,-8.9609785,-9.924311,-9.468457,-6.178473,-6.19368,2022-06-06,AAPL,0.0052140625
1608,-9.095858,-9.184733,-9.668979,-9.925425,-9.208234,-9.466092,-10.120804,-9.721546,-5.7256093,-6.78519,2022-06-07,AAPL,0.017433034
1609,-9.313364,-9.362679,-9.7848,-10.291807,-9.388961,-9.578345,-9.705965,-10.692115,-6.8216376,-6.6920695,2022-06-08,AAPL,-0.005056134
1610,-9.587687,-9.619452,-10.3477545,-10.218109,-9.408661,-9.322083,-10.193971,-10.017425,-7.402384,-7.3920035,2022-06-09,AAPL,-0.036617994
1611,-9.391962,-9.494869,-10.329822,-9.888661,-9.2772255,-9.413336,-10.550618,-9.605561,-7.226139,-7.197394,2022-06-10,AAPL,-0.03939459
1612,-8.936164,-8.95532,-9.772178,-9.504326,-9.065045,-9.202537,-10.31243,-9.403676,-6.365828,-6.877866,2022-06-13,AAPL,-0.039036963
1613,-8.403013,-8.4787035,-9.033469,-9.163046,-8.701481,-8.477413,-9.359697,-9.430821,-5.0503507,-6.4316454,2022-06-14,AAPL,0.0066505685
1614,-8.782069,-8.800395,-9.442956,-9.508552,-8.717061,-8.804555,-9.324052,-9.504493,-6.2148366,-6.147688,2022-06-15,AAPL,0.019911915
1615,-8.055641,-8.052079,-8.607078,-8.913949,-8.097221,-8.024898,-8.584918,-9.049238,-3.0237548,-4.0873938,2022-06-16,AAPL,-0.04045902
1616,-8.70264,-8.706932,-9.441504,-9.352068,-8.874863,-8.935332,-9.795565,-9.382757,-6.0134077,-6.5967784,2022-06-17,AAPL,0.011467139
1617,-8.520279,-8.606894,-9.118075,-9.318835,-8.573002,-8.791652,-9.016418,-9.599775,-5.485372,-5.4713306,2022-06-21,AAPL,0.032235526
1618,-9.286061,-9.260503,-9.738756,-10.296416,-9.036193,-9.243232,-9.228672,-10.77865,-6.4291716,-5.0491133,2022-06-22,AAPL,-0.0038345302
1619,-8.971036,-8.992332,-9.589198,-9.745249,-8.964084,-9.043667,-9.521147,-9.814793,-6.16427,-6.660038,2022-06-23,AAPL,0.02134428
1620,-9.023821,-9.045132,-9.706206,-9.727844,-9.321978,-9.288805,-9.940403,-10.095881,-6.4702454,-7.4459157,2022-06-24,AAPL,0.024221525
1621,-9.573039,-9.597354,-10.09677,-10.470274,-9.305735,-9.307319,-9.597947,-10.678555,-6.970611,-6.5778785,2022-06-27,AAPL,0.0
1622,-9.443578,-9.398744,-10.144384,-10.129121,-9.462617,-9.474045,-10.190425,-10.122263,-6.6885767,-7.6855564,2022-06-28,AAPL,-0.030242363
1623,-9.38819,-9.422645,-10.305521,-9.898321,-9.173664,-9.440401,-10.100684,-9.677399,-7.2874603,-6.399662,2022-06-29,AAPL,0.012939784
1624,-8.91071,-8.969165,-9.451288,-9.783966,-8.965977,-8.921189,-9.454959,-9.915952,-6.025262,-6.5980334,2022-06-30,AAPL,-0.018192204
1625,-8.529641,-8.585329,-9.170319,-9.278162,-8.457373,-8.531891,-9.174084,-9.127497,-4.904519,-5.840761,2022-07-01,AAPL,0.016035171
1626,-8.903615,-9.00235,-9.461853,-9.752751,-8.917138,-8.994342,-9.45701,-9.79138,-5.287216,-6.2760434,2022-07-05,AAPL,0.018753447
1627,-9.043247,-9.059906,-9.612854,-9.877375,-8.901857,-8.795522,-9.243552,-10.141681,-6.646696,-6.372466,2022-07-06,AAPL,0.009561378
1628,-8.804825,-8.976448,-9.399278,-9.607482,-8.703105,-8.618749,-9.210117,-9.625142,-5.6601233,-5.8919673,2022-07-07,AAPL,0.02371598
1629,-9.583962,-9.598597,-10.024421,-10.616055,-9.989107,-10.240648,-10.229786,-11.531317,-6.0483694,-7.7569623,2022-07-08,AAPL,0.0047036456
1630,-9.791013,-9.835228,-10.369463,-10.613735,-9.528896,-9.560824,-10.055024,-10.42266,-8.035913,-8.045372,2022-07-11,AAPL,-0.01486787
1631,-9.755158,-9.793661,-10.607535,-10.310978,-9.73985,-9.987007,-10.559536,-10.3206835,-7.4532604,-7.8035064,2022-07-12,AAPL,0.006810469
1632,-9.283056,-9.295755,-9.92024,-10.035481,-8.870013,-8.86897,-9.431299,-9.715088,-6.9628,-6.2678576,2022-07-13,AAPL,-0.0025399018
1633,-8.540221,-8.530931,-9.103521,-9.382627,-8.277195,-8.374247,-8.691524,-9.358312,-4.9456944,-4.489633,2022-07-14,AAPL,0.020275561
1634,-9.076731,-9.097787,-9.573885,-10.013883,-9.321023,-9.3328085,-9.682338,-10.514249,-6.4167476,-7.5907664,2022-07-15,AAPL,0.011385068
1635,-9.352846,-9.4672365,-9.949563,-10.152723,-9.647007,-9.757324,-10.435363,-10.253225,-6.2516036,-7.5769687,2022-07-18,AAPL,-0.020859322
1636,-9.335551,-9.3403225,-10.103686,-9.9589405,-9.372894,-9.774972,-10.910669,-9.614783,-6.766812,-6.3404617,2022-07-19,AAPL,0.026371174
1637,-9.775714,-9.75746,-10.3441925,-10.611312,-9.823569,-9.839723,-10.188447,-11.008655,-8.226091,-8.489043,2022-07-20,AAPL,0.013419488
1638,-9.545382,-9.55932,-10.166557,-10.316081,-9.411396,-9.47008,-9.920655,-10.330038,-7.7443914,-7.377437,2022-07-21,AAPL,0.014981311
1639,-9.223166,-9.333965,-9.891651,-9.941598,-9.348564,-9.325146,-10.115139,-9.973307,-6.1134725,-7.0764623,2022-07-22,AAPL,-0.008143788
1640,-9.387339,-9.420343,-10.050752,-10.111129,-9.540404,-9.761306,-10.412139,-10.082074,-7.169699,-7.649806,2022-07-25,AAPL,-0.0074257767
1641,-9.689896,-9.63049,-10.502155,-10.276617,-9.756476,-9.627151,-10.509086,-10.3934965,-7.421617,-7.8595743,2022-07-26,AAPL,-0.008865598
1642,-10.067827,-10.198925,-10.7514515,-10.770584,-10.369711,-10.463778,-11.283599,-10.882136,-8.242373,-9.471355,2022-07-27,AAPL,0.033661857
1643,-9.392762,-9.44009,-9.779394,-10.530135,-9.131796,-9.138287,-9.378124,-10.653522,-6.30371,-6.142388,2022-07-28,AAPL,0.003565293
1644,-9.626554,-9.563769,-10.380848,-10.262074,-9.673868,-9.557974,-10.448393,-10.291762,-7.672293,-8.077351,2022-07-29,AAPL,0.032266915
1645,-9.163875,-9.049348,-9.719589,-10.016395,-8.881547,-8.818108,-9.6068535,-9.543536,-6.3198366,-6.101241,2022-08-01,AAPL,-0.006172478
1646,-9.540126,-9.556465,-10.098342,-10.38929,-9.551585,-9.474686,-10.069674,-10.457076,-7.1686115,-7.84752,2022-08-02,AAPL,-0.009330747
1647,-9.496109,-9.495433,-10.218428,-10.16091,-9.527645,-9.55681,-10.2686825,-10.17509,-7.5503545,-7.9502287,2022-08-03,AAPL,0.0375343
1648,-9.695039,-9.720766,-10.104719,-10.78527,-9.610981,-9.714427,-9.767969,-11.54002,-7.273176,-7.0093474,2022-08-04,AAPL,-0.0019280598
1649,-9.62809,-9.590839,-10.352037,-10.291354,-9.612585,-9.514865,-10.171544,-10.460757,-7.383951,-7.0538588,2022-08-05,AAPL,-0.0013880928
1650,-9.689015,-9.791687,-10.166413,-10.657638,-9.885532,-9.995972,-10.403869,-10.790656,-7.6115837,-8.235835,2022-08-08,AAPL,-0.0029071548
1651,-9.598652,-9.617384,-10.2755995,-10.308263,-9.453882,-9.44488,-10.213084,-10.085066,-7.6036797,-7.4722023,2022-08-09,AAPL,0.00030322326
1652,-9.8112955,-9.915751,-10.367372,-10.663329,-10.140433,-10.071499,-10.690149,-11.001078,-7.7229557,-9.050917,2022-08-10,AAPL,0.025857318
1653,-9.767882,-9.8014145,-10.409323,-10.5155525,-10.079155,-9.932912,-10.740057,-10.805616,-6.8877473,-8.807703,2022-08-11,AAPL,-0.004441425
1654,-9.866641,-9.820679,-10.571018,-10.548678,-10.250546,-10.178845,-11.223341,-10.725397,-7.795636,-9.640825,2022-08-12,AAPL,0.021199303
1655,-10.350961,-10.3399105,-10.877867,-11.243597,-10.548902,-10.563991,-10.892141,-11.784929,-8.825953,-9.34686,2022-08-15,AAPL,0.0063135545
1656,-10.346934,-10.329837,-10.891545,-11.214588,-10.394388,-10.333551,-10.872525,-11.361798,-8.85702,-9.041035,2022-08-16,AAPL,-0.00092426786
1657,-10.221792,-10.26223,-10.927683,-10.90235,-10.2853775,-10.241218,-10.998073,-10.959347,-9.135262,-9.691378,2022-08-17,AAPL,0.008746244
1658,-9.459484,-9.542452,-10.027955,-10.295094,-9.693454,-9.826335,-10.24142,-10.556496,-7.090225,-8.324536,2022-08-18,AAPL,-0.0022942368
1659,-9.982362,-10.028635,-10.652518,-10.699037,-10.054339,-9.899897,-10.713395,-10.782777,-8.116654,-8.818718,2022-08-19,AAPL,-0.015217119
1660,-10.069608,-10.16102,-10.781342,-10.744503,-10.465718,-10.277302,-11.428321,-10.946814,-8.299025,-9.886747,2022-08-22,AAPL,-0.023298703
1661,-10.2356,-10.278508,-11.115731,-10.771276,-10.343235,-10.511673,-11.569117,-10.690661,-8.822235,-9.148911,2022-08-23,AAPL,-0.0020310641
1662,-9.820844,-9.776488,-10.430513,-10.605072,-9.655216,-9.745242,-10.150442,-10.595368,-8.117743,-7.820086,2022-08-24,AAPL,0.0017923294
1663,-10.143671,-10.123618,-10.866485,-10.808002,-10.340929,-10.326521,-11.093453,-10.978022,-8.728799,-9.523118,2022-08-25,AAPL,0.014812453
1664,-10.280819,-10.318383,-10.885313,-11.071244,-10.375563,-10.350311,-10.985828,-11.15908,-9.273053,-9.48299,2022-08-26,AAPL,-0.038428225
1665,-9.038402,-9.228828,-9.85344,-9.622913,-8.810053,-8.705255,-9.76186,-9.297881,-5.3599243,-5.63321,2022-08-29,AAPL,-0.013784833
1666,-9.263182,-9.253879,-9.888022,-10.029643,-9.102327,-9.196641,-9.609236,-10.024522,-7.0630565,-6.6014223,2022-08-30,AAPL,-0.015423828
1667,-9.2532215,-9.276807,-10.003339,-9.8924675,-9.266324,-9.276142,-10.219696,-9.75317,-7.1606708,-7.3204165,2022-08-31,AAPL,-0.010691905
1668,-9.273583,-9.476732,-10.149493,-9.8122635,-9.307065,-9.528044,-10.558945,-9.643889,-6.5182242,-6.4392095,2022-09-01,AAPL,0.004695738
1669,-9.093963,-9.212969,-9.754807,-9.820489,-9.182414,-9.301887,-9.841298,-9.911038,-6.5444517,-7.237643,2022-09-02,AAPL,-0.013704521
1670,-9.123031,-9.182336,-10.058503,-9.621268,-9.230344,-9.20499,-10.34293,-9.628893,-6.8519187,-7.40852,2022-09-06,AAPL,-0.008249064
1671,-9.050032,-9.033021,-9.79125,-9.6973095,-9.192944,-9.318344,-9.96418,-9.813658,-6.6922092,-7.2848816,2022-09-07,AAPL,0.009211312
1672,-9.382293,-9.341701,-10.1521435,-10.004201,-9.618353,-9.567225,-10.145798,-10.510218,-7.024515,-8.256341,2022-09-08,AAPL,-0.009664401
1673,-9.133566,-9.147073,-9.893198,-9.764374,-9.166865,-9.066496,-10.019805,-9.722268,-6.7146277,-7.0398917,2022-09-09,AAPL,0.018664557
1674,-10.033866,-10.211763,-10.643885,-10.817678,-10.086798,-9.964869,-10.693448,-10.874633,-8.410107,-9.031952,2022-09-12,AAPL,0.037785042
1675,-9.730587,-9.755542,-10.19319,-10.723871,-9.669693,-9.751765,-9.993078,-10.955936,-8.081106,-8.0884695,2022-09-13,AAPL,-0.06047166
1676,-9.225812,-9.285667,-10.0604925,-9.794995,-9.7635355,-9.716954,-11.470795,-9.963647,-6.7671375,-8.316009,2022-09-14,AAPL,0.009510018
1677,-9.197549,-9.218331,-9.773128,-10.02395,-9.206911,-9.224358,-9.758112,-10.0655365,-6.941375,-7.126715,2022-09-15,AAPL,-0.019111346
1678,-9.175586,-9.148002,-9.915232,-9.824298,-9.419659,-9.441339,-10.496356,-9.836262,-6.7325897,-7.414843,2022-09-16,AAPL,-0.011020668
1679,-9.084087,-9.0202265,-9.838702,-9.719326,-9.146174,-9.067777,-9.9203615,-9.7643585,-6.759124,-7.22838,2022-09-19,AAPL,0.024773533
1680,-9.404618,-9.421578,-9.893244,-10.355159,-9.567675,-9.519401,-9.902389,-10.82484,-7.4299083,-8.152188,2022-09-20,AAPL,0.0155440215
1681,-9.265054,-9.310663,-9.817848,-10.121518,-9.2809305,-9.516269,-9.669792,-10.413597,-7.2803288,-7.349622,2022-09-21,AAPL,-0.020475894
1682,-8.123823,-8.163432,-9.111061,-8.59,-7.842418,-8.1981535,-9.023806,-8.20893,-3.1441681,-2.9486227,2022-09-22,AAPL,-0.006395636
1683,-9.002196,-9.173101,-9.738181,-9.654264,-8.999955,-8.963939,-9.680339,-9.70603,-6.1455564,-6.904044,2022-09-23,AAPL,-0.0152392695
1684,-9.249005,-9.214632,-9.947284,-9.937044,-9.343203,-9.217817,-10.164002,-9.9231615,-7.1323624,-7.7350273,2022-09-26,AAPL,0.002257637
1685,-8.826796,-8.860528,-9.41228,-9.64061,-8.696229,-8.820105,-9.174549,-9.663348,-6.156356,-5.79276,2022-09-27,AAPL,0.006544829
1686,-8.929006,-8.981961,-9.588721,-9.656739,-8.642857,-8.997635,-9.372532,-9.300762,-6.111575,-5.721086,2022-09-28,AAPL,-0.012732267
1687,-8.545957,-8.542675,-9.230312,-9.247972,-8.728839,-8.6170025,-9.501117,-9.3486595,-5.19493,-6.1342654,2022-09-29,AAPL,-0.05036642
1688,-8.866047,-8.857299,-9.600641,-9.519396,-8.956233,-8.978164,-10.259437,-9.27322,-6.469908,-6.37635,2022-09-30,AAPL,-0.030499728
1689,-8.711193,-8.672452,-9.4584055,-9.353047,-8.584965,-8.542533,-9.572377,-9.051039,-5.794036,-5.214447,2022-10-03,AAPL,0.030289149
1690,-9.14005,-9.114,-9.71995,-9.960926,-9.563647,-9.4228,-9.844386,-10.971058,-6.312924,-8.07959,2022-10-04,AAPL,0.025300257
1691,-9.517308,-9.555775,-10.122853,-10.306473,-9.496143,-9.434313,-9.977473,-10.458372,-7.4553056,-7.7969537,2022-10-05,AAPL,0.0020512827
1692,-9.373964,-9.474354,-10.025674,-10.110337,-9.027014,-9.122152,-9.609731,-9.844316,-7.2778826,-6.6755347,2022-10-06,AAPL,-0.0066477302
1693,-9.179829,-9.184693,-9.884954,-9.861136,-9.226048,-9.304535,-9.925035,-9.913387,-6.8096094,-7.020855,2022-10-07,AAPL,-0.037409797
1694,-9.555601,-9.677703,-10.286012,-10.212821,-9.712239,-9.730881,-10.576477,-10.259333,-7.4528427,-7.9363756,2022-10-10,AAPL,0.0023528584
1695,-9.0639105,-9.082587,-9.766376,-9.747825,-8.885964,-8.924986,-9.518342,-9.643813,-6.741528,-6.2876186,2022-10-11,AAPL,-0.010307894
1696,-9.067481,-9.028409,-9.794476,-9.727888,-9.317161,-9.454922,-10.02311,-9.997664,-6.880898,-7.0648518,2022-10-12,AAPL,-0.0046156147
1697,-9.276545,-9.256298,-9.991041,-9.948787,-9.499616,-9.674302,-10.026723,-10.391967,-6.8323107,-7.177489,2022-10-13,AAPL,0.033060275
1698,-7.946694,-8.143042,-8.322449,-9.107514,-8.205996,-8.4821415,-8.433876,-9.796705,-3.14448,-4.5026402,2022-10-14,AAPL,-0.032771174
1699,-8.679066,-8.742139,-9.622804,-9.172003,-8.548345,-8.828287,-10.22469,-8.755437,-5.49057,-5.0646977,2022-10-17,AAPL,0.028706698
1700,-9.613648,-9.680223,-10.249288,-10.36781,-9.458643,-9.767876,-9.928736,-10.43932,-7.6162376,-7.4716716,2022-10-18,AAPL,0.009365458
1701,-8.374449,-8.581458,-9.257693,-8.9079275,-8.17158,-8.268219,-9.442251,-8.500978,-4.200354,-3.8557117,2022-10-19,AAPL,0.00076492474
1702,-8.946019,-9.116341,-9.353544,-10.040523,-8.852774,-9.282503,-9.195805,-10.089322,-5.051736,-5.025425,2022-10-20,AAPL,-0.0032724137
1703,-9.051474,-9.258614,-9.517311,-10.039284,-9.012397,-9.0519905,-9.525324,-9.925542,-4.997282,-6.557086,2022-10-21,AAPL,0.026699446
1704,-9.03505,-9.07991,-9.58236,-9.898992,-9.194616,-9.106527,-9.624067,-10.246913,-6.206566,-7.3351593,2022-10-24,AAPL,0.014694252
1705,-8.850668,-8.890182,-9.373063,-9.749849,-8.935412,-8.86496,-9.594359,-9.66397,-5.3033414,-6.096745,2022-10-25,AAPL,0.019152977
1706,-9.744272,-9.762664,-10.341526,-10.543489,-9.725892,-9.804132,-10.092182,-10.907776,-7.858564,-7.1729774,2022-10-26,AAPL,-0.01982232
1707,-9.000014,-9.026422,-9.753587,-9.636178,-9.037804,-8.865109,-9.915793,-9.575001,-5.829889,-6.898804,2022-10-27,AAPL,-0.030939065
1708,-8.85201,-8.955782,-9.592545,-9.499913,-8.826169,-8.782455,-9.8450985,-9.273989,-5.5728455,-6.374373,2022-10-28,AAPL,0.07283447
1709,-8.327209,-8.618757,-8.631666,-9.664803,-8.285972,-8.374483,-8.433268,-10.274027,-3.2349524,-4.3170485,2022-10-31,AAPL,-0.015530272
1710,-8.912918,-9.081033,-9.680595,-9.536706,-9.212835,-9.257499,-10.1325245,-9.721399,-5.515447,-6.770508,2022-11-01,AAPL,-0.017698413
1711,-9.266558,-9.294821,-10.337287,-9.686259,-9.319502,-9.247858,-10.982116,-9.52978,-6.8952084,-6.671915,2022-11-02,AAPL,-0.038018648
1712,-7.7189035,-7.875997,-8.603765,-8.251245,-7.9930544,-8.213342,-8.783749,-8.597329,-1.86197,-3.7715914,2022-11-03,AAPL,-0.043330368
1713,-8.984313,-8.927399,-9.704289,-9.65133,-8.524211,-8.553159,-9.221893,-9.212842,-6.5340714,-5.595439,2022-11-04,AAPL,-0.0019460167
1714,-8.133048,-8.09376,-8.912129,-8.747064,-7.598342,-7.9038324,-8.559697,-8.0802145,-4.657939,-3.2884967,2022-11-07,AAPL,0.0038947037
1715,-8.830606,-8.889933,-9.545465,-9.5025015,-9.098809,-9.172491,-9.858259,-9.729776,-5.336574,-6.338322,2022-11-08,AAPL,0.0041663735
1716,-8.820425,-8.886918,-9.765328,-9.312619,-8.741578,-8.9676,-9.880896,-9.1272955,-5.6925282,-5.82649,2022-11-09,AAPL,-0.03375325
1717,-9.22955,-9.247322,-10.090327,-9.779173,-9.3252735,-9.519451,-10.198117,-9.866148,-6.7220125,-7.1510935,2022-11-10,AAPL,0.08523649
1718,-8.886192,-8.880188,-9.476216,-9.694332,-8.802037,-9.22893,-9.039392,-10.356565,-6.057853,-5.6469603,2022-11-11,AAPL,0.01908545
1719,-8.72966,-8.673413,-9.3463955,-9.505542,-8.980747,-9.03028,-9.604729,-9.748201,-5.530301,-6.5429907,2022-11-14,AAPL,-0.009530913
1720,-9.316414,-9.341258,-10.079952,-9.943799,-9.569572,-9.669415,-10.3511,-10.181518,-7.0587864,-7.4958987,2022-11-15,AAPL,0.011799547
1721,-8.503411,-8.539994,-9.173236,-9.220437,-8.7167015,-8.64008,-9.477547,-9.346442,-5.4976616,-6.3137174,2022-11-16,AAPL,-0.008366009
1722,-9.418051,-9.524088,-10.083279,-10.139917,-9.366509,-9.494051,-10.178821,-9.953191,-6.563703,-7.194341,2022-11-17,AAPL,0.012887895
1723,-9.318788,-9.410668,-9.762943,-10.344234,-9.344961,-9.587969,-9.617324,-10.778668,-6.7238417,-7.373458,2022-11-18,AAPL,0.003774714
1724,-9.262653,-9.344583,-10.129151,-9.8081045,-9.158218,-9.3435335,-10.243917,-9.570201,-6.767299,-6.5070233,2022-11-21,AAPL,-0.021918686
1725,-9.709659,-9.81378,-10.55117,-10.273633,-9.726463,-9.997899,-10.846299,-10.121481,-7.54028,-7.510234,2022-11-22,AAPL,0.014554735
1726,-10.089317,-10.168437,-10.621315,-10.974661,-10.170087,-10.166124,-10.724329,-11.024589,-8.256266,-8.606629,2022-11-23,AAPL,0.005908731
1727,-9.501596,-9.507526,-10.051107,-10.362525,-9.585328,-9.800031,-9.997515,-10.670628,-6.345218,-7.1625023,2022-11-25,AAPL,-0.019788064
1728,-10.352561,-10.5315275,-11.1206,-10.976031,-10.137937,-10.279487,-11.0547285,-10.648424,-7.9220867,-7.29747,2022-11-28,AAPL,-0.02661533
1729,-9.819038,-9.922697,-10.477328,-10.548298,-9.759816,-10.088119,-10.3591385,-10.556508,-7.684398,-7.5051928,2022-11-29,AAPL,-0.021375073
1730,-9.173242,-9.205041,-10.093832,-9.681209,-9.00098,-9.196294,-10.5352125,-9.243842,-6.6562757,-5.733542,2022-11-30,AAPL,0.047450118
1731,-8.790628,-8.957338,-9.19292,-9.895616,-8.680349,-8.799919,-8.872052,-10.426477,-5.2778854,-5.428464,2022-12-01,AAPL,0.0018897218
1732,-9.225318,-9.353281,-10.0388975,-9.810988,-9.509743,-9.564965,-10.381497,-10.051398,-6.346014,-7.7155743,2022-12-02,AAPL,-0.0033770124
1733,-9.463526,-9.470769,-9.980315,-10.370934,-9.679207,-9.68564,-10.195766,-10.586954,-7.288083,-8.009294,2022-12-05,AAPL,-0.008015258
1734,-9.206533,-9.192762,-9.90106,-9.898301,-8.903794,-8.991278,-9.436684,-9.787874,-6.589601,-5.517878,2022-12-06,AAPL,-0.025697345
1735,-9.389722,-9.401421,-10.315049,-9.894567,-9.505635,-9.523753,-10.787872,-9.830555,-7.509923,-8.009735,2022-12-07,AAPL,-0.013880794
1736,-8.833988,-8.90392,-9.561313,-9.494086,-9.00515,-8.929863,-9.834428,-9.578495,-5.611321,-6.3722215,2022-12-08,AAPL,0.01205981
1737,-9.336341,-9.347412,-10.120766,-9.9458475,-9.354636,-9.315442,-10.067985,-10.02798,-6.9569182,-7.7664943,2022-12-09,AAPL,-0.0034408937
1738,-9.078658,-9.101691,-9.750947,-9.793106,-9.188698,-9.27498,-9.860813,-9.903326,-6.3363953,-6.622628,2022-12-12,AAPL,0.016257117
1739,-9.676082,-9.710421,-10.328432,-10.411758,-9.533673,-9.798988,-10.159174,-10.299375,-7.8240256,-7.5079293,2022-12-13,AAPL,0.006759579
1740,-8.610866,-8.610856,-9.4479065,-9.178242,-8.497118,-8.588467,-9.692846,-8.8573475,-6.030331,-5.733045,2022-12-14,AAPL,-0.015657796
1741,-8.191038,-8.268968,-9.149929,-8.674438,-7.9493403,-8.415341,-9.255811,-8.265112,-3.578255,-3.1906145,2022-12-15,AAPL,-0.04798747
1742,-9.154724,-9.117336,-10.022523,-9.699233,-9.261656,-9.455376,-10.535432,-9.589844,-6.5941086,-7.275387,2022-12-16,AAPL,-0.0146860685
1743,-8.84108,-8.918507,-9.357889,-9.748459,-8.830303,-9.11254,-9.658325,-9.404622,-4.5707755,-5.631686,2022-12-19,AAPL,-0.016037514
1744,-9.213264,-9.222261,-10.14635,-9.713047,-9.080717,-9.145275,-10.282926,-9.4381485,-6.810714,-6.278546,2022-12-20,AAPL,-0.0005289606
1745,-8.736578,-8.793605,-9.425194,-9.434277,-8.78029,-8.890379,-9.429159,-9.519765,-5.5252523,-5.7263246,2022-12-21,AAPL,0.023530498
1746,-9.132173,-9.196937,-9.660553,-10.022693,-9.096564,-9.035926,-9.503914,-10.191417,-6.3608465,-6.674834,2022-12-22,AAPL,-0.024059737
1747,-9.068212,-9.101252,-9.887409,-9.649432,-8.974662,-9.200521,-10.099025,-9.367496,-6.281291,-6.1996546,2022-12-23,AAPL,-0.002802077
1748,-8.743785,-8.690009,-9.470276,-9.404662,-9.052376,-9.013877,-9.696712,-9.796838,-5.638343,-6.8371515,2022-12-27,AAPL,-0.013975561
1749,-9.372085,-9.54048,-10.240699,-9.916003,-9.6320505,-9.609575,-10.643002,-10.084405,-6.365964,-7.6696815,2022-12-28,AAPL,-0.031165875
1750,-9.044819,-9.051729,-9.835185,-9.649366,-8.9683895,-9.333534,-10.137998,-9.34016,-6.28443,-6.3746724,2022-12-29,AAPL,0.027930625
1751,-9.2996855,-9.264519,-9.869431,-10.133632,-9.523044,-9.593987,-9.932506,-10.613705,-6.348271,-7.611658,2022-12-30,AAPL,0.0024659024
1752,-9.500325,-9.618443,-10.136337,-10.254067,-9.588386,-9.627224,-10.117892,-10.477289,-7.306702,-7.794775,2023-01-03,AAPL,-0.038122263
1753,-8.511177,-8.584505,-9.4377,-9.015239,-8.516357,-8.361145,-9.899571,-8.805068,-5.164194,-5.3648524,2023-01-04,AAPL,0.010261395
1754,-8.424712,-8.33731,-9.135743,-9.100288,-8.790214,-8.802904,-9.593487,-9.384168,-5.192164,-6.2284164,2023-01-05,AAPL,-0.010661252
1755,-8.958888,-9.020785,-9.750599,-9.562319,-8.836885,-9.354023,-9.752735,-9.348005,-5.7279243,-5.1977925,2023-01-06,AAPL,0.036133368
1756,-8.863928,-8.834357,-9.484408,-9.635439,-8.54814,-8.392073,-9.093779,-9.414381,-5.9414773,-5.2713995,2023-01-09,AAPL,0.0040805386
1757,-9.346658,-9.504139,-9.869006,-10.245908,-9.665883,-9.771336,-10.2792425,-10.445737,-5.8843317,-7.970774,2023-01-10,AAPL,0.0044464963
1758,-8.930174,-9.030442,-9.541216,-9.712772,-9.038398,-9.00713,-9.696827,-9.76751,-5.7727304,-6.4757504,2023-01-11,AAPL,0.020892441
1759,-9.521521,-9.519082,-10.166689,-10.265062,-9.766149,-9.922041,-10.228529,-10.75981,-7.1533813,-8.04891,2023-01-12,AAPL,-0.00059947546
1760,-8.904938,-8.889411,-9.620917,-9.575761,-8.535491,-8.632111,-9.498278,-9.016479,-6.1424093,-5.300713,2023-01-13,AAPL,0.010068325
1761,-9.51808,-9.48546,-10.036123,-10.423637,-10.185672,-10.197436,-10.599035,-11.268665,-7.2993174,-9.193953,2023-01-17,AAPL,0.0087181935
1762,-9.392478,-9.455637,-10.06058,-10.111311,-9.276663,-9.174204,-9.770802,-10.218515,-7.087434,-6.904362,2023-01-18,AAPL,-0.0053844866
1763,-9.3423815,-9.460639,-10.148312,-9.934185,-9.5456,-9.542334,-10.287467,-10.192287,-7.1540537,-8.007782,2023-01-19,AAPL,0.00044365574
1764,-9.256232,-9.35435,-9.78058,-10.152575,-9.2902775,-9.1668005,-9.861718,-10.122021,-6.8045564,-7.2277374,2023-01-20,AAPL,0.019038431
1765,-9.517048,-9.473752,-10.20442,-10.216001,-9.686945,-9.947531,-10.322409,-10.441305,-7.2093153,-7.8135176,2023-01-23,AAPL,0.023228517
1766,-9.324648,-9.378331,-9.748812,-10.386876,-9.306051,-9.6600065,-9.619823,-10.617922,-6.470927,-7.0086837,2023-01-24,AAPL,0.010012776
1767,-9.512991,-9.493087,-10.079795,-10.350781,-9.457031,-9.671075,-10.00082,-10.325826,-7.3890686,-7.246516,2023-01-25,AAPL,-0.004711848
1768,-9.225833,-9.412855,-9.965716,-9.87433,-9.163972,-9.192113,-10.112873,-9.653632,-5.8799033,-6.627699,2023-01-26,AAPL,0.014694828
1769,-9.38713,-9.370124,-10.074143,-10.086446,-9.478715,-9.649849,-10.200453,-10.144064,-7.3053527,-7.4765496,2023-01-27,AAPL,0.013591572
1770,-9.439938,-9.500121,-9.885815,-10.462316,-9.437974,-9.647535,-9.785188,-10.664374,-7.0456495,-7.0308914,2023-01-30,AAPL,-0.020282425
1771,-9.458828,-9.499296,-10.316684,-10.010596,-9.594775,-9.571587,-10.291129,-10.284722,-7.231797,-7.3795815,2023-01-31,AAPL,0.008980533
1772,-9.451244,-9.513177,-9.995595,-10.319262,-9.302254,-9.31302,-9.754144,-10.314019,-6.6432714,-6.556814,2023-02-01,AAPL,0.007869707
1773,-8.734667,-8.67755,-9.379433,-9.478653,-8.6799555,-8.732682,-9.060302,-9.830779,-5.7538095,-5.1115584,2023-02-02,AAPL,0.0363922
1774,-9.163041,-9.232091,-9.756422,-9.96702,-9.31757,-9.506731,-9.760567,-10.345094,-6.5767984,-7.518464,2023-02-03,AAPL,0.024107024
1775,-8.02876,-8.121285,-8.474994,-9.050505,-8.028398,-8.197005,-8.265361,-9.584389,-3.626012,-4.183711,2023-02-06,AAPL,-0.01809147
1776,-9.313559,-9.274124,-10.0437355,-9.970995,-9.453398,-9.428328,-10.436058,-9.922302,-6.8943396,-7.431959,2023-02-07,AAPL,0.019061873
1777,-8.661621,-8.6705,-9.336994,-9.372863,-8.577382,-8.729772,-9.00561,-9.631965,-5.310221,-5.273707,2023-02-08,AAPL,-0.017810432
1778,-9.472,-9.428467,-10.267778,-10.072073,-9.432634,-9.456225,-10.433719,-9.890677,-7.6446466,-7.7727904,2023-02-09,AAPL,-0.0069355275
1779,-9.456224,-9.495897,-10.27253,-10.03973,-9.552024,-9.523145,-10.609128,-9.978905,-7.283888,-8.174111,2023-02-10,AAPL,0.00244944
1780,-9.203253,-9.241381,-9.791867,-10.013147,-9.674612,-9.7087755,-10.127344,-10.684904,-6.4400926,-7.8384027,2023-02-13,AAPL,0.018632041
1781,-9.883344,-9.810139,-10.455875,-10.713671,-10.223563,-10.252068,-10.574747,-11.440459,-8.410501,-9.3715925,2023-02-14,AAPL,-0.0042338446
1782,-9.190559,-9.3892765,-9.902946,-9.864828,-9.124009,-9.225779,-10.02148,-9.64758,-6.4405785,-6.6678267,2023-02-15,AAPL,0.013807628
1783,-9.525197,-9.791904,-10.305121,-10.138496,-9.496616,-9.650709,-10.203422,-10.176288,-6.3656707,-6.92299,2023-02-16,AAPL,-0.010484176
1784,-9.71381,-9.652421,-10.461374,-10.355346,-9.706933,-9.657155,-10.355727,-10.446487,-8.031847,-7.99076,2023-02-17,AAPL,-0.007575299
1785,-9.712405,-9.760652,-10.4236145,-10.387807,-9.661894,-9.696991,-10.491461,-10.235014,-7.877705,-7.605574,2023-02-21,AAPL,-0.027042143
1786,-10.055347,-10.089711,-10.825751,-10.676778,-10.243656,-10.271886,-11.064279,-10.823751,-8.713544,-9.143289,2023-02-22,AAPL,0.0028918276
1787,-9.253687,-9.235925,-9.976487,-9.918034,-9.502668,-9.429914,-10.189439,-10.202231,-6.810501,-8.220134,2023-02-23,AAPL,0.0032851761
1788,-9.896413,-9.9700365,-10.6968,-10.492712,-9.828674,-9.733357,-10.621464,-10.4312105,-8.609559,-8.381213,2023-02-24,AAPL,-0.018169424
1789,-9.99812,-9.923916,-10.702106,-10.680541,-10.2618685,-10.156442,-10.912587,-10.999318,-8.702749,-9.589772,2023-02-27,AAPL,0.008213738
1790,-9.993267,-10.132629,-10.637227,-10.738141,-10.348023,-10.644637,-11.074722,-11.008702,-8.210056,-9.155573,2023-02-28,AAPL,-0.003453767
1791,-10.202403,-10.274935,-10.995621,-10.8045845,-10.76873,-10.932843,-11.358026,-11.577766,-8.362183,-10.043647,2023-03-01,AAPL,-0.014348429
1792,-9.782955,-9.78153,-10.576832,-10.384594,-9.833036,-9.860324,-10.512637,-10.539912,-8.015806,-7.9825754,2023-03-02,AAPL,0.004120602
1793,-9.835932,-9.836337,-10.400918,-10.676109,-10.174443,-10.14955,-10.75087,-10.999752,-8.200738,-9.216927,2023-03-03,AAPL,0.0344885
1794,-9.698167,-9.747737,-10.321681,-10.466157,-10.119235,-10.096041,-10.4451,-11.399012,-7.5356607,-8.60775,2023-03-06,AAPL,0.018369604
1795,-9.740446,-9.745006,-10.433701,-10.433483,-9.643462,-9.651703,-10.496643,-10.198685,-7.6535945,-7.2367845,2023-03-07,AAPL,-0.014602623
1796,-9.443918,-9.407778,-10.212851,-10.066618,-9.30223,-9.785129,-10.386314,-9.715037,-7.0731564,-5.961699,2023-03-08,AAPL,0.008342414
1797,-9.814513,-9.78182,-10.434947,-10.586074,-10.03872,-9.960609,-10.689526,-10.776076,-7.884101,-8.624818,2023-03-09,AAPL,-0.0150269745
1798,-9.590724,-9.648495,-10.406976,-10.174271,-9.717662,-9.929575,-10.870708,-10.09698,-7.699602,-8.381894,2023-03-10,AAPL,-0.013975954
1799,-9.13647,-9.167878,-9.789635,-9.871263,-9.173262,-9.261155,-9.841854,-9.891581,-7.176434,-7.3373857,2023-03-13,AAPL,0.01317877
1800,-8.387159,-8.38707,-8.915972,-9.277062,-8.521291,-8.640875,-8.925619,-9.622179,-4.9141936,-5.4417353,2023-03-14,AAPL,0.013990857
1801,-9.371779,-9.321046,-10.063495,-10.066358,-9.091924,-9.1088505,-9.788653,-9.7815,-6.959368,-6.4307942,2023-03-15,AAPL,0.0026179738
1802,-9.085386,-9.127624,-9.704299,-9.858721,-9.222806,-9.517793,-9.619795,-10.338585,-6.877268,-6.703202,2023-03-16,AAPL,0.018521447
1803,-9.498345,-9.526349,-10.054314,-10.350525,-9.760332,-9.670516,-10.110806,-10.978916,-7.697346,-8.444211,2023-03-17,AAPL,-0.005468889
1804,-9.290153,-9.258896,-10.076437,-9.898101,-9.283786,-9.231607,-10.10218,-9.865639,-7.1214576,-7.1366134,2023-03-20,AAPL,0.015365219
1805,-9.557518,-9.586948,-10.158081,-10.352701,-9.761632,-9.866088,-10.237331,-10.733035,-7.442708,-7.9878535,2023-03-21,AAPL,0.0118733235
1806,-10.044031,-10.093925,-10.554383,-10.961028,-9.995295,-10.088342,-10.413297,-11.069289,-8.051862,-8.024107,2023-03-22,AAPL,-0.009145156
1807,-9.031848,-9.198422,-9.8517685,-9.612499,-9.163706,-9.086336,-10.077416,-9.676253,-5.870127,-6.841873,2023-03-23,AAPL,0.0069453493
1808,-9.146027,-9.236651,-9.692943,-10.010511,-9.585468,-9.663105,-10.361771,-10.201844,-6.3891034,-7.9004784,2023-03-24,AAPL,0.0082712425
1809,-9.745721,-9.7985735,-10.433337,-10.444427,-9.6778755,-9.918011,-10.263261,-10.491811,-7.8330626,-7.859809,2023-03-27,AAPL,-0.012369479
1810,-10.232741,-10.232008,-11.072426,-10.7981,-10.245066,-10.478537,-11.030799,-10.853473,-9.13779,-8.701403,2023-03-28,AAPL,-0.0039882306
1811,-10.448143,-10.460502,-11.194511,-11.090752,-10.433182,-10.82772,-11.579565,-10.815586,-9.485412,-8.634808,2023-03-29,AAPL,0.019597387
1812,-10.610749,-10.661676,-11.221098,-11.394165,-10.658438,-11.0766325,-11.03933,-11.808073,-9.693165,-9.677758,2023-03-30,AAPL,0.00984132
1813,-10.7085705,-10.735062,-11.395574,-11.40789,-10.806743,-10.753312,-11.326569,-11.70967,-9.793297,-10.058011,2023-03-31,AAPL,0.0155231375
1814,-10.602649,-10.517722,-11.058133,-11.608144,-10.610583,-10.712357,-10.933309,-11.898548,-9.039873,-9.466315,2023-04-03,AAPL,0.007672131
1815,-10.189683,-10.310188,-10.618406,-11.243334,-9.950579,-10.2733345,-10.2973385,-11.178071,-7.921086,-7.04471,2023-04-04,AAPL,-0.0032549757
1816,-10.315874,-10.303809,-10.998493,-11.019655,-10.304379,-10.1534395,-11.212572,-10.820636,-8.974497,-9.664194,2023-04-05,AAPL,-0.011354444
1817,-10.215237,-10.268968,-10.954136,-10.864629,-10.1776905,-10.114869,-11.0494175,-10.719363,-8.983328,-9.476799,2023-04-06,AAPL,0.0054808003
1818,-10.338363,-10.401109,-10.862075,-11.235621,-10.506202,-10.460313,-10.87468,-11.683154,-8.981006,-9.913514,2023-04-10,AAPL,-0.01610124
1819,-10.227229,-10.402389,-10.90799,-10.932912,-10.312303,-10.231396,-11.029523,-10.981936,-8.519652,-9.239317,2023-04-11,AAPL,-0.0076201465
1820,-10.527622,-10.590112,-11.409434,-11.062107,-10.689817,-10.520809,-11.646374,-11.174665,-9.412259,-10.246276,2023-04-12,AAPL,-0.004362737
1821,-9.79572,-9.851046,-10.601003,-10.388043,-9.87309,-9.79401,-10.878303,-10.328741,-8.059586,-8.5591,2023-04-13,AAPL,0.03353505
1822,-10.261744,-10.249077,-10.741569,-11.226407,-10.39646,-10.425141,-10.602155,-12.078887,-8.802302,-9.209777,2023-04-14,AAPL,-0.002116275
1823,-10.034754,-10.0903225,-10.689128,-10.768232,-9.976371,-9.849505,-10.701165,-10.638836,-8.532363,-8.413547,2023-04-17,AAPL,0.000121050725
1824,-10.445721,-10.631093,-11.315377,-10.988883,-11.055227,-11.069649,-11.886233,-11.627227,-8.737032,-10.773908,2023-04-18,AAPL,0.00747667
1825,-10.146564,-10.105287,-10.783092,-10.899723,-10.298575,-10.568837,-10.824518,-11.192602,-8.766192,-8.349722,2023-04-19,AAPL,0.0069440566
1826,-10.528944,-10.608048,-11.099643,-11.361643,-10.755944,-10.943355,-11.091988,-12.009765,-9.480065,-10.133413,2023-04-20,AAPL,-0.005863365
1827,-10.292031,-10.275227,-10.889716,-11.090717,-10.128753,-10.484296,-10.565686,-11.167245,-9.033992,-8.499663,2023-04-21,AAPL,-0.009829126
1828,-10.160492,-10.294987,-10.827784,-10.880175,-10.402609,-10.441138,-11.050614,-11.143025,-8.210848,-9.57623,2023-04-24,AAPL,0.0018767979
1829,-10.482575,-10.576942,-11.1543045,-11.197601,-10.610786,-10.521065,-11.431226,-11.191023,-9.270174,-9.602288,2023-04-25,AAPL,-0.009480472
1830,-10.086978,-10.008336,-10.81921,-10.742505,-10.167168,-10.221922,-10.848244,-10.872528,-8.284191,-8.763633,2023-04-26,AAPL,-6.10631e-05
1831,-9.959552,-9.997846,-10.488946,-10.848614,-10.142775,-10.177258,-10.669347,-11.035893,-7.2981358,-9.152035,2023-04-27,AAPL,0.02799954
1832,-10.31661,-10.475619,-10.753558,-11.355074,-10.466483,-10.635123,-10.819955,-11.67796,-7.525224,-9.3963995,2023-04-28,AAPL,0.007512828
1833,-10.132197,-10.130673,-10.834767,-10.816006,-10.140989,-9.970536,-10.894195,-10.777477,-8.536934,-8.940623,2023-05-01,AAPL,-0.0005305509
1834,-10.153251,-10.226011,-10.770878,-10.928084,-10.561347,-10.972393,-11.236977,-11.272317,-8.212835,-9.416059,2023-05-02,AAPL,-0.006210649
1835,-10.226172,-10.2195215,-11.135566,-10.741618,-10.433776,-10.3863945,-11.684278,-10.77115,-9.000174,-9.637663,2023-05-03,AAPL,-0.006488311
1836,-9.488836,-9.385813,-10.315357,-10.064321,-9.95742,-10.31922,-10.937144,-10.428084,-7.3470836,-8.208413,2023-05-04,AAPL,-0.009962872
1837,-9.522726,-9.471294,-10.112557,-10.331102,-9.849749,-9.838048,-10.529225,-10.556752,-7.3580213,-8.569576,2023-05-05,AAPL,0.04585905
1838,-9.647706,-9.767815,-10.132977,-10.603594,-9.409355,-9.371857,-9.716064,-10.7406435,-6.57259,-6.312846,2023-05-08,AAPL,-0.00040337685
1839,-10.008491,-10.0301895,-10.667178,-10.737324,-10.202333,-10.120333,-10.825475,-10.970753,-7.6430936,-8.558808,2023-05-09,AAPL,-0.0100212265
1840,-10.573362,-10.502064,-11.443546,-11.116143,-11.213082,-11.221298,-12.228805,-11.662708,-8.575974,-11.376,2023-05-10,AAPL,0.01033818
1841,-10.106577,-10.110996,-10.8022,-10.79725,-9.907462,-9.997267,-10.484697,-10.731735,-8.339092,-8.280164,2023-05-11,AAPL,0.0011229324
1842,-10.426088,-10.415763,-11.182629,-11.059616,-10.168261,-10.052643,-11.129374,-10.650279,-9.30936,-8.876091,2023-05-12,AAPL,-0.0054247594
1843,-10.569224,-10.569127,-11.386532,-11.151932,-10.705947,-10.717027,-11.620066,-11.218215,-9.980425,-10.126854,2023-05-15,AAPL,-0.0029015804
1844,-10.872086,-10.888678,-11.8262005,-11.3584585,-11.174388,-11.198321,-12.102545,-11.677368,-10.124162,-11.11363,2023-05-16,AAPL,0.0
1845,-10.775444,-10.783056,-11.476921,-11.46032,-10.886878,-10.878018,-11.5111885,-11.653942,-10.199619,-10.531345,2023-05-17,AAPL,0.0035967089
1846,-10.381431,-10.398262,-11.136279,-11.016458,-10.5126705,-10.464741,-11.146589,-11.268768,-9.173266,-9.92477,2023-05-18,AAPL,0.013573567
1847,-10.361713,-10.409641,-11.0547285,-11.054986,-10.162347,-10.299386,-10.698896,-11.041245,-9.422321,-9.131466,2023-05-19,AAPL,0.00062819454
1848,-10.316108,-10.281061,-11.128565,-10.902669,-10.517165,-10.61056,-11.430325,-11.030077,-9.289551,-9.867631,2023-05-22,AAPL,-0.0054957774
1849,-10.323934,-10.299817,-11.029527,-11.004782,-10.6498785,-10.821177,-11.324193,-11.362211,-8.685269,-9.928807,2023-05-23,AAPL,-0.015271005
1850,-10.378655,-10.357252,-11.279351,-10.900008,-10.736844,-10.657021,-11.788828,-11.166457,-8.874391,-10.352573,2023-05-24,AAPL,0.0016307516
1851,-10.228212,-10.373176,-10.782216,-11.083036,-10.292946,-10.604996,-10.755409,-11.286462,-8.554699,-8.960688,2023-05-25,AAPL,0.006669978
1852,-10.022852,-10.148713,-10.674211,-10.759606,-10.214176,-10.140527,-10.849144,-10.969091,-8.143954,-9.34144,2023-05-26,AAPL,0.014006314
1853,-10.40438,-10.462606,-10.914217,-11.322146,-10.722109,-10.892151,-11.030905,-12.047595,-9.222876,-9.026953,2023-05-30,AAPL,0.01060311
1854,-9.949148,-9.884101,-10.616983,-10.668259,-9.704892,-9.8167305,-10.351033,-10.447361,-8.357372,-7.436218,2023-05-31,AAPL,-0.00028204767
1855,-9.629351,-9.822214,-10.596982,-10.107355,-9.509673,-10.10558,-10.588837,-9.925004,-5.815221,-6.1175885,2023-06-01,AAPL,0.01589556
1856,-10.092945,-10.194056,-10.749167,-10.824428,-10.456839,-10.42476,-10.853612,-11.573052,-8.209294,-9.723206,2023-06-02,AAPL,0.004764024
1857,-10.1847315,-10.206123,-10.983441,-10.782398,-9.889119,-9.79722,-10.972501,-10.302284,-8.067756,-7.7451234,2023-06-05,AAPL,-0.0075999587
1858,-8.731054,-8.79414,-9.650231,-9.23996,-8.335761,-8.620361,-9.945225,-8.558898,-5.294742,-4.055698,2023-06-06,AAPL,-0.0020624886
1859,-9.681332,-9.795869,-10.637921,-10.1661625,-9.342998,-9.673594,-10.492467,-9.72397,-6.511896,-6.0109363,2023-06-07,AAPL,-0.0077865
1860,-9.615159,-9.581567,-10.24231,-10.378965,-9.375709,-10.051597,-9.705066,-10.64648,-7.362173,-5.685242,2023-06-08,AAPL,0.0153467115
1861,-10.210638,-10.268374,-10.780272,-11.044727,-10.6849375,-10.6866865,-11.160749,-11.656149,-8.404927,-10.549906,2023-06-09,AAPL,0.0021574982
1862,-10.09755,-10.171351,-10.897807,-10.6939535,-10.290351,-10.280234,-11.169501,-10.82672,-8.4340925,-9.425573,2023-06-12,AAPL,0.015517789
1863,-10.771046,-10.810466,-11.249046,-11.738675,-10.836695,-11.079885,-11.2044,-12.015377,-9.918947,-10.036145,2023-06-13,AAPL,-0.0026150928
1864,-10.061593,-10.038107,-10.617369,-10.914028,-10.204019,-10.555856,-10.54517,-11.44517,-8.143374,-7.8125916,2023-06-14,AAPL,0.0034852729
1865,-9.9098015,-9.943754,-10.6222315,-10.584027,-10.008528,-10.274526,-10.672985,-10.731207,-8.153687,-8.231996,2023-06-15,AAPL,0.0111364545
1866,-10.400413,-10.378729,-11.0348425,-11.155933,-10.80039,-10.8817005,-11.229644,-11.8530445,-9.457054,-10.357503,2023-06-16,AAPL,-0.0058771367
1867,-10.413415,-10.362431,-11.315982,-10.93349,-10.239236,-10.817832,-11.821332,-10.46933,-8.822498,-7.2759337,2023-06-20,AAPL,0.00048657856
1868,-10.398117,-10.338799,-10.967588,-11.232416,-10.070149,-10.336867,-10.415043,-11.302157,-9.217386,-7.1837907,2023-06-21,AAPL,-0.005691535
1869,-10.475701,-10.52442,-11.222233,-11.118163,-10.428767,-10.503166,-11.421313,-10.891802,-9.663473,-9.441181,2023-06-22,AAPL,0.016390273
1870,-10.458082,-10.503378,-10.953501,-11.397929,-10.272908,-10.481965,-10.6004305,-11.548392,-9.287111,-8.644358,2023-06-23,AAPL,-0.0017126958
1871,-10.325017,-10.331533,-11.065621,-10.972852,-10.559976,-10.517574,-11.217393,-11.290168,-8.550425,-9.593376,2023-06-26,AAPL,-0.0075817006
1872,-10.354511,-10.386768,-11.099335,-10.998516,-10.549757,-10.542771,-11.54611,-11.010554,-9.2994795,-9.889752,2023-06-27,AAPL,0.014946841
1873,-10.789232,-10.792541,-11.349119,-11.636157,-11.016636,-11.047636,-11.454834,-12.052814,-9.829338,-10.42589,2023-06-28,AAPL,0.0063078315
1874,-10.398458,-10.453634,-11.086399,-11.096831,-10.326479,-10.479258,-10.97381,-11.0676365,-9.196173,-9.149181,2023-06-29,AAPL,0.0017949535
1875,-10.305169,-10.468595,-10.957017,-11.041389,-10.559351,-10.89125,-11.059057,-11.492546,-7.8819866,-8.93296,2023-06-30,AAPL,0.022839662
1876,-10.547733,-10.484636,-11.119457,-11.379102,-10.782446,-10.832976,-11.161758,-11.935494,-8.8718605,-9.646906,2023-07-03,AAPL,-0.007815168
1877,-10.985491,-10.917911,-11.905438,-11.4938755,-11.400247,-11.404952,-12.658369,-11.73457,-9.779806,-10.983328,2023-07-05,AAPL,-0.005888654
1878,-10.403986,-10.439826,-11.0043125,-11.199453,-10.31835,-10.418333,-10.896378,-11.141607,-8.56473,-8.654155,2023-07-06,AAPL,0.0025056128
1879,-10.545065,-10.565956,-11.201398,-11.276425,-10.814469,-10.761038,-11.377396,-11.65736,-8.782815,-10.4593115,2023-07-07,AAPL,-0.0059086685
1880,-10.589281,-10.602106,-11.328937,-11.23798,-10.745318,-10.780487,-11.65034,-11.26372,-9.488272,-10.226234,2023-07-10,AAPL,-0.010915239
1881,-9.847466,-9.956382,-10.563052,-10.518663,-10.043014,-9.938386,-10.912243,-10.586487,-7.572344,-8.871959,2023-07-11,AAPL,-0.0028139867
1882,-10.404433,-10.332718,-11.243711,-10.970101,-10.168997,-10.266536,-11.104782,-10.66703,-8.99859,-8.541158,2023-07-12,AAPL,0.008945408
1883,-10.232186,-10.267198,-10.907925,-10.943045,-10.177947,-10.112901,-10.926767,-10.818352,-8.897203,-8.516364,2023-07-13,AAPL,0.0040493337
1884,-10.5363865,-10.515546,-11.304958,-11.159393,-10.968755,-10.929359,-11.763274,-11.569856,-8.958347,-10.406595,2023-07-14,AAPL,0.0007869266
1885,-10.672191,-10.8282385,-11.284084,-11.453773,-10.916283,-11.050269,-11.350254,-11.960195,-9.372131,-10.148328,2023-07-17,AAPL,0.017157538
1886,-10.596108,-10.747529,-11.109075,-11.509187,-10.702676,-10.923787,-10.937723,-12.265844,-9.012463,-9.247165,2023-07-18,AAPL,-0.0013411742
1887,-10.727205,-10.791813,-11.518453,-11.331014,-10.8607645,-10.785044,-11.655093,-11.462024,-9.565525,-10.604936,2023-07-19,AAPL,0.0070468104
1888,-8.991394,-9.102391,-9.483675,-9.936161,-9.016557,-9.012833,-9.329219,-10.331449,-4.7556343,-5.0742936,2023-07-20,AAPL,-0.010148711
1889,-10.114231,-10.177031,-10.879764,-10.739876,-9.966468,-10.221238,-10.903574,-10.46365,-8.799377,-8.387106,2023-07-21,AAPL,-0.006180714
1890,-10.082853,-10.125398,-10.913557,-10.655095,-10.371234,-10.40016,-11.278015,-10.888444,-7.9702563,-9.566889,2023-07-24,AAPL,0.004211189
1891,-10.476801,-10.496473,-11.207411,-11.133831,-10.116616,-10.418591,-10.706236,-10.925254,-9.06317,-8.082122,2023-07-25,AAPL,0.004503463
1892,-11.140884,-11.250103,-11.859923,-11.808779,-11.25391,-11.390059,-12.019481,-11.879512,-10.508552,-11.414461,2023-07-26,AAPL,0.004534688
1893,-10.025809,-9.983957,-10.664033,-10.777068,-10.0069,-10.448935,-10.569714,-10.849945,-8.596428,-7.835715,2023-07-27,AAPL,-0.006602727
1894,-10.082638,-10.083393,-10.880483,-10.681012,-10.044481,-10.115251,-10.880402,-10.612712,-8.831314,-8.809027,2023-07-28,AAPL,0.0134175
1895,-10.568521,-10.588596,-11.139756,-11.400524,-10.340396,-10.306014,-10.814941,-11.313693,-9.7919655,-9.586108,2023-07-31,AAPL,0.00316101
1896,-11.002001,-11.05056,-11.776451,-11.61995,-10.818873,-10.876639,-11.4118,-11.623403,-10.019404,-10.330309,2023-08-01,AAPL,-0.0043106265
1897,-10.942744,-11.001254,-11.6522,-11.619834,-11.091572,-11.057911,-11.878294,-11.699142,-9.74374,-11.053615,2023-08-02,AAPL,-0.015585667
1898,-10.364235,-10.451867,-11.254812,-10.892572,-10.153849,-10.127657,-11.320047,-10.527156,-9.1898775,-8.706156,2023-08-03,AAPL,-0.0073485672
1899,-10.061431,-10.261056,-10.942024,-10.596779,-10.323127,-10.347781,-10.973413,-11.061048,-7.6843433,-9.5870075,2023-08-04,AAPL,-0.049211346
1900,-8.91455,-8.918811,-9.550126,-9.668783,-8.766473,-8.70912,-9.527476,-9.396076,-4.972189,-4.961371,2023-08-07,AAPL,-0.017404275
1901,-9.170473,-9.370675,-10.301211,-9.560253,-9.273625,-9.454204,-10.650153,-9.564583,-4.863905,-6.227502,2023-08-08,AAPL,0.005297656
1902,-10.057647,-10.024853,-10.778527,-10.723804,-9.834485,-9.744284,-10.781101,-10.32559,-8.841931,-8.191715,2023-08-09,AAPL,-0.0089947255
1903,-10.146806,-10.1589,-11.0809145,-10.645923,-10.020763,-9.905146,-11.560666,-10.262071,-8.643015,-8.05292,2023-08-10,AAPL,-0.0012354
1904,-9.765874,-9.746021,-10.507616,-10.412676,-10.053658,-9.882034,-10.961883,-10.569893,-8.135917,-9.17328,2023-08-11,AAPL,0.00033707864
1905,-10.242517,-10.289029,-10.95327,-10.918358,-10.314285,-10.518317,-10.82397,-11.232283,-8.95168,-9.140644,2023-08-14,AAPL,0.009349263
1906,-10.354515,-10.423256,-10.951113,-11.154532,-10.3763685,-10.3116865,-10.812545,-11.416241,-8.894676,-9.432368,2023-08-15,AAPL,-0.011263463
1907,-10.702608,-10.691013,-11.5274935,-11.279361,-10.759693,-10.925616,-11.809245,-11.190615,-9.848538,-10.119677,2023-08-16,AAPL,-0.004971481
1908,-10.143542,-10.21329,-10.813381,-10.860549,-10.209431,-10.214362,-10.880059,-10.925611,-8.338581,-9.241329,2023-08-17,AAPL,-0.014662099
1909,-9.685891,-9.89514,-10.673596,-10.15179,-9.795527,-9.822487,-10.928982,-10.184014,-7.0049477,-8.114081,2023-08-18,AAPL,0.002812134
1910,-9.839955,-9.982531,-10.403845,-10.681578,-10.159889,-10.281598,-10.735898,-10.985733,-7.634654,-8.962885,2023-08-21,AAPL,0.007707057
1911,-10.375049,-10.359579,-11.102692,-11.034845,-10.368897,-10.387199,-11.061979,-11.062102,-9.171179,-9.260671,2023-08-22,AAPL,0.007873833
1912,-10.175547,-10.303201,-10.9948015,-10.756719,-10.539226,-10.657153,-11.375517,-11.10717,-8.620724,-9.729938,2023-08-23,AAPL,0.02171147
1913,-10.600171,-10.622531,-11.047624,-11.619742,-10.683772,-10.784761,-11.013314,-11.954059,-9.696769,-9.947035,2023-08-24,AAPL,-0.026519036
1914,-9.966829,-9.896557,-10.937673,-10.442869,-10.056038,-10.303324,-11.508008,-10.32275,-7.5250845,-8.112001,2023-08-25,AAPL,0.012563899
1915,-9.387713,-9.421931,-9.993049,-10.177129,-9.56757,-9.594628,-10.076393,-10.486868,-7.4757333,-7.5814395,2023-08-28,AAPL,0.008807192
1916,-10.118323,-10.24957,-10.945339,-10.69342,-10.510172,-10.662672,-11.267271,-11.143206,-8.029812,-9.302752,2023-08-29,AAPL,0.02157587
1917,-10.169179,-10.352022,-10.596886,-11.2247305,-10.243024,-10.508634,-10.535254,-11.615787,-8.011151,-8.585215,2023-08-30,AAPL,0.018990807
1918,-10.049503,-10.018287,-10.654707,-10.839075,-10.058568,-10.076537,-10.495148,-11.097706,-8.198087,-8.437706,2023-08-31,AAPL,0.0011717087
1919,-10.250512,-10.203158,-11.07759,-10.825562,-10.572597,-10.523776,-11.414992,-11.135899,-8.891416,-9.642586,2023-09-01,AAPL,0.008427686
1920,-10.38803,-10.346736,-11.189784,-10.983212,-10.505663,-10.420166,-11.376619,-11.04789,-8.688747,-9.4068775,2023-09-05,AAPL,0.0012659564
1921,-10.469573,-10.38774,-11.079492,-11.253504,-10.581298,-10.56416,-11.04456,-11.573453,-9.2988,-9.765382,2023-09-06,AAPL,-0.03644965
1922,-9.666886,-9.664383,-10.57426,-10.183699,-9.270557,-9.302658,-10.408667,-9.656842,-7.611912,-6.499963,2023-09-07,AAPL,-0.029685648
1923,-8.873873,-8.885795,-9.343335,-9.855604,-9.13218,-9.437907,-9.499442,-10.311874,-5.181887,-6.1296954,2023-09-08,AAPL,0.0034856952
1924,-9.848253,-9.869327,-10.501767,-10.5826645,-9.675375,-9.684358,-10.39182,-10.345752,-7.712898,-8.068867,2023-09-11,AAPL,0.006600684
1925,-10.114251,-10.119148,-10.944995,-10.6864605,-9.86098,-9.971709,-11.078322,-10.211976,-8.603351,-7.049521,2023-09-12,AAPL,-0.01720787
1926,-9.23635,-9.311307,-10.17151,-9.73479,-9.17006,-9.319541,-10.323783,-9.549067,-6.3019056,-7.161442,2023-09-13,AAPL,-0.011925621
1927,-9.452665,-9.437002,-10.245824,-10.054898,-9.755823,-9.780717,-10.680063,-10.26138,-6.6395493,-7.9718404,2023-09-14,AAPL,0.008744162
1928,-9.917626,-9.909766,-10.468821,-10.776258,-10.058022,-9.934382,-10.526899,-11.040724,-8.012956,-8.645347,2023-09-15,AAPL,-0.004162515
1929,-9.923817,-9.939019,-10.736228,-10.510416,-10.167666,-10.715116,-11.7230835,-10.40478,-7.663494,-7.3425527,2023-09-18,AAPL,0.01677188
1930,-9.953816,-9.876465,-10.573296,-10.726487,-9.926454,-10.574107,-10.205787,-11.338213,-7.6567907,-6.830835,2023-09-19,AAPL,0.006161794
1931,-10.357255,-10.246154,-10.923006,-11.196423,-10.5662985,-10.518325,-11.171716,-11.35561,-8.691608,-9.762679,2023-09-20,AAPL,-0.02019473
1932,-9.729776,-9.789979,-10.714266,-10.197587,-9.849188,-10.062661,-11.402675,-10.08682,-7.153418,-8.091853,2023-09-21,AAPL,-0.008929142
1933,-9.816468,-9.877441,-10.317529,-10.747584,-9.754639,-9.833881,-10.140775,-10.893062,-7.3614693,-7.2459106,2023-09-22,AAPL,0.0049323337
1934,-10.060918,-10.014219,-10.749883,-10.758261,-10.270461,-10.660588,-10.806603,-11.149934,-8.759569,-8.910434,2023-09-25,AAPL,0.007353184
1935,-9.875777,-9.860971,-10.373926,-10.811385,-10.091885,-10.063159,-10.484316,-11.217079,-7.2303634,-9.028803,2023-09-26,AAPL,-0.023676546
1936,-9.975087,-9.968515,-10.897015,-10.482168,-10.022924,-9.903031,-11.189686,-10.395978,-8.460334,-8.8956,2023-09-27,AAPL,-0.008937236
1937,-9.78136,-9.768027,-10.536842,-10.415827,-9.707684,-9.736287,-10.645855,-10.204182,-8.224375,-8.339366,2023-09-28,AAPL,0.0015243905
1938,-9.057806,-9.291868,-10.010147,-9.5453,-9.407429,-9.511364,-10.000269,-10.212075,-4.5820575,-7.4460936,2023-09-29,AAPL,0.0030418274
1939,-9.714214,-9.80545,-10.52563,-10.30161,-10.133146,-10.247597,-10.917863,-10.742405,-7.6478653,-9.03725,2023-10-02,AAPL,0.014726611
1940,-9.371148,-9.539992,-9.808202,-10.409426,-9.237627,-9.769007,-9.488976,-10.741583,-5.606569,-5.857981,2023-10-03,AAPL,-0.007800126
1941,-9.822394,-9.973791,-10.600242,-10.437455,-9.865906,-9.799734,-10.851454,-10.333085,-7.617652,-7.56851,2023-10-04,AAPL,0.0072820066
1942,-9.841757,-9.96193,-10.441323,-10.63815,-9.748074,-10.1526575,-10.154235,-10.84529,-8.060139,-7.4699225,2023-10-05,AAPL,0.0071721915
1943,-10.044444,-9.969447,-10.745058,-10.730176,-10.190209,-10.06387,-10.805002,-10.968371,-8.701391,-9.339538,2023-10-06,AAPL,0.014642714
1944,-9.819865,-9.888922,-10.480536,-10.546574,-10.08027,-10.198549,-10.541669,-11.0756,-7.3894515,-8.385151,2023-10-09,AAPL,0.008415669
1945,-10.233481,-10.2719555,-10.863153,-10.9944,-10.195886,-10.357059,-10.897383,-10.880747,-8.950851,-8.740455,2023-10-10,AAPL,-0.0033577736
1946,-10.1543045,-10.194241,-10.836332,-10.858691,-10.46344,-10.506367,-11.35411,-10.991713,-8.382848,-9.3371105,2023-10-11,AAPL,0.007872957
1947,-10.405556,-10.417887,-11.02207,-11.181692,-10.337495,-10.371435,-10.946258,-11.122803,-9.398185,-9.45525,2023-10-12,AAPL,0.005048414
1948,-10.07875,-10.074294,-10.696125,-10.853879,-10.118883,-10.105634,-10.741223,-10.88823,-8.996177,-9.027934,2023-10-13,AAPL,-0.010346071
1949,-9.877094,-9.9114275,-10.660716,-10.487274,-10.2845125,-10.453629,-11.266988,-10.753525,-8.151809,-9.45179,2023-10-16,AAPL,-0.0007271304
1950,-9.698508,-9.819628,-10.2559595,-10.548695,-9.718324,-10.043698,-10.052429,-10.977021,-6.903636,-6.8183784,2023-10-17,AAPL,-0.008823504
1951,-9.665742,-9.70198,-10.394237,-10.324746,-9.968636,-9.988934,-10.7425375,-10.58706,-7.8653345,-8.864961,2023-10-18,AAPL,-0.0074223406
1952,-9.755136,-9.727956,-10.388065,-10.512356,-9.630448,-9.749603,-10.2179785,-10.441696,-8.304834,-7.924017,2023-10-19,AAPL,-0.002163394
1953,-9.485954,-9.426665,-10.175863,-10.182347,-9.357099,-9.453133,-10.167134,-9.945599,-7.77348,-7.372896,2023-10-20,AAPL,-0.014813384
1954,-9.97398,-9.982809,-10.801087,-10.549007,-10.031343,-10.109009,-11.007479,-10.50417,-8.54039,-9.177911,2023-10-23,AAPL,0.0006938823
1955,-9.627964,-9.580733,-10.275303,-10.369116,-9.668644,-9.762905,-10.167387,-10.603333,-6.978938,-7.8790083,2023-10-24,AAPL,0.0025401236
1956,-9.761196,-9.771153,-10.626379,-10.307603,-10.073781,-10.29709,-10.711705,-10.825375,-7.388397,-8.003813,2023-10-25,AAPL,-0.013583537
1957,-9.706008,-9.715907,-10.445713,-10.354666,-9.890866,-9.883151,-10.652533,-10.519886,-7.905899,-8.437912,2023-10-26,AAPL,-0.024913268
1958,-9.208169,-9.255116,-10.027796,-9.78905,-9.119265,-9.025873,-10.074127,-9.605176,-7.04435,-7.314828,2023-10-27,AAPL,0.007937734
1959,-9.4537525,-9.388493,-10.131294,-10.16275,-9.342335,-9.1938715,-9.82992,-10.294529,-7.4313493,-7.0602064,2023-10-30,AAPL,0.012230219
1960,-9.576606,-9.715137,-10.176875,-10.372145,-9.641133,-9.6038,-10.151036,-10.558806,-6.7117567,-7.540647,2023-10-31,AAPL,0.0028147558
1961,-9.98935,-9.935639,-10.612595,-10.757652,-9.826255,-9.864281,-10.335343,-10.745153,-8.699302,-7.9815173,2023-11-01,AAPL,0.018565249
1962,-9.707069,-9.757337,-10.342078,-10.461942,-9.734924,-9.711743,-10.200838,-10.722602,-7.5884337,-8.097796,2023-11-02,AAPL,0.020482026
1963,-10.119752,-10.102907,-10.670535,-10.978943,-10.253892,-10.291239,-10.674987,-11.321951,-8.72263,-9.238943,2023-11-03,AAPL,-0.0051945234
1964,-9.2062845,-9.132874,-9.719241,-10.119385,-9.288444,-9.361516,-9.620059,-10.553452,-5.969399,-6.004583,2023-11-06,AAPL,0.014499524
1965,-9.984689,-9.910225,-10.549048,-10.825691,-10.009621,-10.195223,-10.304572,-11.374408,-8.291443,-8.292097,2023-11-07,AAPL,0.01434729
1966,-10.164181,-10.223139,-10.763959,-10.960316,-10.420365,-10.461078,-10.789931,-11.594881,-8.754857,-9.156012,2023-11-08,AAPL,0.0058676926
1967,-10.303411,-10.373126,-10.894691,-11.109983,-10.439854,-10.717976,-10.997762,-11.289425,-8.581154,-8.922792,2023-11-09,AAPL,-0.0026279786
1968,-10.057984,-10.022561,-10.848559,-10.662354,-10.055824,-10.166118,-10.854473,-10.653542,-8.738656,-8.80543,2023-11-10,AAPL,0.022924727
1969,-10.538315,-10.627624,-11.116603,-11.361238,-10.734434,-10.642641,-11.277712,-11.6039295,-9.002599,-10.148477,2023-11-13,AAPL,-0.008620743
1970,-10.656807,-10.651569,-11.545385,-11.186536,-10.877448,-10.899706,-11.896129,-11.325402,-9.675438,-10.514275,2023-11-14,AAPL,0.014184635
1971,-10.2722025,-10.292614,-11.150529,-10.809158,-10.253879,-10.4467535,-11.3993025,-10.636731,-7.595107,-7.9889665,2023-11-15,AAPL,0.0030363586
1972,-10.560788,-10.582342,-11.16761,-11.348415,-10.660202,-10.863148,-11.118408,-11.660996,-9.685974,-9.543044,2023-11-16,AAPL,0.009001438
1973,-10.213139,-10.214533,-10.90703,-10.905536,-10.311408,-10.352328,-10.959505,-11.0517235,-8.841697,-9.211162,2023-11-17,AAPL,-0.00010542963
1974,-10.560257,-10.532547,-11.32476,-11.186794,-10.661763,-10.721978,-11.626708,-11.141413,-9.622351,-9.813382,2023-11-20,AAPL,0.009235517
1975,-10.600829,-10.679106,-11.043292,-11.629305,-10.165643,-10.955289,-10.43875,-11.59697,-8.216273,-7.0858727,2023-11-21,AAPL,-0.004239845
1976,-10.871882,-10.963195,-11.6551075,-11.482389,-11.120899,-11.033583,-12.340378,-11.470992,-9.958974,-10.563164,2023-11-22,AAPL,0.0035083161
1977,-10.443342,-10.720333,-10.958719,-11.352837,-10.032576,-10.259061,-10.615713,-10.849342,-7.417253,-7.723125,2023-11-24,AAPL,-0.007028984
1978,-11.225345,-11.280037,-12.208724,-11.693809,-11.66008,-11.685996,-12.903063,-12.000475,-10.233728,-11.376629,2023-11-27,AAPL,-0.00094796723
1979,-10.972757,-11.027542,-11.722127,-11.612665,-11.105344,-11.154873,-11.955298,-11.66296,-9.622049,-10.629889,2023-11-28,AAPL,0.0032089246
1980,-11.131582,-11.151514,-11.742388,-11.91445,-11.309899,-11.4423485,-11.794996,-12.2660475,-10.02373,-11.19672,2023-11-29,AAPL,-0.005424349
1981,-10.596315,-11.06656,-11.104321,-11.51684,-10.77818,-11.177278,-11.365011,-11.590295,-7.128774,-9.011357,2023-11-30,AAPL,0.0030581064
1982,-10.634169,-10.619287,-11.403254,-11.256732,-10.505372,-10.782382,-11.197524,-11.199509,-9.57374,-9.51076,2023-12-01,AAPL,0.006768304
1983,-10.510569,-10.626889,-11.171934,-11.236534,-10.36891,-10.457325,-11.131723,-10.9969225,-9.086223,-8.944497,2023-12-04,AAPL,-0.00950962
1984,-10.712152,-10.670412,-11.520957,-11.301632,-10.708357,-10.584368,-11.732381,-11.153305,-10.07082,-9.969553,2023-12-05,AAPL,0.020844428
1985,-9.5406475,-9.801834,-9.926243,-10.680219,-9.122619,-9.459459,-9.355751,-10.693066,-5.9642773,-5.576525,2023-12-06,AAPL,-0.005703339
1986,-10.538391,-10.606171,-11.653874,-10.935521,-10.2779,-10.524139,-11.648665,-10.570807,-9.048826,-8.421461,2023-12-07,AAPL,0.010088293
1987,-10.581358,-10.504623,-11.235232,-11.315376,-10.618008,-10.844025,-11.028453,-11.706722,-9.063127,-9.2715845,2023-12-08,AAPL,0.0073850276
1988,-10.547575,-10.570898,-11.128067,-11.367691,-10.901117,-10.891174,-11.416648,-11.810377,-8.99744,-10.382401,2023-12-11,AAPL,-0.013011575
1989,-10.3736,-10.307635,-10.993414,-11.145881,-10.894537,-10.7915945,-11.681501,-11.501908,-8.682115,-10.418216,2023-12-12,AAPL,0.007888875
1990,-10.9517355,-10.946104,-11.526149,-11.779624,-10.934793,-10.855533,-11.506329,-11.766404,-10.415932,-10.76328,2023-12-13,AAPL,0.016553719
1991,-10.254035,-10.409179,-10.7115,-11.25611,-10.077489,-10.398745,-10.387743,-11.398962,-8.2751465,-8.056933,2023-12-14,AAPL,0.0007574419
1992,-9.959528,-10.000104,-10.51618,-10.810786,-9.95848,-10.233271,-10.454732,-10.897032,-7.488323,-7.6691575,2023-12-15,AAPL,-0.0027294802
1993,-10.344269,-10.56332,-11.221169,-10.882238,-10.698946,-10.683092,-11.553479,-11.253162,-8.305695,-9.667779,2023-12-18,AAPL,-0.008539675
1994,-10.43193,-10.453884,-11.265296,-11.002117,-10.513893,-10.759174,-11.51517,-10.971819,-8.707445,-9.169208,2023-12-19,AAPL,0.0053458367
1995,-10.763765,-10.863301,-11.49077,-11.424154,-11.01319,-11.061149,-11.508435,-11.9533,-9.101507,-10.33424,2023-12-20,AAPL,-0.01077173
1996,-10.698051,-10.723289,-11.618711,-11.205968,-10.860211,-11.001312,-12.174716,-11.173009,-9.6873865,-9.790311,2023-12-21,AAPL,-0.0007701985
1997,-10.282613,-10.458665,-10.928463,-11.0254,-10.209468,-10.299265,-10.974466,-10.835577,-8.031414,-8.92653,2023-12-22,AAPL,-0.00556301
1998,-10.894396,-10.888938,-11.688435,-11.495894,-11.2021265,-11.273292,-12.297661,-11.609123,-10.263055,-11.11017,2023-12-26,AAPL,-0.002844952
1999,-11.279171,-11.339287,-11.952367,-11.99266,-11.561901,-11.514216,-12.442139,-12.0974865,-10.089047,-11.66692,2023-12-27,AAPL,0.0005178664
2000,-10.83424,-11.015723,-11.468465,-11.589989,-10.888751,-11.070143,-11.602027,-11.562156,-9.787954,-10.4720745,2023-12-28,AAPL,0.0022237746
2001,-11.116905,-11.335913,-11.780396,-11.840602,-11.257618,-11.313648,-12.189574,-11.7581215,-9.544998,-10.607784,2023-12-29,AAPL,-0.005438878
