Date,Open,High,Low,Close,Dunno,LogReturn,SquaredReturn,Volatility,Mean
2021-12-31,4775.21,4786.8301,4765.75,4766.1802,2446190000.0,-0.0026296333792205826,6.91497170911106e-06,0.009416463249868463,0
2022-01-03,4778.1401,4796.6401,4758.1699,4796.5601,2775190000.0,0.006353827721501595,4.0371126714522146e-05,0.008982910875294481,0
2022-01-04,4804.5098,4818.6201,4774.27,4793.54,3641050000.0,-0.0006298370336797239,3.9669468899447364e-07,0.008781143687530068,0
2022-01-05,4787.9902,4797.7002,4699.4399,4700.5801,3733540000.0,-0.019583251501832124,0.0003835037393840101,0.008355476747073935,0
2022-01-06,4693.3901,4725.0098,4671.2598,4696.0498,3371250000.0,-0.0009642393920414291,9.297576051644249e-07,0.01014435495425535,0
2022-01-07,4697.6602,4707.9502,4662.7402,4677.0298,3279870000.0,-0.004058436910401298,1.6470910155707633e-05,0.009626776773770072,0
2022-01-10,4655.3398,4673.02,4582.2402,4670.29,3621800000.0,-0.001442082075336308,2.079600712006273e-06,0.009232849385595222,0
2022-01-11,4669.1401,4714.1299,4638.27,4713.0698,3421600000.0,0.009118289677805012,8.314320664836543e-05,0.008787041608892621,0
2022-01-12,4728.5898,4748.8301,4706.71,4726.3501,3060040000.0,0.0028137976491929336,7.917457210603679e-06,0.008857394419387614,0
2022-01-13,4733.5601,4744.1299,4650.29,4659.0298,3539830000.0,-0.01434602654427307,0.00020580847760898755,0.008474606511261884,0
2022-01-14,4637.9902,4665.1299,4614.75,4662.8501,3483530000.0,0.0008196415862162241,6.718123298550479e-07,0.009289626082865656,0
2022-01-18,4632.2402,4632.2402,4568.7002,4577.1099,3324960000.0,-0.018559097878394968,0.0003444401140598446,0.008832002075831232,0
2022-01-19,4588.0298,4611.5498,4530.2002,4532.7598,3387370000.0,-0.009736791380036821,9.480510637835935e-05,0.010293326689859614,0
2022-01-20,4547.3501,4602.1099,4477.9502,4482.73,3473060000.0,-0.011098745531011806,0.00012318215236215452,0.010246947094867755,0
2022-01-21,4471.3799,4494.52,4395.3398,4397.9399,3945810000.0,-0.019096009096553658,0.00036465756341566005,0.010347573364053935,0
2022-01-24,4356.3198,4417.3501,4222.6201,4410.1299,5172540000.0,0.002767918070466212,7.6613704448134e-06,0.011563949090654566,0
2022-01-25,4366.6401,4411.0098,4287.1099,4356.4502,3989420000.0,-0.012246593378153049,0.0001499790493698221,0.01097850104181927,0
2022-01-26,4408.4302,4453.23,4304.7998,4349.9302,4046270000.0,-0.0014977524342583354,2.2432623543267694e-06,0.011114171319323862,0
2022-01-27,4380.5801,4428.7402,4309.5,4326.5098,4074330000.0,-0.005398632822385761,2.9145236350940843e-05,0.010535450235252732,0
2022-01-28,4336.1899,4432.7202,4292.46,4431.8501,3936030000.0,0.024055960498375634,0.0005786892354994089,0.010134839022566797,0
2022-01-31,4431.79,4516.8901,4414.02,4515.5498,4001950000.0,0.018709824656062555,0.0003500575386606063,0.012321721849060132,0
2022-02-01,4519.5698,4550.4902,4483.5298,4546.54,3796450000.0,0.006839552794698399,4.6779482431466676e-05,0.013105567539241546,0
2022-02-02,4566.3901,4595.3101,4544.3198,4589.3799,3777170000.0,0.009378412785082162,8.795462636739254e-05,0.01257283078262332,0
2022-02-03,4535.4102,4542.8799,4470.3901,4477.4399,3596830000.0,-0.024693484712930994,0.0006097681872677566,0.012258386267600443,0
2022-02-04,4482.79,4539.6602,4451.5,4500.5298,3673700000.0,0.005143690985837567,2.6457556957786644e-05,0.014040600960209376,0
2022-02-07,4505.75,4521.8599,4471.4702,4483.8701,3291600000.0,-0.0037085880592355146,1.375362539310424e-05,0.013354861888694027,0
2022-02-08,4480.02,4531.3198,4465.3999,4521.54,3509330000.0,0.008366108660616054,6.999177412123494e-05,0.012669420949978914,0
2022-02-09,4547.0,4590.0298,4547.0,4587.1802,3662810000.0,0.01441285599812677,0.00020773041802273878,0.012271150934277573,0
2022-02-10,4553.2402,4588.9199,4484.3101,4504.0801,4490500000.0,-0.018281824908007893,0.0003342251219670578,0.012489025111566927,0
2022-02-11,4506.27,4526.3301,4401.4102,4418.6401,4164960000.0,-0.01915169580476044,0.0003667874521980786,0.013181332536904837,0
2022-02-14,4412.6099,4426.2202,4364.8398,4401.6699,3466170000.0,-0.003847987415366838,1.4807007148821558e-05,0.01388524601562881,0
2022-02-15,4429.2798,4472.77,4429.2798,4471.0698,3363200000.0,0.015643717199000595,0.00024472588780230704,0.013166754138952925,0
2022-02-16,4455.75,4489.5498,4429.6802,4475.0098,3478750000.0,0.0008808328185996869,7.758664543222689e-07,0.013412182163129704,0
2022-02-17,4456.0601,4456.0601,4373.8101,4380.2598,3596510000.0,-0.02140050397077605,0.00045798157020320154,0.012670835013962056,0
2022-02-18,4384.5698,4394.6001,4327.2202,4348.8701,3871340000.0,-0.007191973463750329,5.17244823032889e-05,0.013802739825551712,0
2022-02-22,4332.7402,4362.1201,4267.1099,4304.7598,4007780000.0,-0.010194723497493289,0.0001039323871903418,0.013234920830665416,0
2022-02-23,4324.9302,4341.5098,4221.5098,4225.5,3814340000.0,-0.018583743734135204,0.00034535553117600947,0.012922700729560234,0
2022-02-24,4155.77,4294.73,4114.6499,4288.7002,5070560000.0,0.014846106345712727,0.00022040687362821171,0.01358729617128162,0
2022-02-25,4298.3799,4385.3398,4286.8301,4384.6499,3941780000.0,0.022126078923741972,0.0004895633685396587,0.013686201267365122,0
2022-02-28,4354.1699,4388.8398,4315.1201,4373.9399,4594010000.0,-0.0024456003951703748,5.9809612928574936e-06,0.01474479882150157,0
2022-03-01,4363.1401,4378.4502,4279.54,4306.2598,4679400000.0,-0.015594450337468245,0.00024318688132776348,0.013934344343358902,0
2022-03-02,4322.5601,4401.48,4322.5601,4386.54,4409090000.0,0.018471029893004472,0.0003411789453082648,0.014074264279478544,0
2022-03-03,4401.3101,4416.7798,4345.5601,4363.4902,4062080000.0,-0.005268519717031241,2.7757300008746946e-05,0.0145475841243817,0
2022-03-04,4342.1201,4342.1201,4284.98,4328.8701,4558250000.0,-0.007965680635569444,6.345206798788602e-05,0.013832009865758853,0
2022-03-07,4327.0098,4327.0098,4199.8501,4201.0898,5506330000.0,-0.02996259325794548,0.00089775699474108,0.01330762700167812,0
2022-03-08,4202.6602,4276.9399,4157.8701,4170.7002,6237000000.0,-0.00726003243782159,5.2708070998221704e-05,0.01582379869753417,0
2022-03-09,4223.1001,4299.3999,4223.1001,4277.8799,4220180000.0,0.02537360101599016,0.0006438196285186568,0.015102257535194476,0
2022-03-10,4252.5498,4268.2798,4209.7998,4259.52,4008690000.0,-0.004301058523325394,1.849910442107002e-05,0.016410212087704833,0
2022-03-11,4279.5,4291.0098,4200.4902,4204.3101,3877430000.0,-0.013046264499396922,0.00017020501738822442,0.015531306592676231,0
2022-03-14,4202.75,4247.5698,4161.7202,4173.1099,4757600000.0,-0.007448676145163794,5.548277631553215e-05,0.015234810622095587,0
2022-03-15,4188.8198,4271.0498,4187.8999,4262.4502,4331170000.0,0.021182622024970933,0.00044870347585278367,0.014568984027378487,0
2022-03-16,4288.1401,4358.8999,4251.9902,4357.8599,5002240000.0,0.022136928974541403,0.0004900436244238906,0.015336104603817053,0
2022-03-17,4345.1099,4412.6699,4335.6499,4411.6699,4174170000.0,0.012272191684392812,0.00015060668873848008,0.016115632665500992,0
2022-03-18,4407.3398,4465.3999,4390.5698,4463.1201,6681510000.0,0.011594815519322477,0.00013443974692712137,0.01569705290952691,0
2022-03-21,4462.3999,4481.75,4424.2998,4461.1802,3961050000.0,-0.0004347455745195577,1.890037145643403e-07,0.015264062961466103,0
2022-03-22,4469.1001,4522.0,4469.1001,4511.6099,3962880000.0,0.011240702264022406,0.00012635338738839846,0.014400080897304206,0
2022-03-23,4493.1001,4501.0698,4455.8101,4456.2402,4014360000.0,-0.012348646105121793,0.00015248906062953962,0.01406141279191032,0
2022-03-24,4469.98,4520.5801,4465.1699,4520.1602,3573430000.0,0.0142420296743806,0.00020283540924593757,0.013853003389219229,0
2022-03-25,4522.9102,4546.0298,4501.0698,4543.0601,3577520000.0,0.00505338013955333,2.5536650834832036e-05,0.013854651468656805,0
2022-03-28,4541.0898,4575.6499,4517.6899,4575.52,3696850000.0,0.007119537637225959,5.0687816167876994e-05,0.013181659517693942,0
2022-03-29,4602.8599,4637.2998,4589.6602,4631.6001,4239660000.0,0.012182048876066111,0.0001484023148188636,0.012660156825059686,0
2022-03-30,4624.2002,4627.77,4581.3198,4602.4502,3665390000.0,-0.006313588486644048,3.9861399578684285e-05,0.012587587111542599,0
2022-03-31,4599.02,4603.0698,4530.4102,4530.4102,3782040000.0,-0.015776326588398722,0.0002488924806238165,0.012068629642566876,0
2022-04-01,4540.3198,4548.7002,4507.5698,4545.8599,3828290000.0,0.0034044193819054934,1.1590071327893782e-05,0.012485966209201303,0
2022-04-04,4547.9702,4583.5,4539.21,4582.6401,3833500000.0,0.008058366442153127,6.493726971601965e-05,0.011853421247522282,0
2022-04-05,4572.4502,4593.4502,4514.1699,4525.1201,3906230000.0,-0.012631154859671487,0.00015954607308900262,0.011506666282968831,0
2022-04-06,4494.1699,4503.9399,4450.04,4481.1499,4137080000.0,-0.009764430637262157,9.534410566990386e-05,0.011619337239301291,0
2022-04-07,4474.6499,4521.1602,4450.2998,4500.21,4054010000.0,0.004244374755211923,1.801471706268027e-05,0.011432080068082218,0
2022-04-08,4494.1499,4520.4102,4474.6001,4488.2798,3453040000.0,-0.00265455204847812,7.046646578079384e-06,0.010904879156080677,0
2022-04-11,4462.6401,4464.3501,4408.3799,4412.5298,3452540000.0,-0.0170213345279209,0.00028972582911139224,0.010362549924358738,0
2022-04-12,4437.5898,4471.0,4381.3398,4397.4502,3451990000.0,-0.0034233028284936023,1.1719002255572298e-05,0.011242048187735065,0
2022-04-13,4394.2998,4453.9199,4392.7002,4446.5898,3273140000.0,0.011112592363942507,0.00012348970904715333,0.010699845885983758,0
2022-04-14,4449.1201,4460.46,4390.77,4392.5898,3634740000.0,-0.012218480504463256,0.00014929126583794868,0.010746655533652068,0
2022-04-18,4385.6299,4410.3101,4370.2998,4391.6899,3509340000.0,-0.00020488874076888134,4.197939609385786e-08,0.01091009010538282,0
2022-04-19,4390.6299,4471.0298,4390.6299,4462.21,3197930000.0,0.015930062931775152,0.00025376690501031674,0.010334492760078468,0
2022-04-20,4472.2598,4488.29,4448.7598,4459.4502,3678040000.0,-0.0006186741091143356,3.8275765328841676e-07,0.011050464913730912,0
2022-04-21,4489.1699,4512.9399,4384.4702,4393.6602,3833570000.0,-0.014862846644920295,0.00022090421039041848,0.010467537412460745,0
2022-04-22,4385.8301,4385.8301,4267.6201,4271.7798,3930660000.0,-0.02813208286005661,0.0007914140860450908,0.011007335170434205,0
2022-04-25,4255.3398,4299.02,4200.8198,4296.1201,4061070000.0,0.005681757668569282,3.2282370204345844e-05,0.013784485694512712,0
2022-04-26,4278.1401,4278.1401,4175.04,4175.2002,3760420000.0,-0.02855000380519426,0.0008151027172766067,0.01314288287134613,0
2022-04-27,4186.52,4240.71,4162.8999,4183.96,3876340000.0,0.0020958572385146486,4.3926175642342485e-06,0.015432690035326452,0
2022-04-28,4222.5801,4308.4502,4188.6299,4287.5,3969440000.0,0.02444564600458133,0.0005975896085813031,0.014569962010087473,0
2022-04-29,4253.75,4269.6802,4124.2798,4131.9302,3943480000.0,-0.03695915392332947,0.00136597905872836,0.015833193919008035,0
2022-05-02,4130.6099,4169.8101,4062.51,4155.3799,4474060000.0,0.005659197568658232,3.202651712110724e-05,0.019094252615807147,0
2022-05-03,4159.7798,4200.1001,4147.0801,4175.48,3877530000.0,0.004825465616761077,2.3285118418543365e-05,0.018066389997907696,0
2022-05-04,4181.1802,4307.6602,4148.9102,4300.1699,4236210000.0,0.029425211792711823,0.000865843089045947,0.017085974124316467,0
2022-05-05,4270.4302,4270.4302,4106.0098,4146.8701,4197620000.0,-0.036300676621782775,0.0013177391231992464,0.018679241269067105,0
2022-05-06,4128.1699,4157.6899,4067.9099,4123.3398,4254300000.0,-0.005690390879591651,3.238054836253985e-05,0.021129434584327998,0
2022-05-09,4081.27,4081.27,3975.48,3991.24,4746120000.0,-0.03256150648250866,0.0010602517044104537,0.01996318479137578,0
2022-05-10,4035.1799,4068.8201,3958.1699,4001.05,4630150000.0,0.0024548671098168664,6.026372526860615e-06,0.021526347010627545,0
2022-05-11,3990.0801,4049.0901,3928.8201,3935.1799,4683220000.0,-0.016600227932322038,0.00027556756740504477,0.020266575351416533,0
2022-05-12,3903.95,3964.8,3858.8701,3930.0801,4964130000.0,-0.001296791387616073,1.68166790299522e-06,0.019809871216323344,0
2022-05-13,3963.8999,4038.8799,3963.8999,4023.8899,4142950000.0,0.023589264235278046,0.000556453387161768,0.018651677650820098,0
2022-05-16,4013.02,4046.46,3983.99,4008.01,3824320000.0,-0.003954212798702348,1.5635798857421452e-05,0.0191360281149728,0
2022-05-17,4052.0,4090.72,4033.9299,4088.8501,3846580000.0,0.019968922591194902,0.0003987578694531341,0.018061738821223246,0
2022-05-18,4051.98,4051.98,3911.9099,3923.6799,4428960000.0,-0.04123381792847181,0.0017002277409583634,0.018185895445517856,0
2022-05-19,3899.0,3945.96,3876.5801,3900.79,4212140000.0,-0.005850866727327065,3.4232641460942916e-05,0.02167589188397564,0
2022-05-20,3927.76,3943.4199,3810.3201,3901.3601,4278520000.0,0.00014613920360614753,2.1356666830639045e-08,0.020481706947165234,0
2022-05-23,3919.4199,3981.8799,3909.04,3973.75,3392770000.0,0.01838499731444223,0.000338008126252048,0.019277871444446516,0
2022-05-24,3942.9399,3955.6799,3875.1299,3941.48,3901640000.0,-0.008153945948249348,6.648683452697195e-05,0.019091644855403562,0
2022-05-25,3929.5901,3999.3301,3925.03,3978.73,4322190000.0,0.009406385602538606,8.848009010364557e-05,0.018167253264618807,0
2022-05-26,3984.6001,4075.1399,3984.6001,4057.8401,3961940000.0,0.01968816408299731,0.00038762380495902535,0.01737676843503373,0
2022-05-27,4077.4299,4158.4902,4077.4299,4158.2402,3560560000.0,0.024441118944911626,0.000597368295279318,0.01755523192189785,0
2022-05-31,4151.0898,4168.3398,4104.8799,4132.1499,5192220000.0,-0.006294127494147463,3.9616040912583015e-05,0.018314672154475523,0
2022-06-01,4149.7798,4166.54,4073.8501,4101.23,4145710000.0,-0.007510899711666156,5.641361447870675e-05,0.017367997188542164,0
2022-06-02,4095.4099,4177.5098,4074.3701,4176.8198,3604930000.0,0.018263214854883702,0.00033354501683564473,0.016540455784153273,0
2022-06-03,4137.5698,4142.6699,4098.6699,4108.54,3107080000.0,-0.01648240931908153,0.00027166981696174564,0.016660446183648724,0
2022-06-06,4134.7202,4168.7798,4109.1802,4121.4302,3852050000.0,0.003132504790968752,9.812586265442184e-06,0.016573074680224714,0
2022-06-07,4096.4702,4164.8599,4080.1899,4160.6802,3476470000.0,0.009478331476285417,8.983876757434289e-05,0.015651125476268637,0
2022-06-08,4147.1201,4160.1401,4107.2002,4115.77,3090180000.0,-0.010852633606485144,0.00011777965619661073,0.015067709360938817,0
2022-06-09,4101.6499,4119.1001,4017.1699,4017.8201,3192330000.0,-0.02408644504461616,0.0005801568348873143,0.014632992576855006,0
2022-06-10,3974.3899,3974.3899,3900.1599,3900.8601,3936120000.0,-0.029542424589107386,0.0008727548506030966,0.015835841519903023,0
2022-06-13,3838.1499,3838.1499,3734.3,3749.6299,4572820000.0,-0.03953992550362897,0.0015634057088325286,0.017700272522702804,0
2022-06-14,3763.52,3778.1799,3705.6799,3735.48,4126400000.0,-0.0037808173946970044,1.4294580172043444e-05,0.020981007975433955,0
2022-06-15,3764.05,3837.5601,3722.3,3789.99,4474610000.0,0.014487056184644877,0.00020987479689705738,0.019782867378956397,0
2022-06-16,3728.1799,3728.1799,3639.77,3666.77,4511200000.0,-0.033052215017083934,0.0010924489175355488,0.019199998005844515,0
2022-06-17,3665.8999,3707.71,3636.8701,3674.8401,6954110000.0,0.002198455962779235,4.8332086202795735e-06,0.020980094297317765,0
2022-06-21,3715.3101,3779.6499,3715.3101,3764.79,4124600000.0,0.02418246128971606,0.0005847914340286157,0.019758437860264332,0
2022-06-22,3733.8899,3801.79,3717.6899,3759.8899,4342270000.0,-0.0013024077456519265,1.6962659359341333e-06,0.020166110537333734,0
2022-06-23,3774.71,3802.5801,3743.52,3795.73,4078100000.0,0.009487075657180464,9.000460452506613e-05,0.01898906869113581,0
2022-06-24,3821.75,3913.6499,3821.75,3911.74,6742870000.0,0.030105537080807647,0.0009063433629238842,0.018141252110346655,0
2022-06-27,3920.76,3927.72,3889.6599,3900.1101,3385120000.0,-0.002977504289823121,8.865531795915088e-06,0.019644658830185967,0
2022-06-28,3913.0,3945.8601,3820.1399,3821.55,3590980000.0,-0.020348684023550882,0.00041406894149031493,0.01852176318305028,0
2022-06-29,3825.0901,3836.5,3799.02,3818.8301,3458850000.0,-0.0007119803149314159,5.069159688498381e-07,0.01863367156441716,0
2022-06-30,3785.99,3818.99,3738.6699,3785.3799,4032260000.0,-0.008797867434066409,7.740247138740626e-05,0.017551790325708194,0
2022-07-01,3781.0,3829.8201,3752.1001,3825.3301,3268240000.0,0.010498512474604482,0.00011021876417942592,0.01677736281459618,0
2022-07-05,3792.6101,3832.1899,3742.0601,3831.3899,4427900000.0,0.001582871324856268,2.505481631052237e-06,0.016168289917940806,0
2022-07-06,3831.98,3870.9099,3809.3701,3845.0801,3613120000.0,0.003566799457030911,1.2722058366676e-05,0.015248686382751729,0
2022-07-07,3858.8501,3910.6299,3858.8501,3902.6201,3337710000.0,0.014853713087749605,0.0002206327924931839,0.014424036600577148,0
2022-07-08,3888.26,3918.5,3869.3401,3899.3799,2844620000.0,-0.0008306075842827254,6.899089590679848e-07,0.014425879177578564,0
2022-07-11,3880.9399,3880.9399,3847.22,3854.4299,3023830000.0,-0.01159443027717642,0.00013443081345230527,0.013610563922280916,0
2022-07-12,3851.95,3873.4099,3802.3601,3818.8,3138460000.0,-0.009286873074843084,8.624601150824543e-05,0.013379648632793378,0
2022-07-13,3779.6699,3829.4399,3759.0701,3801.78,3166580000.0,-0.004466859031662644,1.9952829608746132e-05,0.012980478248306922,0
2022-07-14,3763.99,3796.4099,3721.5601,3790.3799,3447500000.0,-0.003003126572164298,9.018769208439288e-06,0.012340169514397335,0
2022-07-15,3818.0,3863.6201,3817.1799,3863.1599,3537130000.0,0.019019223989550024,0.00036173088116467513,0.011696503108128135,0
2022-07-18,3883.79,3902.4399,3818.6299,3830.8501,3414470000.0,-0.008398738739448835,7.05388124135186e-05,0.012656339815260898,0
2022-07-19,3860.73,3939.8101,3860.73,3936.6899,3160350000.0,0.027253506513884546,0.0007427536173023474,0.01225919887384471,0
2022-07-20,3935.3201,3974.1299,3922.03,3959.8999,3452150000.0,0.0058785038672229985,3.455680771695575e-05,0.014539928669219337,0
2022-07-21,3955.47,3999.29,3927.6399,3998.95,3586030000.0,0.009813079491612175,9.629652910869947e-05,0.013850037358352744,0
2022-07-22,3998.4299,4012.4399,3938.8601,3961.6299,3246220000.0,-0.009376295165558251,8.791491103167103e-05,0.013450977356177833,0
2022-07-25,3965.72,3975.3,3943.46,3966.8401,2988650000.0,0.001314301687463995,1.7273889256707045e-06,0.013055616750667734,0
2022-07-26,3953.22,3953.22,3910.74,3921.05,3083420000.0,-0.011610358104732104,0.00013480041532011846,0.01234018583574358,0
2022-07-27,3951.4299,4039.5601,3951.4299,4023.6101,3584170000.0,0.025820059386866705,0.0006666754667413235,0.012248601813902865,0
2022-07-28,4026.1299,4078.95,3992.97,4072.4299,3882850000.0,0.012060313867023076,0.0001454511705711091,0.014250132349206315,0
2022-07-29,4087.3301,4140.1499,4079.22,4130.29,3817740000.0,0.014107774093655833,0.00019902928987762666,0.013998013512285277,0
2022-08-01,4112.3799,4144.9502,4096.02,4118.6299,3540960000.0,-0.0028270629142373442,7.992284721056145e-06,0.013971186908125162,0
2022-08-02,4104.21,4140.4702,4079.8101,4091.1899,3880790000.0,-0.006684702672815086,4.4685249823941146e-05,0.013221591309150026,0
2022-08-03,4107.96,4167.6602,4107.96,4155.1699,3544410000.0,0.015517461126397614,0.00024079159980926112,0.012673294808073977,0
2022-08-04,4154.8501,4161.29,4135.4199,4151.9399,3565810000.0,-0.0007776471578055255,6.047351020430119e-07,0.012974399556597785,0
2022-08-05,4115.8701,4151.5801,4107.3101,4145.1899,3540260000.0,-0.001627069035158774,2.6473536451725035e-06,0.012261756991861737,0
2022-08-08,4155.9302,4186.6201,4128.9702,4140.0601,3604650000.0,-0.0012382971317690986,1.5333797865475765e-06,0.011605218718488025,0
2022-08-09,4133.1099,4137.2998,4112.0898,4122.4702,3337150000.0,-0.004257757837984153,1.8128501806915485e-05,0.01098736508549318,0
2022-08-10,4181.02,4211.0298,4177.2598,4210.2402,3998590000.0,0.021067153896483275,0.0004438249732981104,0.010493191801806008,0
2022-08-11,4227.3999,4257.9102,4201.4102,4207.27,3925060000.0,-0.0007057193998464985,4.98039871319702e-07,0.012034845310905146,0
2022-08-12,4225.02,4280.4702,4219.7798,4280.1499,3252290000.0,0.017174051046168808,0.0002949480293364119,0.01138571625235201,0
2022-08-15,4269.3701,4301.79,4256.8999,4297.1401,3087740000.0,0.00396167605889174,1.5694877195595993e-05,0.01210659493455487,0
2022-08-16,4290.46,4325.2798,4277.77,4305.2002,3792010000.0,0.0018739324596749468,3.511622863423396e-06,0.011521189303894334,0
2022-08-17,4280.3999,4302.1802,4253.0801,4274.04,3293430000.0,-0.007264125095926922,5.276751340927532e-05,0.0109211332396551,0
2022-08-18,4273.1299,4292.5298,4261.98,4283.7402,2871990000.0,0.0022669907213344587,5.1392469306165295e-06,0.010604572491144907,0
2022-08-19,4266.3101,4266.3101,4218.7002,4228.48,3210680000.0,-0.012983916069532885,0.00016858207650067428,0.010075944448711727,0
2022-08-22,4195.0801,4195.0801,4129.8599,4137.9902,3365220000.0,-0.021632379392643838,0.0004679598381872818,0.010428530053777786,0
2022-08-23,4133.0898,4159.77,4124.0298,4128.73,3117800000.0,-0.0022403573966938675,5.0192012649209235e-06,0.01208087816676081,0
2022-08-24,4126.5498,4156.5601,4119.9702,4140.77,3056910000.0,0.002911907251337381,8.479203840391221e-06,0.011450293047226643,0
2022-08-25,4153.2598,4200.54,4147.5898,4199.1201,2976050000.0,0.013993242459803342,0.0001958108345388431,0.010879937689899956,0
2022-08-26,4198.7402,4203.04,4057.6599,4057.6599,3175260000.0,-0.034268575208244896,0.0011743352468031366,0.011242528799204706,0
2022-08-29,4034.5801,4062.99,4017.4199,4030.6101,2963020000.0,-0.006688674054377682,4.4738360605705186e-05,0.01530415824069101,0
2022-08-30,4041.25,4044.98,3965.21,3986.1599,3190580000.0,-0.011089417688594195,0.0001229751846721058,0.01459635758255064,0
2022-08-31,4000.6699,4015.3701,3954.53,3955.0,3797860000.0,-0.007847735170298194,6.158694730313522e-05,0.014229452291696549,0
2022-09-01,3936.73,3970.23,3903.6499,3966.8501,3754570000.0,0.0029917528580290054,8.950585163524722e-06,0.013668818609049262,0
2022-09-02,3994.6599,4018.4299,3906.21,3924.26,4134920000.0,-0.010794555650084825,0.00011652243168277822,0.012947494350000728,0
2022-09-06,3930.8899,3942.55,3886.75,3908.1899,2209800080.0,-0.004103472797107165,1.6838488996598503e-05,0.012717854141332953,0
2022-09-07,3909.4299,3987.8899,3906.03,3979.8701,2290057541.0,0.018174854942300117,0.000330325352173651,0.012095746736031142,0
2022-09-08,3959.9399,4010.5,3944.8101,4006.1799,3966850000.0,0.006588963301096609,4.3414437383197926e-05,0.012839906101406461,0
2022-09-09,4022.9399,4076.8101,4022.9399,4067.3601,3901940000.0,0.015156021054425109,0.0002297049742021772,0.012320426894681635,0
2022-09-12,4083.6699,4119.2798,4083.6699,4110.4102,3814200000.0,0.010528663952442601,0.00011085276462346425,0.012624331412027862,0
2022-09-13,4037.1201,4037.1201,3921.28,3932.6899,4224550000.0,-0.04419918420441579,0.0019535678843358786,0.012404372125139363,0
2022-09-14,3940.73,3961.9399,3912.1799,3946.01,4293240000.0,0.003381297132769869,1.1433170300077738e-05,0.018400639048554244,0
2022-09-15,3932.4099,3959.1399,3888.28,3901.3501,4441830000.0,-0.011382269092585887,0.00012955604969603596,0.017371064653835935,0
2022-09-16,3880.95,3880.95,3837.0801,3873.3301,7954650000.0,-0.0072080447288216,5.1955908812692846e-05,0.016778165347477243,0
2022-09-19,3849.9099,3900.45,3838.5,3899.8899,3766850000.0,0.00683369398020931,4.6699373415148955e-05,0.01599010860765119,0
2022-09-20,3875.23,3876.01,3827.54,3855.9299,4058050000.0,-0.011336124845404432,0.00012850772651059564,0.015243795005701747,0
2022-09-21,3871.3999,3907.0701,3789.49,3789.9299,4078330000.0,-0.01726467424140515,0.0002980689766618385,0.014838751631548146,0
2022-09-22,3782.3601,3790.8999,3749.45,3757.99,4284600000.0,-0.00846328288321987,7.162715716140243e-05,0.015060324600976617,0
2022-09-23,3727.1399,3727.1399,3647.47,3693.23,5144270000.0,-0.017382826077567966,0.00030216264244297693,0.014472332883385106,0
2022-09-26,3682.72,3715.6699,3644.76,3655.04,4886140000.0,-0.010394376865970473,0.00010804307043182214,0.014756134836345929,0
2022-09-27,3686.4399,3717.53,3623.29,3647.29,4577740000.0,-0.0021226109775338642,4.505477361947266e-06,0.014323808860231522,0
2022-09-28,3651.9399,3736.74,3640.6101,3719.04,4684850000.0,0.019481144387776417,0.00037951498665739263,0.013544528713896468,0
2022-09-29,3687.01,3687.01,3610.3999,3640.47,4681810000.0,-0.02135277627216209,0.0004559410545290083,0.014237633252213286,0
2022-09-30,3633.48,3671.4399,3584.1299,3585.6201,5645360000.0,-0.015181364387214813,0.0002304738246573942,0.01508489969462892,0
2022-10-03,3609.78,3698.3501,3604.9299,3678.4299,4806680000.0,0.025554573722716883,0.0006530362381497722,0.01504637043736345,0
2022-10-04,3726.46,3791.9199,3726.46,3790.9299,5146580000.0,0.0301253416720636,0.0009075362108585716,0.016392879733421715,0
2022-10-05,3753.25,3806.9099,3722.6599,3783.28,4293180000.0,-0.0020199869563126836,4.08034730367338e-06,0.01823223464018336,0
2022-10-06,3771.97,3797.9299,3739.22,3744.52,4252100000.0,-0.010297920383574249,0.00010604716422643402,0.017196236631298226,0
2022-10-07,3706.74,3706.74,3620.73,3639.6599,4449660000.0,-0.02840319464258475,0.000806741465904555,0.01654765026260452,0
2022-10-10,3647.51,3652.1699,3588.1001,3612.3899,3834320000.0,-0.007520667752029659,5.6560443436418844e-05,0.018069377462632714,0
2022-10-11,3595.8601,3640.6599,3568.45,3588.8401,4759030000.0,-0.006540517092709575,4.277836384002612e-05,0.017202488872491907,0
2022-10-12,3590.8301,3608.3401,3573.8601,3577.03,4006830000.0,-0.0032962112146206366,1.0865008371390852e-05,0.01635648776383175,0
2022-10-13,3520.3701,3685.4099,3491.5801,3669.9099,5021680000.0,0.025634264198272128,0.0006571155009868162,0.015465930998302574,0
2022-10-14,3690.4099,3712.0,3579.6799,3583.0701,4243030000.0,-0.023947108614299654,0.0005734640109850647,0.016747271055663825,0
2022-10-17,3638.6499,3689.73,3638.6499,3677.95,4352780000.0,0.02613552900287911,0.0006830658762603352,0.017560564467363888,0
2022-10-18,3746.26,3762.79,3686.53,3719.98,4483740000.0,0.011362760181543908,0.00012911231894327974,0.01855598890070753,0
2022-10-19,3703.1101,3728.5801,3666.51,3695.1599,4223800000.0,-0.006694463767139565,4.4815845129544455e-05,0.01786456776632034,0
2022-10-20,3689.05,3736.0,3656.4399,3665.78,4496620000.0,-0.007982691453665232,6.372336284441994e-05,0.01697832553099836,0
2022-10-21,3657.1001,3757.8899,3647.4199,3752.75,5078020000.0,0.02344776785243657,0.0005497978172617579,0.01621533702501692,0
2022-10-24,3762.01,3810.74,3741.6499,3797.3401,4747930000.0,0.01181194339402132,0.00013952200674356387,0.017042486980530683,0
2022-10-25,3799.4399,3862.8501,3799.4399,3859.1101,4843120000.0,0.01613576490375625,0.000260362909029292,0.0165120425645502,0
2022-10-26,3825.97,3886.1499,3824.0701,3830.6001,4817310000.0,-0.007415137863931564,5.498426954111156e-05,0.016410999524035297,0
2022-10-27,3834.6899,3859.95,3803.79,3807.3,4687320000.0,-0.006101198489902984,3.7224623013194455e-05,0.015662414961230053,0
2022-10-28,3808.26,3905.4199,3808.26,3901.0601,4459410000.0,0.024328060209827685,0.000591854513573001,0.014908645031418533,0
2022-10-31,3881.8501,3893.73,3863.1799,3871.98,4820620000.0,-0.0074823326001846775,5.59853011397864e-05,0.016088482956350993,0
2022-11-01,3901.79,3911.79,3843.8,3856.1001,4481210000.0,-0.004109668156809684,1.6889372359095503e-05,0.015367775572399722,0
2022-11-02,3852.8999,3894.4399,3758.6799,3759.6899,4899000000.0,-0.025319855358494996,0.0006410950753751078,0.014564343704571745,0
2022-11-03,3733.25,3750.5901,3698.1499,3719.8899,4625290000.0,-0.010642409523561058,0.0001132608804671831,0.015965667136064052,0
2022-11-04,3766.98,3796.3401,3708.8401,3770.55,3025947000.0,0.013526808340509369,0.00018297454388087382,0.01544595505482938,0
2022-11-07,3780.71,3813.95,3764.7,3806.8,4341620000.0,0.009568061802673562,9.154780665978085e-05,0.015208312476388835,0
2022-11-08,3817.02,3859.3999,3786.28,3828.1101,4607640000.0,0.005582293716530953,3.116200313762096e-05,0.014679457538320142,0
2022-11-09,3810.9399,3818.2,3744.22,3748.5701,4645010000.0,-0.020996774332801834,0.0004408645323826059,0.013975793257216419,0
2022-11-10,3859.8899,3958.3301,3859.8899,3956.3701,5781260000.0,0.053952502879819245,0.002910872566996904,0.014816003803943935,0
2022-11-11,3963.72,4001.48,3944.8201,3992.9299,5593310000.0,0.009198308724866527,8.460888339795567e-05,0.02222744785485534,0
2022-11-14,3977.97,4008.97,3956.3999,3957.25,4561930000.0,-0.008975932620755751,8.056736641234722e-05,0.021141191001503478,0
2022-11-15,4006.4099,4028.8401,3953.1699,3991.73,5015310000.0,0.008675381307597811,7.52622408322175e-05,0.020125073180448226,0
2022-11-16,3976.8201,3983.0901,3954.3401,3958.79,4165320000.0,-0.00828629787208508,6.866273242492171e-05,0.01916984773405943,0
2022-11-17,3919.26,3954.3301,3906.54,3946.5601,4051780000.0,-0.0030940842852146917,9.57335756401251e-06,0.018266479286225698,0
2022-11-18,3966.3899,3979.8899,3935.98,3965.3401,4037360000.0,0.004747288210231315,2.2536745351001238e-05,0.017255342879041374,0
2022-11-21,3956.23,3962.0,3933.3401,3949.9399,3850690000.0,-0.003891263336834974,1.5141930356596055e-05,0.016349571464812168,0
2022-11-22,3965.51,4005.8799,3956.8799,4003.5801,3887990000.0,0.01348862221644268,0.00018194292929791104,0.015479587962615188,0
2022-11-23,4000.3,4033.78,3998.6599,4027.26,3279720000.0,0.005897258152997836,3.4777653723099446e-05,0.015236881480561936,0
2022-11-25,4023.3401,4034.02,4020.76,4026.1201,1706460000.0,-0.0002830861063201677,8.01377435915133e-08,0.014509095347634527,0
2022-11-28,4005.3601,4012.27,3955.77,3963.9399,3615430000.0,-0.015564702970797472,0.00024225997856915164,0.013703458674001768,0
2022-11-29,3964.1899,3976.77,3937.6499,3957.6299,3546040000.0,-0.0015931189130163933,2.5380278710105346e-06,0.013875246675147978,0
2022-11-30,3957.1799,4080.1101,3938.5801,4080.1101,6579360000.0,0.03047863735937998,0.000928947335284593,0.013119527457642825,0
2022-12-01,4087.1399,4100.5098,4050.8701,4076.5701,4527130000.0,-0.0008680002489885575,7.534244322441978e-07,0.015777731413351315,0
2022-12-02,4040.1699,4080.48,4026.6299,4071.7,4012620000.0,-0.001195370433268135,1.4289104727316487e-06,0.014899792713860051,0
2022-12-05,4052.02,4052.45,3984.49,3998.8401,4280820000.0,-0.01805625859482373,0.00032602847444314587,0.014079653498781368,0
2022-12-06,3996.6299,4001.51,3918.3899,3941.26,4368380000.0,-0.01450387492900042,0.00021036238795608692,0.01450068111006595,0
2022-12-07,3933.28,3957.5701,3922.6799,3933.9199,4118050000.0,-0.0018641103362005025,3.4749073455295504e-06,0.014461343456224851,0
2022-12-08,3947.79,3974.1899,3935.8301,3963.51,4006900000.0,0.0074936375106618896,5.615460314119892e-05,0.013677021094784018,0
2022-12-09,3954.1699,3977.02,3933.04,3934.3799,3888260000.0,-0.007376712631789228,5.4415889251998765e-05,0.013148591710273582,0
2022-12-12,3939.29,3990.71,3935.3,3990.5601,3904130000.0,0.014178313307158883,0.00020102456823595867,0.012655313282555989,0
2022-12-13,4069.3799,4100.96,3993.03,4019.6499,5079360000.0,0.00726321229633422,5.2754252861620616e-05,0.01280070494051896,0
2022-12-14,4015.54,4053.76,3965.6499,3995.3201,4472340000.0,-0.006071108121340974,3.685835382101233e-05,0.012329030491683242,0
2022-12-15,3958.3701,3958.3701,3879.45,3895.75,4493900000.0,-0.025237485821247796,0.0006369306905776835,0.011827392341721947,0
2022-12-16,3890.9099,3890.9099,3827.9099,3852.3601,7493660000.0,-0.011200241872590382,0.0001254454180045269,0.01379744624862379,0
2022-12-19,3853.79,3854.8601,3800.04,3817.6599,3969610000.0,-0.009048330186461504,8.187227916323049e-05,0.013524004450693928,0
2022-12-20,3810.47,3838.24,3795.6201,3821.6201,3985370000.0,0.0010367993723891533,1.0749529385865422e-06,0.013109603260043165,0
2022-12-21,3839.49,3889.8201,3839.49,3878.4399,3775200000.0,0.014758542490485688,0.0002178145764434715,0.012405027401809106,0
2022-12-22,3853.26,3853.26,3764.49,3822.3899,3956950000.0,-0.014557129880454565,0.00021191003035642315,0.012649164738680958,0
2022-12-23,3815.1101,3845.8,3797.01,3844.8201,2819280000.0,0.0058509585596468175,3.423371606670436e-05,0.012837847187569171,0
2022-12-27,3843.3401,3846.6499,3813.22,3829.25,3030300000.0,-0.004057852264075677,1.64661649970641e-05,0.012288947190007084,0
2022-12-28,3829.5601,3848.3201,3780.78,3783.22,3083520000.0,-0.01209346269904926,0.00014625184005329583,0.011704762901726552,0
2022-12-29,3805.45,3858.1899,3805.45,3849.28,3003680000.0,0.017310618960093668,0.00029965752878155434,0.011738389723698285,0
2022-12-30,3829.0601,3839.8501,3800.3401,3839.5,2979870000.0,-0.0025439680351095257,6.471773363659021e-06,0.01241272921925928,0
2023-01-03,3853.29,3878.46,3794.3301,3824.1399,3959140000.0,-0.004008570540477626,1.6068637777985083e-05,0.011777397244786627,0
2023-01-04,3840.3601,3873.1599,3815.77,3852.97,4414080000.0,0.007510700225055215,5.641061787064446e-05,0.011228249128333955,0
2023-01-05,3839.74,3839.74,3802.4199,3808.1001,3893450000.0,-0.01171387612470488,0.00013721489386493103,0.010908108529294365,0
2023-01-06,3823.3701,3906.1899,3809.5601,3895.0801,3923560000.0,0.02258384058962552,0.0005100298557776171,0.010997016158017021,0
2023-01-09,3910.8201,3950.5701,3890.4199,3892.0901,4311770000.0,-0.0007679298307715868,5.89716224988878e-07,0.012669098429659124,0
2023-01-10,3888.5701,3919.8301,3877.29,3919.25,3851030000.0,0.006953994859315529,4.835804450338681e-05,0.011992619198725686,0
2023-01-11,3932.3501,3970.0701,3928.54,3969.6101,4303360000.0,0.012767569322620258,0.00016301082640791392,0.011571642251971302,0
2023-01-12,3977.5701,3997.76,3937.5601,3983.1699,4440260000.0,0.0034100812898591065,1.1628654403447148e-05,0.011693793552747418,0
2023-01-13,3960.6001,4003.95,3947.6699,3999.0901,3939700000.0,0.003988900664545887,1.591132851161462e-05,0.011131759121846387,0
2023-01-17,3999.28,4015.3899,3984.5701,3990.97,4235560000.0,-0.0020325511182382617,4.131264048251608e-06,0.010629702286224318,0
2023-01-18,4002.25,4014.1599,3926.5901,3928.8601,4298710000.0,-0.015684976207600933,0.00024601847863300733,0.010105282429847755,0
2023-01-19,3911.8401,3922.9399,3885.54,3898.8501,3991500000.0,-0.007667669411607896,5.8793154205707385e-05,0.010818988979352963,0
2023-01-20,3909.04,3972.96,3897.8601,3972.6101,4013360000.0,0.01874167108295153,0.00035125023498154155,0.010548324308448969,0
2023-01-23,3978.1399,4039.3101,3971.6399,4019.8101,3945210000.0,0.01181132812013917,0.0001395074719615903,0.011652459357510409,0
2023-01-24,4001.74,4023.9199,3989.79,4016.95,3320430000.0,-0.0007117545093184377,5.065944815351299e-07,0.011662908648461987,0
2023-01-25,3982.71,4019.55,3949.0601,4016.22,3724020000.0,-0.00018174643434897735,3.303176639856713e-08,0.01105289056737163,0
2023-01-26,4036.0801,4061.5701,4013.29,4060.4299,3809590000.0,0.010947692942043265,0.00011985198075326391,0.01048114792454721,0
2023-01-27,4053.72,4094.21,4048.7,4070.5601,3907760000.0,0.002491751986262078,6.2088279610410115e-06,0.010539687203347938,0
2023-01-30,4049.27,4063.8501,4015.55,4017.77,3802000000.0,-0.013053584348635272,0.00017039606434693572,0.010033362342946897,0
2023-01-31,4020.8501,4077.1599,4020.4399,4076.6001,4679320000.0,0.014536309852563684,0.00021130430412974002,0.010395856825558545,0
2023-02-01,4070.0701,4148.9502,4037.2,4119.21,4856930000.0,0.010398065204964965,0.00010811976000670309,0.010897880625942205,0
2023-02-02,4158.6802,4195.4399,4141.8799,4179.7598,5624360000.0,0.014592383368003585,0.00021293765235878763,0.01085281598320492,0
2023-02-03,4136.6899,4182.3599,4123.3599,4136.48,4694510000.0,-0.01040859613973452,0.00010833887360009635,0.011292649872303854,0
2023-02-06,4119.5698,4124.6299,4093.3799,4111.0801,4114240000.0,-0.006159392594660956,3.793811713516423e-05,0.011205359079779452,0
2023-02-07,4105.3501,4176.54,4088.3899,4164.0,4355860000.0,0.012790358716411092,0.0001635932760944732,0.010802706368950197,0
2023-02-08,4153.4702,4156.8501,4111.6699,4117.8599,4029820000.0,-0.011142564095461467,0.00012415673462146703,0.011025801536961916,0
2023-02-09,4144.25,4156.23,4069.6699,4081.5,4270200000.0,-0.008869018747987324,7.865949355215064e-05,0.011040336341043313,0
2023-02-10,4068.9199,4094.3601,4060.79,4090.46,3891520000.0,0.002192865258876484,4.80865804358743e-06,0.010842951544249161,0
2023-02-13,4096.6201,4138.8999,4092.6699,4137.29,3448620000.0,0.011383550959928976,0.0001295852324572999,0.01030906048986989,0
2023-02-14,4126.7002,4159.77,4095.01,4136.1299,3929200000.0,-0.0002804402584723827,7.864673857205681e-08,0.010435580517267421,0
2023-02-15,4119.5,4148.1099,4103.98,4147.6001,4075980000.0,0.0027693339427078125,7.669210486233598e-06,0.009905835913867782,0
2023-02-16,4114.75,4136.54,4089.49,4090.4099,4143660000.0,-0.013884692730397922,0.0001927846922175649,0.009452500659441846,0
2023-02-17,4077.3899,4081.51,4047.95,4079.0901,4045480000.0,-0.0027712362432060133,7.679750315658578e-06,0.010015814053941769,0
2023-02-21,4052.3501,4052.3501,3995.1899,3997.3401,4121590000.0,-0.020244783912759655,0.00040985127567433213,0.009554980777249117,0
2023-02-22,4001.8301,4017.3701,3976.8999,3991.05,4079320000.0,-0.001574810749407133,2.480028896448256e-06,0.01113399915274491,0
2023-02-23,4018.6001,4028.3,3969.1899,4012.3201,3952940000.0,0.005315298383510954,2.8252396905754163e-05,0.01056967193046673,0
2023-02-24,3973.24,3978.25,3943.0801,3970.04,3877700000.0,-0.010593482344963268,0.00011222186819304845,0.010172684382048587,0
2023-02-27,3992.3601,4018.05,3973.55,3982.24,3836950000.0,0.0030683048311681872,9.414494536970038e-06,0.010230813948775093,0
2023-02-28,3977.1899,3997.5,3968.98,3970.1499,5043400000.0,-0.0030406228735850335,9.245387459368506e-06,0.009764366529104729,0
2023-03-01,3963.3401,3971.73,3939.05,3951.3899,4249480000.0,-0.0047364617348550206,2.2434069765745832e-05,0.009330919115065405,0
2023-03-02,3938.6799,3990.8401,3928.1599,3981.3501,4244900000.0,0.00755359244158347,5.705675877354693e-05,0.009003634038452727,0
2023-03-03,3998.02,4048.29,3995.1699,4045.6399,4084730000.0,0.016018750422337764,0.0002566003650931463,0.008902193440415387,0
2023-03-06,4055.1499,4078.49,4044.6101,4048.4199,4000870000.0,0.0006869235409689211,4.7186395113728104e-07,0.009888910736756329,0
2023-03-07,4048.26,4050.0,3980.3101,3986.3701,3922500000.0,-0.015445589387486485,0.00023856623152683512,0.009399821692063395,0
2023-03-08,3987.55,4000.4099,3969.76,3992.01,3535570000.0,0.0014137960008770059,1.998819132095815e-06,0.01019875997271414,0
2023-03-09,3998.6599,4017.8101,3908.7,3918.3201,4445260000.0,-0.01863184742414116,0.0003471457384364756,0.009696600063216708,0
2023-03-10,3912.77,3934.05,3846.3201,3861.5901,5518190000.0,-0.014583974375263167,0.0002126923085783327,0.010953649940710831,0
2023-03-13,3835.1201,3905.05,3808.8601,3855.76,6558020000.0,-0.0015109075093273313,2.2828415017417197e-06,0.011376600395593923,0
2023-03-14,3894.01,3937.29,3873.6299,3919.29,5665870000.0,0.016342380801371525,0.0002670734102570366,0.01079535371942126,0
2023-03-15,3876.74,3894.26,3838.24,3891.9299,6594010000.0,-0.007005362092428368,4.9075098046032366e-05,0.0114831361776745,0
2023-03-16,3878.9299,3964.46,3864.1101,3960.28,5695790000.0,0.01740957698115753,0.0003030933706628501,0.011109512790620047,0
2023-03-17,3958.6899,3958.9099,3901.27,3916.6399,9354280000.0,-0.01108061198131624,0.00012277996188048902,0.011899624409907232,0
2023-03-20,3917.47,3956.6201,3916.8899,3951.5701,5347140000.0,0.008878875748083027,7.883443454989695e-05,0.011810434546399169,0
2023-03-21,3975.8899,4009.0801,3971.1899,4002.8701,4920240000.0,0.012898635217663082,0.00016637479047833836,0.011540201744607747,0
2023-03-22,4002.04,4039.49,3936.1699,3936.97,4533010000.0,-0.016600236904571027,0.00027556786528788187,0.01168033196364385,0
2023-03-23,3959.21,4007.6599,3919.05,3948.72,4991600000.0,0.0029800838470393862,8.880899735385067e-06,0.012261602923430587,0
2023-03-24,3939.21,3972.74,3909.1599,3970.99,4583970000.0,0.005623958124210314,3.1628904982871196e-05,0.011650080090072967,0
2023-03-27,3982.9299,4003.8301,3970.49,3977.53,4233540000.0,0.0016455897389303137,2.707965588872738e-06,0.011184226030586298,0
2023-03-28,3974.1299,3979.2,3951.53,3971.27,4014600000.0,-0.001575080840930101,2.480879655465074e-06,0.01061862179147445,0
2023-03-29,3999.53,4030.5901,3999.53,4027.8101,4145250000.0,0.014136885973273916,0.0001998515450213488,0.010090155616736908,0
2023-03-30,4046.74,4057.8501,4032.1001,4050.8301,3930860000.0,0.005698994319520591,3.2478536253927965e-05,0.010584315341014207,0
2023-03-31,4056.1799,4110.75,4056.1799,4109.3101,4525120000.0,0.014333332458113465,0.00020544441935480898,0.010207614770888149,0
2023-04-03,4102.2002,4127.6602,4098.79,4124.5098,4234700000.0,0.0036920208239218416,1.3631017764272514e-05,0.01070970445640792,0
2023-04-04,4128.0298,4133.1299,4086.8701,4100.6001,4227800000.0,-0.005813847507923722,3.380082284539087e-05,0.010230480924136092,0
2023-04-05,4094.5,4099.6899,4072.5601,4090.3799,3968020000.0,-0.002495478026751627,6.227410582000194e-06,0.00988977179273072,0
2023-04-06,4081.1499,4107.3198,4069.8401,4105.02,3486690000.0,0.00357276417297688,1.276464383570717e-05,0.009431537870205755,0
2023-04-10,4085.2,4109.5,4072.55,4109.1099,3423650000.0,0.0009958207108417179,9.916588881413043e-07,0.0090424539064864,0
2023-04-11,4110.29,4124.2598,4102.6099,4108.9399,3665830000.0,-4.137234603381265e-05,1.7116710163415333e-09,0.008614162178247668,0
2023-04-12,4121.7202,4134.3701,4086.9399,4091.95,3633120000.0,-0.004143434313621296,1.716804791129438e-05,0.008209508485588816,0
2023-04-13,4100.04,4150.2598,4099.3999,4146.2202,3596590000.0,0.013175494985035908,0.00017359366810070637,0.007943518866748867,0
2023-04-14,4140.1099,4163.1899,4113.2002,4137.6401,3575690000.0,-0.0020715228788319236,4.2912070375241005e-06,0.008669069073704254,0
2023-04-17,4137.1699,4151.7202,4123.1802,4151.3198,3611180000.0,0.0033007066229486497,1.089466421077708e-05,0.00828800731327236,0
2023-04-18,4164.2598,4169.48,4140.3599,4154.8701,3536640000.0,0.0008548565007422538,7.30779636861291e-07,0.007976867820502718,0
2023-04-19,4139.3301,4162.5698,4134.4902,4154.52,3572560000.0,-8.426611243268408e-05,7.100777704517754e-09,0.007623374220397395,0
2023-04-20,4130.48,4148.5698,4114.5698,4129.79,3772080000.0,-0.005970339945819703,3.564495906865041e-05,0.0072905191086533195,0
2023-04-21,4132.1401,4138.02,4113.8599,4133.52,3611750000.0,0.000902785990925368,8.150225454110987e-07,0.0072367541256472415,0
2023-04-24,4132.0698,4142.4102,4117.77,4137.04,3290940000.0,0.0008512120612239251,7.245619731730832e-07,0.006938538990822268,0
2023-04-25,4126.4302,4126.4302,4071.3799,4071.6299,3978640000.0,-0.015937170155156718,0.000253993392554418,0.006662244739281693,0
2023-04-26,4087.78,4089.6699,4049.3501,4055.99,3837030000.0,-0.00384858531692303,1.481160894163554e-05,0.00816942169729058,0
2023-04-27,4075.29,4138.2402,4075.29,4135.3501,3750550000.0,0.019377191561751744,0.000375475552820823,0.007894009388277274,0
2023-04-28,4129.6299,4170.0601,4127.1802,4169.48,4087800000.0,0.008219335430820908,6.755747492434793e-05,0.009731966023960845,0
2023-05-01,4166.79,4186.9199,4164.1201,4167.8701,3321370000.0,-0.00038618985665675237,1.4914260538456293e-07,0.009612107507239403,0
2023-05-02,4164.1001,4164.1001,4089.72,4119.5801,4486130000.0,-0.011653897246755664,0.00013581332103793924,0.00914067320568967,0
2023-05-03,4122.25,4148.2998,4088.8601,4090.75,4246510000.0,-0.0070229133649001955,4.932131213089379e-05,0.009454419340304918,0
2023-05-04,4082.55,4082.6101,4048.28,4061.22,4920090000.0,-0.007244906241251436,5.2488666444524014e-05,0.009265257824519285,0
2023-05-05,4084.73,4147.02,4084.73,4136.25,4186270000.0,0.018306159168068423,0.00033511546348665556,0.00911205867680723,0
2023-05-08,4136.98,4142.2998,4123.8101,4138.1201,3641640000.0,0.0004520223314260987,2.043241881078858e-07,0.010440357976590937,0
2023-05-09,4124.25,4130.3501,4116.6499,4119.1699,3810140000.0,-0.004589940106139578,2.10675501779486e-05,0.009912404340670785,0
2023-05-10,4143.7402,4154.2798,4098.9199,4137.6401,4057160000.0,0.004473938678128501,2.0016127295654194e-05,0.009531923034497281,0
2023-05-11,4132.2402,4132.7998,4109.29,4130.6201,3752900000.0,-0.0016980601763822356,2.883408362615269e-06,0.0091763835202371,0
2023-05-12,4138.54,4143.7402,4099.1201,4124.0801,3533740000.0,-0.0015845521242282676,2.510805434396315e-06,0.008751920990870165,0
2023-05-15,4126.6499,4141.25,4110.27,4136.2798,3562170000.0,0.0029537959647754713,8.724910601523857e-06,0.008355754841621823,0
2023-05-16,4127.9502,4135.54,4109.8599,4109.8999,3654200000.0,-0.0063981118408584,4.093583512813247e-05,0.008027285532492141,0
2023-05-17,4122.8501,4164.6699,4113.6201,4158.77,4039080000.0,0.011820684495940275,0.0001397285819525628,0.007931448167149989,0
2023-05-18,4157.6802,4202.2002,4153.5,4198.0498,3980500000.0,0.009400726643537732,8.837366142652019e-05,0.008454961646613291,0
2023-05-19,4204.1499,4212.9102,4180.2002,4191.98,4041900000.0,-0.0014469081048911299,2.0935430639996407e-06,0.008597659131722633,0
2023-05-22,4190.7798,4209.2202,4179.6802,4192.6299,3728520000.0,0.00015502212006342895,2.4031857708960178e-08,0.008210230463506484,0
2023-05-23,4176.7998,4185.6802,4142.54,4145.5801,4155320000.0,-0.011285467591035648,0.00012736177874831596,0.007837798066686948,0
2023-05-24,4132.96,4132.96,4103.98,4115.2402,2275689000.0,-0.00734552630810634,5.395675674308235e-05,0.0083023975211759,0
2023-05-25,4155.71,4165.7402,4129.73,4151.2798,4147760000.0,0.008719468007813189,7.602912233927769e-05,0.008258166894044582,0
2023-05-26,4156.1602,4212.8701,4156.1602,4205.4502,3715460000.0,0.012964678470561307,0.0001680828878450359,0.008352539702858727,0
2023-05-30,4226.71,4231.1001,4192.1802,4205.52,4228510000.0,1.6597371847132615e-05,2.754727522319903e-10,0.008966634335237807,0
2023-05-31,4190.7402,4195.4399,4166.1499,4179.8301,5980670000.0,-0.006127348308554056,3.754439729434025e-05,0.008540326380484287,0
2023-06-01,4183.0298,4232.4302,4171.6401,4221.02,4391860000.0,0.009806205225247602,9.616166091967338e-05,0.008372533868341627,0
2023-06-02,4241.0098,4290.6699,4241.0098,4282.3701,4454200000.0,0.014429813003698591,0.00020821950332170896,0.008571467787935274,0
2023-06-05,4282.9902,4299.2798,4266.8198,4273.79,3813290000.0,-0.0020055966171231535,4.022417790615837e-06,0.009365627354651952,0
2023-06-06,4271.3398,4288.3301,4263.0898,4283.8501,3996560000.0,0.0023511399209773416,5.52785892801334e-06,0.008934028652845026,0
2023-06-07,4285.4702,4299.1899,4263.96,4267.52,4537800000.0,-0.003819299050254716,1.4587045235276577e-05,0.008542836524132905,0
2023-06-08,4268.6899,4298.0098,4261.0698,4293.9302,3826740000.0,0.006169581824473739,3.8063739888876706e-05,0.00823622461958871,0
2023-06-09,4304.8799,4322.6201,4291.7002,4298.8599,3786510000.0,0.0011474039243306734,1.3165357655694296e-06,0.008101422072007196,0
2023-06-12,4308.3198,4340.1299,4304.3701,4338.9302,3945670000.0,0.00927797202197809,8.608076484060821e-05,0.007745603846643151,0
2023-06-13,4352.6099,4375.3701,4349.3101,4369.0098,4275400000.0,0.006908573012091412,4.772838106339781e-05,0.007968968880561422,0
2023-06-14,4366.29,4391.8198,4337.8501,4372.5898,4252110000.0,0.0008190721066989003,6.708791159721747e-07,0.007922468241693176,0
2023-06-15,4365.3301,4439.2002,4362.6001,4425.8398,4176690000.0,0.012104580613972495,0.00014652087184015874,0.007575613618167915,0
2023-06-16,4440.9502,4448.4702,4407.4399,4409.5898,6848600000.0,-0.0036783765041793633,1.3530453706498794e-05,0.008201165085507514,0
2023-06-20,4396.1099,4400.1499,4367.1899,4388.71,4055790000.0,-0.0047463350129989534,2.2527696055619775e-05,0.00791598913025723,0
2023-06-21,4380.0098,4386.2202,4360.1401,4365.6899,3709330000.0,-0.005259104752073192,2.7658182793278827e-05,0.0077131865757969,0
2023-06-22,4355.3999,4382.25,4351.8198,4381.8901,3511000000.0,0.003703931492143101,1.371910849848942e-05,0.007563007389161317,0
2023-06-23,4354.1699,4366.5498,4341.3398,4348.3301,6053620000.0,-0.007688274646174999,5.910956703501731e-05,0.007332680407492507,0
2023-06-26,4344.8398,4362.0601,4328.0801,4328.8198,3415030000.0,-0.004496944988568732,2.0222514230213435e-05,0.007435096303299007,0
2023-06-27,4337.3599,4384.4199,4335.0,4378.4102,3573500000.0,0.011390749111161978,0.00012974916531343739,0.007260885301445866,0
2023-06-28,4367.48,4390.3501,4360.2202,4376.8599,3739330000.0,-0.00035414099131051867,1.2541584172639687e-07,0.007838089997725972,0
2023-06-29,4374.9399,4398.3901,4371.9702,4396.4399,3696660000.0,0.00446355030706766,1.99232813437238e-05,0.0074940288885790105,0
2023-06-30,4422.4399,4458.48,4422.4399,4450.3799,3923450000.0,0.012194363542047098,0.00014870250219560743,0.007312403863420113,0
2023-07-03,4450.48,4456.46,4442.29,4455.5898,2034280000.0,0.0011699794115172667,1.3688518233742896e-06,0.00799971666577372,0
2023-07-05,4442.04,4454.0601,4436.6099,4446.8198,3482620000.0,-0.001970253724794079,3.8818997400649415e-06,0.007652048576182517,0
2023-07-06,4422.6201,4422.6201,4385.0498,4411.5898,3682020000.0,-0.007954065646646679,6.326716031116484e-05,0.007347552647183845,0
2023-07-07,4404.54,4440.3901,4397.3999,4398.9502,3630480000.0,-0.0028692018130783976,8.232319044172364e-06,0.007475795432304641,0
2023-07-10,4394.23,4412.6001,4389.9199,4409.5298,3429600000.0,0.0024021409113198465,5.770280957836542e-06,0.0072152501550484405,0
2023-07-11,4415.5498,4443.6401,4408.46,4439.2598,3624220000.0,0.006719588375374019,4.5152867934461644e-05,0.00695851402544802,0
2023-07-12,4467.6899,4488.3398,4463.23,4472.1602,3920290000.0,0.007383907274726066,5.452208664175252e-05,0.007010072947910015,0
2023-07-13,4491.5,4517.3799,4489.3599,4510.04,3839530000.0,0.008434464545651308,7.114019217184892e-05,0.007121638386095491,0
2023-07-14,4514.6099,4527.7598,4499.5601,4505.4199,3647450000.0,-0.0010249283909394152,1.0504782065536587e-06,0.007333422769447425,0
2023-07-17,4508.8599,4532.8501,4504.8999,4522.79,3538240000.0,0.0038479657928689906,1.480684074308988e-05,0.0070336035200723075,0
2023-07-18,4521.7798,4562.2998,4514.5898,4554.98,4090010000.0,0.007092079866132413,5.029759682760074e-05,0.006857992387256941,0
2023-07-19,4563.8701,4578.4302,4557.48,4565.7202,4115670000.0,0.002355127288214308,5.5466245436916805e-06,0.0069587998351656995,0
2023-07-20,4554.3799,4564.7402,4527.5601,4534.8701,3761770000.0,-0.006779827935203091,4.5966066830960206e-05,0.006721358806167285,0
2023-07-21,4550.1602,4555.0,4535.79,4536.3398,3570190000.0,0.00032403616034929714,1.0499943321391541e-07,0.006807834784167761,0
2023-07-24,4543.3901,4563.4102,4541.29,4554.6401,3856250000.0,0.004026040079380466,1.6208998720777867e-05,0.006541337983502205,0
2023-07-25,4555.1899,4580.6201,4552.4199,4567.46,3812470000.0,0.0028107361900185906,7.900237929880222e-06,0.006422507107870654,0
2023-07-26,4558.96,4582.4702,4547.5801,4566.75,3990290000.0,-0.00015545953102232801,2.4167665785682166e-08,0.006248963217726116,0
2023-07-27,4598.2598,4607.0698,4528.5601,4537.4102,4553210000.0,-0.006445383413132824,4.154296734228773e-05,0.0060256619187953366,0
2023-07-28,4565.75,4590.1602,4564.0098,4582.23,3981010000.0,0.009829370430759215,9.66165230650836e-05,0.006168170153878989,0
2023-07-31,4584.8198,4594.2202,4573.1401,4588.96,4503600000.0,0.001467639686456588,2.1539662492623917e-06,0.006716278511084742,0
2023-08-01,4578.8301,4584.6201,4567.5298,4576.73,4042370000.0,-0.002668649552448092,7.121690433781402e-06,0.006472601831757178,0
2023-08-02,4550.9302,4550.9302,4505.75,4513.3901,4270710000.0,-0.013936213041362479,0.00019421803393424164,0.0062884128641604465,0
2023-08-03,4494.27,4519.4902,4485.54,4501.8901,4149120000.0,-0.002551225471073565,6.508751404254534e-06,0.007497356646604665,0
2023-08-04,4513.96,4540.3398,4474.5498,4478.0298,4143310000.0,-0.005314157902846691,2.8240274216387946e-05,0.007222583422911449,0
2023-08-07,4491.5801,4519.8398,4491.1499,4518.4399,3493920000.0,0.008983606486224115,8.070518549932798e-05,0.007124741866443304,0
2023-08-08,4498.0298,4503.3101,4464.3901,4499.3799,3884910000.0,-0.0042271921162503985,1.786915318768952e-05,0.007400765495218391,0
2023-08-09,4501.5698,4502.4399,4461.3301,4467.71,3803100000.0,-0.007063614178722384,4.98946452658479e-05,0.007213331937752634,0
2023-08-10,4487.1602,4527.3701,4457.9199,4468.8301,4504370000.0,0.00025067867280430234,6.283979699892647e-08,0.007267127522135434,0
2023-08-11,4450.6899,4476.23,4443.98,4464.0498,3753290000.0,-0.001070270844302202,1.1454796801633485e-06,0.006965357994893895,0
2023-08-14,4458.1299,4490.3301,4453.4399,4489.7202,3896410000.0,0.005734002623310711,3.287878608413412e-05,0.006694806406041495,0
2023-08-15,4478.8701,4478.8701,4432.1899,4437.8599,3832250000.0,-0.01161812781595577,0.0001349808939478852,0.006687093367022614,0
2023-08-16,4433.79,4449.9502,4403.5498,4404.3301,3753910000.0,-0.007584085099898291,5.751834680249927e-05,0.007405092225723615,0
2023-08-17,4416.3198,4421.1699,4364.8301,4370.3599,3943700000.0,-0.007742807942464193,5.995107483388658e-05,0.007487100892591308,0
2023-08-18,4344.8799,4381.8198,4335.3101,4369.71,3940400000.0,-0.00014871734634479337,2.2116849103837227e-08,0.007575106316303742,0
2023-08-21,4380.2798,4407.5498,4360.2998,4399.77,3726850000.0,0.006855621481266927,4.699954589440853e-05,0.007250063730337003,0
2023-08-22,4415.3301,4418.5898,4382.77,4387.5498,3522760000.0,-0.0027813276757572996,7.735783639933502e-06,0.007279450924067854,0
2023-08-23,4396.4399,4443.1802,4396.4399,4436.0098,3837270000.0,0.010984339528236568,0.00012065571487158035,0.0070317760984608835,0
2023-08-24,4455.1602,4458.2998,4375.5498,4376.3101,3723470000.0,-0.013549352271636728,0.00018358494698090736,0.007588582286351521,0
2023-08-25,4389.3799,4418.46,4356.29,4405.71,3296180000.0,0.0066955004651777115,4.482972647919495e-05,0.00843281890018007,0
2023-08-28,4426.0298,4439.5601,4414.98,4433.3101,2957230000.0,0.006245079067666134,3.900101256140171e-05,0.008319048023929155,0
2023-08-29,4432.75,4500.1401,4431.6802,4497.6299,3354820000.0,0.014404063193709078,0.00020747703648836457,0.008181469982746093,0
2023-08-30,4500.3398,4521.6499,4493.5898,4514.8701,3064110000.0,0.003825846552871078,1.463710184611551e-05,0.009044500103316696,0
2023-08-31,4517.0098,4532.2598,4507.3901,4507.6602,3946360000.0,-0.0015981994617744674,2.5542415196161974e-06,0.008697659146059071,0
2023-09-01,4530.6001,4541.25,4501.3501,4515.77,3246260000.0,0.0017974987346973908,3.231001701238721e-06,0.008306577205009295,0
2023-09-05,4510.0601,4514.29,4496.0098,4496.8301,3526250000.0,-0.004202988631722878,1.7665113438391755e-05,0.00794875917743855,0
2023-09-06,4490.3501,4490.3501,4442.3799,4465.48,3418850000.0,-0.006996014982140269,4.8944225630331114e-05,0.007711882120800247,0
2023-09-07,4434.5498,4457.8101,4430.46,4451.1401,3763760000.0,-0.0032164457388538853,1.0345523190991316e-05,0.0077012077145433185,0
2023-09-08,4451.2998,4473.5298,4448.3799,4457.4902,3259290000.0,0.0014256065998095636,2.0323541774205852e-06,0.0074370339481294855,0
2023-09-11,4480.98,4490.77,4467.8901,4487.46,3369920000.0,0.006700967914687292,4.490297099366855e-05,0.00713685963028231,0
2023-09-12,4473.27,4487.1099,4456.8301,4461.8999,3435740000.0,-0.005712178253097675,3.2628980395162006e-05,0.007164966267007255,0
2023-09-13,4462.6499,4479.3901,4453.52,4467.4399,3529430000.0,0.0012408533743639763,1.5397170966704664e-06,0.007104041098598395,0
2023-09-14,4487.7798,4511.9902,4478.6899,4505.1001,3648720000.0,0.008394595322361255,7.046923062620946e-05,0.006825827381450786,0
2023-09-15,4497.98,4497.98,4447.21,4450.3198,6932230000.0,-0.01223415180476216,0.0001496744703819652,0.007073973190994825,0
2023-09-18,4445.1299,4466.3599,4442.1099,4453.5298,3161230000.0,0.0007210364692304275,5.198935899602812e-07,0.007810560916339727,0
2023-09-19,4445.4102,4449.8501,4416.6099,4443.9502,3614880000.0,-0.0021533296397587003,4.636828537463334e-06,0.007471980118583395,0
2023-09-20,4452.8101,4461.0298,4401.3799,4402.2002,3308450000.0,-0.00943920419628743,8.909857585921023e-05,0.007187343653351199,0
2023-09-21,4374.3599,4375.7002,4329.1699,4330.0,3662340000.0,-0.016536919383296593,0.0002734697026896506,0.007509064516328437,0
2023-09-22,4341.7402,4357.3999,4316.4902,4320.0601,3349570000.0,-0.002298227818114063,5.281851103953327e-06,0.008888240023896382,0
2023-09-25,4310.6201,4338.5098,4302.7002,4337.4399,3195650000.0,0.004014975072918378,1.6120024836155937e-05,0.008499484398469386,0
2023-09-26,4312.8799,4313.0098,4265.98,4273.5298,3472340000.0,-0.01484415246260651,0.0002203488623331069,0.008206387712207237,0
2023-09-27,4282.6299,4292.0698,4238.6299,4274.5098,3875880000.0,0.00022929234073573945,5.2574977520074446e-08,0.00913279755714378,0
2023-09-28,4269.6499,4317.27,4264.3799,4299.7002,3846230000.0,0.005875870191335131,3.452585050542075e-05,0.008696443686359419,0
2023-09-29,4328.1802,4333.1499,4274.8599,4288.0498,3865960000.0,-0.0027132618316359543,7.361789767012494e-06,0.008496234236433925,0
2023-10-02,4284.52,4300.5801,4260.21,4288.3901,3938660000.0,7.93569369450002e-05,6.297523441292738e-09,0.008150390504729398,0
2023-10-03,4269.75,4281.1499,4216.4502,4229.4502,3953830000.0,-0.013839386192786596,0.0001915286101930923,0.007784378703503585,0
2023-10-04,4233.8301,4268.5,4220.48,4263.75,3777600000.0,0.008077046499528945,6.523868015555278e-05,0.008632117845668358,0
2023-10-05,4259.3101,4267.1299,4225.9102,4258.1899,3581470000.0,-0.001304890870903706,1.7027401849678326e-06,0.008617640643874632,0
2023-10-06,4234.79,4324.1001,4219.5498,4308.5,3902030000.0,0.011745651817869686,0.00013796033662662546,0.008228611617556681,0
2023-10-09,4289.02,4341.73,4283.79,4335.6602,3174630000.0,0.006284078210122863,3.9489638950940965e-05,0.008687875432475284,0
2023-10-10,4339.75,4385.46,4339.6401,4358.2402,3520240000.0,0.005194458121892151,2.698239518009133e-05,0.00851781827652812,0
2023-10-11,4366.5898,4378.6401,4345.3398,4376.9502,3601660000.0,0.004283828458404049,1.835118626103241e-05,0.008289447396048831,0
2023-10-12,4380.9399,4385.8501,4325.4302,4349.6099,3713140000.0,-0.00626601756975706,3.926297618450417e-05,0.008028339460375468,0
2023-10-13,4360.4902,4377.1001,4311.9702,4327.7798,2302663000.0,-0.005031500672192469,2.5315999014273264e-05,0.00792207197436333,0
2023-10-16,4342.3701,4383.3301,4342.3701,4373.6299,3409960000.0,0.010538642802515675,0.00011106299211901543,0.007737439856975393,0
2023-10-17,4345.23,4393.5698,4337.54,4373.2002,3794850000.0,-9.825273737632877e-05,9.653600401941833e-09,0.008114241418066652,0
2023-10-18,4357.3501,4364.2002,4303.8398,4314.6001,3686030000.0,-0.0134904087798078,0.00018199112904631538,0.007751236178358673,0
2023-10-19,4321.3599,4339.54,4269.6899,4278.0,3969730000.0,-0.00851903287127158,7.257392106180571e-05,0.008549194381275892,0
2023-10-20,4273.8501,4276.5601,4223.0298,4224.1602,4004030000.0,-0.012665138839067619,0.00016040574181285907,0.008586624196883188,0
2023-10-23,4210.3999,4255.8398,4189.2202,4217.04,3776100000.0,-0.0016870116855371607,2.8460084271389317e-06,0.009113237125205146,0
2023-10-24,4235.79,4259.3799,4219.4302,4247.6802,3821820000.0,0.00723953848428428,5.241091746543312e-05,0.008695594935613334,0
2023-10-25,4232.4199,4232.4199,4181.4199,4186.77,3869370000.0,-0.0144434450238718,0.00020861310415760706,0.008600045429320082,0
2023-10-26,4175.9902,4183.6001,4127.8999,4137.23,4277640000.0,-0.011903071819740901,0.00014168311874590997,0.00938373142088278,0
2023-10-27,4152.9302,4156.7002,4103.7798,4117.3701,4019500000.0,-0.004811847473860467,2.3153876111697354e-05,0.009689740813573579,0
2023-10-30,4139.3901,4177.4702,4132.9399,4166.8198,3911140000.0,0.011938472662387473,0.00014252712951057304,0.009340299485988288,0
2023-10-31,4171.3301,4195.5498,4153.1201,4193.7998,4249470000.0,0.006454089516253103,4.165527148380822e-05,0.009656604341189685,0
2023-11-01,4201.27,4245.6401,4197.7402,4237.8599,4224900000.0,0.01045120477236935,0.00010922768119399587,0.009408535884377766,0
2023-11-02,4268.2598,4319.7202,4268.2598,4317.7798,4669780000.0,0.018682933707450767,0.0003490520119170001,0.00954270748554963,0
2023-11-03,4334.23,4373.6201,4334.23,4358.3398,4570960000.0,0.009349870068505359,8.74200702979324e-05,0.010828702182347782,0
2023-11-06,4364.27,4372.21,4347.5298,4365.98,3656340000.0,0.0017514722358354287,3.0676549929023553e-06,0.010693987313219489,0
2023-11-07,4366.21,4386.2598,4355.4102,4378.3799,3791230000.0,0.002836092853742051,8.043422675046731e-06,0.01016727488318591,0
2023-11-08,4384.3701,4391.2002,4359.7598,4382.7798,3729510000.0,0.0010044104937159237,1.0088404398866656e-06,0.009702901549183716,0
2023-11-09,4391.4102,4393.3999,4343.9399,4347.3501,3900780000.0,-0.008116693546781866,6.588071413237038e-05,0.009234383351935571,0
2023-11-10,4364.1499,4418.0298,4353.3398,4415.2402,3665080000.0,0.015495750946117397,0.00024011829738409822,0.009157909847388252,0
2023-11-13,4406.6602,4421.7598,4393.8198,4411.5498,3326240000.0,-0.0008361817183885554,6.991998661672374e-07,0.009998419600251836,0
2023-11-14,4458.9702,4508.6699,4458.9702,4495.7002,4700350000.0,0.018895372579792118,0.00035703510492915983,0.009508137734520035,0
2023-11-15,4505.2998,4521.1699,4495.3101,4502.8799,4347170000.0,0.0015957409821857353,2.5463892822270952e-06,0.010835905473281752,0
2023-11-16,4497.0801,4511.9902,4487.8301,4508.2402,3964520000.0,0.0011897079547857176,1.4154050176804151e-06,0.010297848644327843,0
2023-11-17,4509.5498,4520.1201,4499.6602,4514.02,3777240000.0,0.001281231235307117,1.641553478326601e-06,0.009791260152732932,0
2023-11-20,4511.7002,4557.1099,4510.3599,4547.3799,3644790000.0,0.007363111900241855,5.4215416855483226e-05,0.009320709834598812,0
2023-11-21,4538.77,4542.1401,4525.5098,4538.1899,3511080000.0,-0.0020229888353639485,4.092483828007185e-06,0.009172184456351557,0
2023-11-22,4553.04,4568.4302,4545.0498,4556.6201,3042810000.0,0.0040529104462859586,1.6426083085613847e-05,0.008758364730846973,0
2023-11-24,4555.8398,4560.3101,4552.7998,4559.3398,1639500000.0,0.0005966897859418467,3.560387006473269e-07,0.00844707726864512,0
2023-11-27,4554.8599,4560.52,4546.3198,4550.4302,3403990000.0,-0.0019560543989118767,3.826148811502503e-06,0.008062294146772349,0
2023-11-28,4545.5498,4568.1401,4540.5098,4554.8901,3586240000.0,0.0009796251443603633,9.596654234630627e-07,0.007727006323053295,0
2023-11-29,4571.8398,4587.6401,4547.1499,4550.5801,4418760000.0,-0.0009466837466314408,8.962101161361421e-07,0.007397276871708895,0
2023-11-30,4554.8701,4569.8901,4537.2402,4567.7998,5399300000.0,0.0037769254317097426,1.4265165716695825e-05,0.007091142088969422,0
2023-12-01,4559.4302,4599.3901,4554.71,4594.6299,4397120000.0,0.005856563720831881,3.4299338616164166e-05,0.006905524835070522,0
2023-12-04,4564.3701,4572.3701,4546.7202,4569.7798,4369910000.0,-0.005423188556365092,2.941097411788929e-05,0.006884270802589526,0
2023-12-05,4557.25,4578.5601,4551.6802,4567.1802,2322321000.0,-0.0005690295393971211,3.2379461670649984e-07,0.006829715610683715,0
2023-12-06,,,,4549.34,,-0.003913822902081326,1.5318009708856296e-05,0.006562532310307396,0
2023-12-07,,,,4585.59,,0.007936610413312938,6.298978485270736e-05,0.006433984928039078,0
2023-12-08,,,,4604.37,,0.004087074621006593,1.6704178957676184e-05,0.006686059699262094,0
2023-12-11,,,,4622.44,,0.003916851675081129,1.5341727044585846e-05,0.00655686559286949,0
2023-12-12,,,,4643.7,,0.004588758060085738,2.1056700534001823e-05,0.006429511463871731,0
2023-12-13,,,,4707.09,,0.013558420429298217,0.00018383076453761123,0.006359721474093676,0
2023-12-14,,,,4719.55,,0.0026435733742609306,6.988480185101323e-06,0.007479383875991116,0
2023-12-15,,,,4719.19,,-7.628136810104926e-05,5.8188471193677755e-09,0.007210295107603308,0
2023-12-18,,,,4740.56,,0.004518097487249544,2.0413204904290644e-05,0.0069129964206129215,0
2023-12-19,,,,4768.37,,0.005849255234901429,3.4213786803021775e-05,0.006790018322548329,0
2023-12-20,,,,4698.35,,-0.014793144174519959,0.00021883711456813378,0.006781445246596601,0
2023-12-21,,,,4746.75,,0.01024879009249407,0.00010503769836000462,0.008019409691080686,0
2023-12-22,,,,4754.63,,0.0016587067997896167,2.7513082476683117e-06,0.0083185452219171,0
2023-12-26,,,,4774.75,,0.004222736399949838,1.7831502703461323e-05,0.007956576953928284,0
2023-12-27,,,,4781.58,,0.001429419277681746,2.0432394714082046e-06,0.007720048125772733,0
2023-12-28,,,,4783.35,,0.00037010203319937546,1.3697551497831162e-07,0.007398778740404545,0
2023-12-29,,,,4769.83,,-0.0028304729998547477,8.011577402906734e-06,0.0070886534376144615,0
