Date,Close,Open,High,Low,Volume,Chg%,LogReturn,SquaredReturn,Volatility,Mean
2021-06-30,46817,46448,46858,46372,830,0.82,0.00812829524814218,6.606918364097074e-05,0.008327020474855097,0
2021-07-01,46985,46882,47999,46837,120,0.36,0.003582017006711974,1.283084583637381e-05,0.008326220732351798,0
2021-07-02,47286,47200,47553,47200,200,0.64,0.006385866764539121,4.0779294334445336e-05,0.008198083938443724,0
2021-07-05,47567,47800,48704,47075,30,0.59,0.0059249748990389635,3.510532755424178e-05,0.00814243381570644,0
2021-07-06,47694,47418,47971,47418,22960,0.27,0.0026663603204240918,7.109477358332065e-06,0.008075337676787865,0
2021-07-07,47887,47779,47963,47669,13920,0.4,0.004038465015143603,1.6309199678538823e-05,0.007941914868688836,0
2021-07-08,47735,47814,48244,47650,25700,-0.32,-0.003179187384177768,1.010723242371508e-05,0.007835792547347264,0
2021-07-09,47898,47798,47922,47621,15170,0.34,0.0034088684417203914,1.1620384052957209e-05,0.007717399251923952,0
2021-07-12,47768,47750,47849,47503,17040,-0.27,-0.0027177906470255385,7.386386001059495e-06,0.0076064051745710235,0
2021-07-13,47887,47865,48035,47710,18880,0.25,0.0024881095894829846,6.190689329277186e-06,0.007487368948823719,0
2021-07-14,48265,47954,48320,47902,18330,0.79,0.007862591466404197,6.18203445675721e-05,0.007368283290563402,0
2021-07-15,48358,48290,48460,48150,16070,0.19,0.0019250080978407097,3.7056561767523073e-06,0.00740450224905656,0
2021-07-16,48040,48330,48375,47980,17430,-0.66,-0.006597671186636432,4.3529265086972585e-05,0.007280925142380126,0
2021-07-19,48069,48132,48200,47786,17250,0.06,0.0006034814820698321,3.6418989920120107e-07,0.007271438384425676,0
2021-07-20,47861,48170,48247,47788,19090,-0.43,-0.004336502156938991,1.8805250957136525e-05,0.007141859218863999,0
2021-07-21,47584,47790,47790,47518,8420,-0.58,-0.005804406259169026,3.369113202148057e-05,0.007068228077959114,0
2021-07-22,47624,47518,47670,47320,15980,0.08,0.0008402655733444127,7.060462337478147e-07,0.007040305848622701,0
2021-07-23,47521,47560,47700,47333,14170,-0.22,-0.0021651172470728104,4.687732693572145e-06,0.006916777989873762,0
2021-07-26,47455,47615,47770,47430,13070,-0.14,-0.0013898250215607104,1.931613590556229e-06,0.006807860569395419,0
2021-07-27,47551,47449,47609,47364,12870,0.2,0.0020209256820226612,4.084140612258758e-06,0.0066928485563076765,0
2021-07-28,47535,47640,47650,47411,8780,-0.03,-0.0003365374534843701,1.1325745759774457e-07,0.006587002321842275,0
2021-07-29,48210,47720,48250,47713,13670,1.42,0.014100186606537201,0.00019881526233917108,0.006470248499504508,0
2021-07-30,47901,48239,48254,47830,2650,-0.64,-0.006430087391856982,4.1346023866918126e-05,0.006987500054618488,0
2021-08-02,47937,48094,48172,47720,170,0.08,0.0007512677996872844,5.644033068469736e-07,0.0069859081026737635,0
2021-08-03,47854,47820,48168,47760,70,-0.17,-0.0017329398538757123,3.003080537150775e-06,0.006865754739304152,0
2021-08-04,47872,47950,48300,47739,40,0.04,0.00037607338052674335,1.414311875408127e-07,0.006755899257748109,0
2021-08-05,47959,47870,48199,47790,30,0.18,0.001815696880998193,3.296755163666566e-06,0.006639923637982761,0
2021-08-06,46682,47550,47571,46621,23200,-2.66,-0.02698782783101495,0.0007283428510365051,0.006536562791216724,0
2021-08-09,45949,46600,46600,45860,21360,-1.57,-0.015826565622748714,0.0002504801794111714,0.008330672131898184,0
2021-08-10,45936,46089,46148,45708,16300,-0.03,-0.00028296240053854227,8.006772011853443e-08,0.008762913405606924,0
2021-08-11,46351,46029,46396,45915,15300,0.9,0.008993743373450835,8.08874198674908e-05,0.00858498589659862,0
2021-08-12,46335,46288,46518,46160,12510,-0.03,-0.0003452517135043257,1.1919874567767299e-07,0.008606102022288613,0
2021-08-13,46886,46400,46925,46370,13880,1.19,0.01182150838867137,0.0001397480605834276,0.008437878966034673,0
2021-08-16,47138,46900,47190,46761,12470,0.54,0.005360346366869954,2.8733313172815914e-05,0.008601287506899626,0
2021-08-17,47206,47132,47455,47106,12460,0.14,0.0014415333624911966,2.0780184351751756e-06,0.0085009519226938,0
2021-08-18,47069,47324,47344,46965,11510,-0.29,-0.002906392923636941,8.447119826566886e-06,0.008344327962552528,0
2021-08-19,47119,47150,47422,47027,9100,0.11,0.001061706474216478,1.127220637393185e-06,0.008209594821071765,0
2021-08-20,47110,47199,47286,47011,9430,-0.02,-0.00019102399531711157,3.6490166786911863e-08,0.0080636234822589,0
2021-08-23,47511,47170,47549,47100,12350,0.85,0.008475970465748791,7.184207533624578e-05,0.007920798270170788,0
2021-08-24,47532,47493,47634,47405,9450,0.04,0.0004419052500814464,1.952802500495457e-07,0.007951131757752847,0
2021-08-25,47108,47351,47398,47025,10430,-0.89,-0.008960330448477872,8.028752174591966e-05,0.00781282806735,0
2021-08-26,47163,47125,47285,46877,9960,0.12,0.0011668488981845452,1.3615363511944873e-06,0.007867882626039184,0
2021-08-27,47416,47312,47480,46777,13590,0.54,0.0053500376080506135,2.862290240755593e-05,0.0077352292980610235,0
2021-08-30,47049,47276,47466,47005,3010,-0.77,-0.007770112665139762,6.0374650828965334e-05,0.007671844909728713,0
2021-08-31,47060,47220,47260,46800,190,0.02,0.0002337714788190497,5.4649104309245405e-08,0.007686618837001415,0
2021-09-01,47093,47060,47599,46964,60,0.07,0.0007009867205781547,4.913823824269158e-07,0.007556484928406141,0
2021-09-02,47048,47142,47243,46929,20,-0.1,-0.0009560128621397626,9.139605925766607e-07,0.0074310395682251965,0
2021-09-03,47342,47299,47500,47295,10,0.62,0.0062294936065441855,3.880659059397488e-05,0.007310013762490381,0
2021-09-06,47450,47534,47534,47402,5740,0.23,0.0022786742917378514,5.192356527826999e-06,0.007287717033491007,0
2021-09-07,46989,47469,47469,46910,16580,-0.97,-0.009762993291302173,9.531603800601123e-05,0.007181023342761217,0
2021-09-08,47072,47047,47170,46800,12500,0.18,0.001764812654392208,3.1145637051028715e-06,0.0073072334522263005,0
2021-09-09,47021,46984,47128,46770,14580,-0.11,-0.0010840339875293635,1.1751296861188121e-06,0.0071949572081453595,0
2021-09-10,46858,46987,47030,46810,6110,-0.35,-0.0034725585870494955,1.205866314049119e-05,0.007080383766269793,0
2021-09-13,46946,46930,47060,46800,12220,0.19,0.0018762531622472352,3.52032592884275e-06,0.006997165893698207,0
2021-09-14,47267,46924,47325,46672,21080,0.68,0.006814372584533063,4.6435673720835825e-05,0.006893184345210504,0
2021-09-15,46949,47247,47281,46920,14360,-0.67,-0.006750471418315137,4.556886436948958e-05,0.006908718795600317,0
2021-09-16,46120,46984,46984,45876,24980,-1.77,-0.017815210772055227,0.0003173817348527526,0.006921193386585106,0
2021-09-17,46025,46090,46263,45903,13910,-0.21,-0.0020619682817167332,4.2517131948058575e-06,0.007615983619839095,0
2021-09-20,46297,46020,46395,45913,14800,0.59,0.005892437057357441,3.472081447491922e-05,0.007498190633658303,0
2021-09-21,46641,46297,46798,46163,17710,0.74,0.007402818459214564,5.48017211400879e-05,0.0074585343208496534,0
2021-09-22,46682,46663,46765,46575,9690,0.09,0.0008786687662819068,7.720588008393682e-07,0.007469152736484078,0
2021-09-23,46083,46521,46550,45964,18760,-1.28,-0.012914532966877229,0.00016678516175255874,0.007347785034694646,0
2021-09-24,45995,46100,46146,45805,12760,-0.19,-0.0019114235059976329,3.6535398192802827e-06,0.007632924467100164,0
2021-09-27,46064,46135,46215,45910,14400,0.15,0.0014990389406995472,2.2471177457336207e-06,0.0075134505174779785,0
2021-09-28,45819,46008,46072,45679,17770,-0.53,-0.005332881613401717,2.8439626302558098e-05,0.007394644570051452,0
2021-09-29,45550,45842,45960,45488,7360,-0.59,-0.005888228550451009,3.467123546234639e-05,0.007343798672024815,0
2021-09-30,46221,45790,46377,45507,310,1.47,0.014623616561780226,0.0002138501613459729,0.0073101378858060175,0
2021-10-01,46315,46303,46360,46125,190,0.2,0.0020316424382431156,4.127570996870432e-06,0.00770778075094741,0
2021-10-04,46618,46299,46640,46209,50,0.65,0.006520849938486973,4.2521483920265555e-05,0.0075872534082783195,0
2021-10-05,46459,46556,46557,46345,20,-0.34,-0.0034165294253765983,1.1672673314464148e-05,0.007562777410541823,0
2021-10-06,46781,46550,46874,46451,14920,0.69,0.006906934365145221,4.770574232442402e-05,0.007465573736475394,0
2021-10-07,46737,46747,46869,46612,11490,-0.09,-0.0009409953858450884,8.854723161817469e-07,0.007458573214368395,0
2021-10-08,46922,46740,47225,46702,19610,0.4,0.0039505064243727205,1.5606501009010137e-05,0.0073388452223937615,0
2021-10-11,46941,46910,47090,46750,10000,0.04,0.0004048453652559956,1.6389976976926051e-07,0.007258888434222586,0
2021-10-12,47097,47025,47280,46941,14250,0.33,0.0033178107382601826,1.1007868094914578e-05,0.007143231861107832,0
2021-10-13,47753,47060,47845,47024,23580,1.39,0.013832587452032443,0.0001913404756181254,0.0070579795897558525,0
2021-10-14,47748,47682,47954,47651,12460,-0.01,-0.00010471094553085415,1.0964382113965505e-08,0.007420780731580617,0
2021-10-15,47106,47706,47706,47015,13810,-1.34,-0.013536799788618365,0.00018324494851713823,0.007300409927332096,0
2021-10-18,47186,47200,47295,47077,14020,0.17,0.001696856980348119,2.8793236117561365e-06,0.007623413734857234,0
2021-10-19,47196,47199,47525,47140,14500,0.02,0.00021190481315127628,4.490364983667731e-08,0.0075034791639988305,0
2021-10-20,47380,47260,47449,47174,14480,0.39,0.0038910554929667217,1.5140312849346498e-05,0.007381000273494218,0
2021-10-21,47314,47430,47460,47250,11820,-0.14,-0.0013939639404237322,1.9431354672016583e-06,0.007298995850257009,0
2021-10-22,47668,47439,48050,47375,20490,0.75,0.007454078438344149,5.5563285364987143e-05,0.0071876037485437165,0
2021-10-25,48030,47770,48140,47730,10400,0.76,0.007565502448173329,5.7236827293316635e-05,0.007211329721496196,0
2021-10-26,47680,47996,48125,47480,12420,-0.73,-0.007313792919638702,5.3491566871357214e-05,0.007238054973078133,0
2021-10-27,47804,47690,47870,47500,11680,0.26,0.0025972952475402816,6.745942602895333e-06,0.007254471353553382,0
2021-10-28,47777,47889,48039,47610,4590,-0.06,-0.0005649658555187334,3.1918641790201435e-07,0.007156046210606952,0
2021-10-29,47502,47669,47862,47350,630,-0.58,-0.005772536731764095,3.332218031956569e-05,0.0070445434297527545,0
2021-11-01,47692,47649,47850,47510,100,0.4,0.0039918535265339025,1.5934894577301152e-05,0.007019136766270242,0
2021-11-02,47683,47866,47939,47600,20,-0.02,-0.00018872870305037403,3.5618523355076264e-08,0.0069507841869130334,0
2021-11-03,46961,47550,47550,46839,40,-1.51,-0.015257470228813788,0.00023279039778313905,0.006843582235471533,0
2021-11-04,47559,47147,47592,47147,5710,1.27,0.012653575517179126,0.00016011297336895498,0.007321615106878873,0
2021-11-05,47959,47520,47990,47315,13760,0.84,0.008375433703809903,7.014788972691487e-05,0.00758711453745956,0
2021-11-08,48025,48000,48144,47821,14860,0.14,0.0013752294216100803,1.8912559620619962e-06,0.0076274350940095685,0
2021-11-09,48263,48034,48280,47981,15130,0.5,0.004943512892429798,2.443831971761963e-05,0.00750509082496956,0
2021-11-10,48857,48250,49244,48166,27480,1.23,0.012232442479358594,0.00014963264901081663,0.007440989985923433,0
2021-11-11,49208,48983,49349,48900,15050,0.72,0.0071585478796583335,5.1244807745360825e-05,0.007673834793487525,0
2021-11-12,49277,49087,49300,48872,16510,0.14,0.0014012288427637382,1.963442269793005e-06,0.007665973059016046,0
2021-11-15,49269,49170,49436,49081,14670,-0.02,-0.00016236072529729126,2.6361005119062473e-08,0.007543118138123203,0
2021-11-16,49038,49294,49579,49004,21990,-0.47,-0.00469957226148586,2.2085979440927318e-05,0.007420300658439377,0
2021-11-17,49262,49069,49288,48976,13310,0.46,0.004557484999369827,2.0770669519480993e-05,0.007354131942157411,0
2021-11-18,49047,49200,49237,48960,13690,-0.44,-0.004373970700032436,1.9131619684742238e-05,0.007287224260793244,0
2021-11-19,48829,49101,49275,48705,13290,-0.44,-0.0044546234111164,1.9843669734866313e-05,0.007218738293105932,0
2021-11-22,47963,48782,48900,47910,22470,-1.77,-0.01789451832048558,0.0003202137859221941,0.007154311309888075,0
2021-11-23,47460,48001,48050,47400,16920,-1.05,-0.010542629322165603,0.00011114703302458595,0.00779513725811623,0
2021-11-24,47469,47499,47700,47268,11910,0.02,0.00018961539733831673,3.595399890776773e-08,0.007918986900098336,0
2021-11-25,47444,47542,47588,47371,6430,-0.05,-0.0005267982379264527,2.7751638348241546e-07,0.0077836914315098414,0
2021-11-26,47610,47600,48180,47512,16920,0.35,0.0034927550393979573,1.2199337765239825e-05,0.0076546592027804195,0
2021-11-29,47613,47800,47969,47593,3060,0.01,6.3009987103719e-05,3.970258474810835e-09,0.007557981011022567,0
2021-11-30,47439,47660,48119,47290,110,-0.37,-0.0036611579842419435,1.3404077785578531e-05,0.007436536763836964,0
2021-12-01,47525,47488,47625,47429,30,0.18,0.0018112131652035979,3.2804931298068354e-06,0.007350405511353713,0
2021-12-02,47307,47450,47465,47150,280,-0.46,-0.004597612282933404,2.113803870418011e-05,0.0072433523744418575,0
2021-12-03,47425,47280,47427,47243,60,0.25,0.002491239729518501,6.206275389931413e-06,0.0071819696611933985,0
2021-12-06,47787,47800,47882,47711,8500,0.76,0.007604120159533003,5.782264340061622e-05,0.007086718137417538,0
2021-12-07,47922,47840,48030,47594,12770,0.28,0.00282105318269588,7.958341059598555e-06,0.007119087439050019,0
2021-12-08,47900,47995,48125,47830,10880,-0.05,-0.0004591847464373854,2.1085063136076592e-07,0.007029820495299659,0
2021-12-09,47802,47900,48000,47723,9800,-0.2,-0.0020480247905856085,4.194405542853226e-06,0.0069238862613133275,0
2021-12-10,47993,47831,48088,47723,11580,0.4,0.003987687313559147,1.5901650110720566e-05,0.006830451217071906,0
2021-12-13,48106,48002,48150,47970,9500,0.24,0.0023517425172101306,5.530692867253841e-06,0.00676886291787748,0
2021-12-14,47895,48154,48154,47760,12200,-0.44,-0.004395794622198121,1.9323010360545922e-05,0.00668238979476113,0
2021-12-15,47900,47870,48038,47780,8170,0.01,0.00010438958201460874,1.0897184833184725e-08,0.006634049124989886,0
2021-12-16,48407,48008,48428,47994,13340,1.06,0.01052892694725475,0.00011085830266062722,0.006535754485999155,0
2021-12-17,48467,48300,48638,48300,15390,0.12,0.0012387226226266996,1.5344337358071688e-06,0.006733611988556698,0
2021-12-20,48130,48402,48499,48100,9820,-0.7,-0.006977470671732973,4.868509697489378e-05,0.006637730391518307,0
2021-12-21,47933,48130,48173,47830,11300,-0.41,-0.0041014808232819515,1.6822144943749595e-05,0.006667680866163318,0
2021-12-22,48026,47951,48046,47825,7080,0.19,0.0019383284343865818,3.7571171195515374e-06,0.006613435544717277,0
2021-12-23,48012,47900,48195,47880,7160,-0.03,-0.00029155126302445327,8.500213897115393e-08,0.0065261033120139565,0
2021-12-24,47982,48053,48099,47931,3840,-0.06,-0.0006250390852903886,3.906738581406456e-07,0.006430676814518314,0
2021-12-27,47933,47996,48074,47886,6530,-0.1,-0.001021738086071822,1.0439487165297102e-06,0.006337771818052787,0
2021-12-28,47888,47962,48094,47837,8530,-0.09,-0.0009392513813928638,8.821931574484029e-07,0.0062482646493566656,0
2021-12-29,47673,47864,47864,47463,10190,-0.45,-0.004499751211734116,2.0247760967502645e-05,0.006159787112104593,0
2021-12-30,47746,47614,47848,47402,5050,0.15,0.0015300938857506676,2.3411872992115773e-06,0.00613024857273758,0
2021-12-31,47994,47800,48159,47706,860,0.52,0.00518070931038013,2.683974895865936e-05,0.006048167296164538,0
2022-01-03,47473,47940,48100,47327,210,-1.09,-0.010914874719267892,0.00011913449013731333,0.006042714544586628,0
2022-01-04,47763,47730,47842,47402,80,0.61,0.006090152806505493,3.7089961206586734e-05,0.006308097250054225,0
2022-01-05,47974,47924,48099,47872,90,0.44,0.004407916304861032,1.9429726150659733e-05,0.006321597395661869,0
2022-01-06,47499,48030,48030,47450,18240,-0.99,-0.009950539299431481,9.901323234953034e-05,0.00628514488399105,0
2022-01-07,47481,47501,47570,47300,12490,-0.04,-0.00037902716815108376,1.4366159419662993e-07,0.006470944081230698,0
2022-01-10,47471,47400,47523,47333,11650,-0.02,-0.0002106327415319706,4.436615180527393e-08,0.006376306869228662,0
2022-01-11,47694,47550,47712,47492,9950,0.47,0.004686605541306737,2.1964271499807017e-05,0.006283828309292326,0
2022-01-12,47802,47650,47848,47643,9530,0.23,0.002261875807253328,5.116082167437894e-06,0.00625556740568181,0
2022-01-13,47759,47794,47926,47671,9070,-0.09,-0.000899948784591384,8.099078148875092e-07,0.00618012607608632,0
2022-01-14,47803,47800,47989,47780,12530,0.09,0.0009208681925728827,8.479982280924477e-07,0.006093851623998831,0
2022-01-17,47908,47814,47970,47806,4650,0.22,0.002194106050994742,4.814101363011743e-06,0.006009249648994835,0
2022-01-18,47926,47920,48034,47790,10820,0.04,0.0003756495651161383,1.411125957719438e-07,0.00593849028514565,0
2022-01-19,48368,47934,48399,47922,13010,0.92,0.009180283386725703,8.427760306059194e-05,0.0058545804652668796,0
2022-01-20,48372,48368,48538,48296,8930,0.01,8.269588592675337e-05,6.8386095492106055e-09,0.006032283669241161,0
2022-01-21,48243,48394,48501,48125,9810,-0.27,-0.0026703943830317894,7.131006160927731e-06,0.005946490504732409,0
2022-01-24,48537,48270,48597,48255,11200,0.61,0.006075654151311968,3.691357336635435e-05,0.0058841954314364665,0
2022-01-25,48836,48560,48888,48527,9160,0.62,0.006141352115299734,3.771620580409652e-05,0.005915730244261134,0
2022-01-27,47974,48701,48701,47880,10780,-1.77,-0.01780854831977069,0.00031714439325760747,0.005948257099743653,0
2022-01-28,47652,47833,48039,47517,6980,-0.67,-0.006734595549723643,4.5354777218357496e-05,0.006766111680927762,0
2022-01-31,47840,47652,47904,47564,2300,0.39,0.003937507705261477,1.5503966928993498e-05,0.006781785396779737,0
2022-02-01,47966,48509,48509,47501,450,0.26,0.0026303169455974087,6.918567234296881e-06,0.006716549790982756,0
2022-02-02,48049,48151,48151,47915,630,0.17,0.0017288969572359272,2.9890846887396476e-06,0.006631036344986198,0
2022-02-03,47884,47980,48070,47500,70,-0.34,-0.0034399041560860964,1.18329406030584e-05,0.006538286920572677,0
2022-02-04,48081,48009,48900,47953,30,0.41,0.004105669290424491,1.6856520322334744e-05,0.006472741986841832,0
2022-02-07,48168,47950,48181,47925,7880,0.18,0.0018078114825986725,3.2681823566156103e-06,0.006423294520318143,0
2022-02-08,48345,48185,48394,48106,7950,0.37,0.003667903773364236,1.3453518090659602e-05,0.006338246546512673,0
2022-02-09,48575,48396,48600,48327,9230,0.48,0.004746191327992823,2.252633212191428e-05,0.006284011005784594,0
2022-02-10,48867,48550,48936,48400,10510,0.6,0.005993326780073922,3.591996589275125e-05,0.006256764364993609,0
2022-02-11,49024,48694,49048,48560,9900,0.32,0.0032076520745483476,1.0289031831354317e-05,0.006267891921359026,0
2022-02-14,49827,49180,49915,49152,11920,1.64,0.016247031666845362,0.000263966037983476,0.006207110279481791,0
2022-02-15,49332,49950,50250,49157,16140,-0.99,-0.00998404808122976,9.968121608830764e-05,0.006834308512224872,0
2022-02-16,49546,49332,49598,49182,9160,0.43,0.004328573274843257,1.873654659568728e-05,0.006989114946439157,0
2022-02-17,50277,49482,50381,49482,16180,1.48,0.014646185092261102,0.00021451073775677134,0.0069246047804007145,0
2022-02-18,50034,49922,50178,49760,11360,-0.48,-0.0048449417379428095,2.347346044406029e-05,0.007371847266126209,0
2022-02-21,49998,50100,50100,49713,9240,-0.07,-0.0007197697047785248,5.180684279169647e-07,0.007303693748863992,0
2022-02-22,50186,50150,50577,49961,15450,0.38,0.003753098711904095,1.4085749941296176e-05,0.007179862193300527,0
2022-02-23,50226,50186,50269,49850,8400,0.08,0.0007967175659455378,6.347588798861823e-07,0.007096852477846606,0
2022-02-24,51403,50360,52635,50360,24780,2.34,0.023163715610685386,0.0005365577208927098,0.0069834272885655364,0
2022-02-25,50039,51180,51180,49888,11190,-2.65,-0.026893835130422043,0.0007232783680223228,0.008214377287104765,0
2022-02-28,50530,50680,50970,50246,2200,0.98,0.009764517917579738,9.534581016273574e-05,0.00986728921050573,0
2022-03-01,51565,51168,51696,50843,500,2.05,0.02027592846421517,0.0004111132750859709,0.009853479480849206,0
2022-03-02,51133,51684,51811,51020,220,-0.84,-0.008413066429058372,7.077968673974899e-05,0.010599953442267447,0
2022-03-03,51569,51351,51725,51250,40,0.85,0.008490635417015772,7.20908897846826e-05,0.010486613175963728,0
2022-03-04,52274,51752,52448,51366,120,1.37,0.013578398772673412,0.00018437291322973882,0.010383884665842818,0
2022-03-07,53461,52558,53938,52558,32759,2.27,0.022453300581423547,0.000504150706999755,0.010544689701640585,0
2022-03-08,54146,53467,55428,53340,51930,1.28,0.012731685725739109,0.000162095821418989,0.011402494597516369,0
2022-03-09,52724,54663,55000,52589,48040,-2.63,-0.0266133419856069,0.000708269971642867,0.011448500621104769,0
2022-03-10,53183,52680,53439,52410,33010,0.87,0.008668036558578965,7.513485778086147e-05,0.01263967391484875,0
2022-03-11,52828,53001,53148,52227,34030,-0.67,-0.006697443227240386,4.485574578210812e-05,0.012430323813442595,0
2022-03-14,52238,52613,52750,52061,22340,-1.12,-0.011231153785469176,0.0001261388153528586,0.01217284386067178,0
2022-03-15,51522,51900,52009,51202,25680,-1.37,-0.01380129847768613,0.00019047583967018148,0.01209688479843295,0
2022-03-16,51105,51400,51476,51000,16210,-0.81,-0.00812656113736317,6.604099591930138e-05,0.01215509145645826,0
2022-03-17,51597,51400,51750,51318,14700,0.96,0.009581191481425435,9.179923020373932e-05,0.0119596104513059,0
2022-03-18,51383,51550,51670,51296,7070,-0.41,-0.004156152807261356,1.7273606157306446e-05,0.011826952484238016,0
2022-03-21,51546,51390,51722,51283,11700,0.32,0.003167234428770769,1.0031373926790899e-05,0.01155156929690726,0
2022-03-22,51219,51595,51842,50980,16200,-0.63,-0.0063640559267682155,4.050120783903365e-05,0.011274639865133124,0
2022-03-23,51580,51238,51620,51103,11740,0.7,0.007023443495992586,4.932875854140056e-05,0.011073481396719084,0
2022-03-24,51841,51666,51922,51504,17160,0.51,0.005047341528225188,2.5475656502546576e-05,0.010900134881571375,0
2022-03-25,51687,51924,51924,51542,10900,-0.3,-0.002975042763045208,8.850879441947666e-06,0.010684513349522272,0
2022-03-28,51442,51602,51747,51257,13950,-0.47,-0.004751339795998598,2.2575229857039997e-05,0.010442242129474609,0
2022-03-29,50730,51292,51296,50340,17870,-1.38,-0.013937507843781624,0.0001942541248954743,0.010238908237805065,0
2022-03-30,51042,50930,51343,50735,5640,0.62,0.006131371643203615,3.75937182270814e-05,0.010419413243480622,0
2022-03-31,51633,51100,51788,50906,430,1.16,0.011512179734151019,0.0001325302822313974,0.010249938828188657,0
2022-04-01,51264,51531,51605,51200,200,-0.71,-0.00717225151005934,5.1441191723548486e-05,0.010296047331312255,0
2022-04-04,51229,51209,51306,50950,190,-0.07,-0.0006829734979069249,4.664527988432204e-07,0.010162116278824018,0
2022-04-05,51619,51300,52200,51127,340,0.76,0.007584043818530779,5.7517720641394925e-05,0.00991929909916473,0
2022-04-06,51433,51339,51645,51158,13160,-0.36,-0.0036098319679132903,1.3030886836568739e-05,0.009815280336083807,0
2022-04-07,51681,51450,51760,51398,9940,0.48,0.00481021933373711,2.3138210038658288e-05,0.00961180742451048,0
2022-04-08,51854,51622,51969,51515,12000,0.33,0.003341868179968086,1.1168082932283208e-05,0.009438737167755517,0
2022-04-11,51985,51999,52521,51840,15750,0.25,0.0025231381176235457,6.366225960604889e-06,0.009241395429010618,0
2022-04-12,52656,52100,52764,52100,15370,1.29,0.012824976771050519,0.00016448002917798538,0.009036755079772566,0
2022-04-13,52871,52619,52925,52580,9290,0.41,0.004074792185640022,1.660393135615299e-05,0.009246464665762604,0
2022-04-14,52793,52805,52911,52400,7840,-0.15,-0.0014763782209267211,2.17969265122675e-06,0.009069700124102537,0
2022-04-18,53104,52950,53478,52950,13890,0.59,0.005873648811921311,3.449975036578463e-05,0.00886016227369586,0
2022-04-19,52603,53000,53259,52507,15290,-0.94,-0.009479102639811644,8.985338685608408e-05,0.008742942744266515,0
2022-04-20,52499,52511,52545,52183,12710,-0.2,-0.001979030540684901,3.916561880963572e-06,0.008781298484273455,0
2022-04-21,52356,52498,52498,52101,12110,-0.27,-0.0027275778676494047,7.439681024090874e-06,0.008584294359891378,0
2022-04-22,52250,52349,52630,52102,15490,-0.2,-0.0020266530845525032,4.1073227251261755e-06,0.008402182600175468,0
2022-04-25,51462,52125,52125,51380,13730,-1.51,-0.015196219608580978,0.00023092509039222101,0.008214099867360193,0
2022-04-26,51655,51528,51800,51473,9140,0.38,0.003743325065069301,1.4012482542776088e-05,0.00868928233647288,0
2022-04-27,51357,51693,51693,51223,9730,-0.58,-0.005785749840657672,3.347490121867027e-05,0.008526739932207593,0
2022-04-28,51391,51224,51450,51000,9190,0.07,0.0006618133927861485,4.3799696687111286e-07,0.008423578373669005,0
2022-04-29,51809,51600,51987,51553,1990,0.81,0.0081008194937008,6.562327646952287e-05,0.00823074321466086,0
2022-05-02,50831,51201,51920,50575,690,-1.89,-0.01905747466073803,0.00036318734044467213,0.008233583149787352,0
2022-05-03,51022,52300,52300,50660,80,0.38,0.0037505075724558073,1.4066307051048352e-05,0.009031017822914636,0
2022-05-04,50836,50882,50970,50804,30,-0.36,-0.003652147239131596,1.333817945629654e-05,0.008861513608881601,0
2022-05-05,51653,51699,51900,51240,10,1.61,0.01594351211171886,0.000254195578456526,0.008696120035140014,0
2022-05-06,51381,50953,51543,50953,14580,-0.53,-0.005279822813201358,2.78765289388015e-05,0.00914554149999712,0
2022-05-09,51026,51395,51416,50975,12930,-0.69,-0.006933147578317159,4.806853534272508e-05,0.009006866017447988,0
2022-05-10,50662,51052,51150,50584,13110,-0.71,-0.00715918406696579,5.1253916504696834e-05,0.008924001885211537,0
2022-05-11,50862,50575,50920,50365,14930,0.39,0.003939960181264942,1.5523286229953273e-05,0.008853018575554794,0
2022-05-12,50249,50877,51057,50200,14270,-1.21,-0.012125436610668328,0.00014702621299933583,0.00869453463138375,0
2022-05-13,49944,50300,50302,49747,12480,-0.61,-0.006088268484212184,3.706701313585133e-05,0.008878007338442372,0
2022-05-16,50291,50095,50338,49660,12980,0.69,0.0069237568956533,4.7938409550106625e-05,0.008773575026934027,0
2022-05-17,50237,50398,50550,50191,11210,-0.11,-0.0010743276538638254,1.1541799078565514e-06,0.008701551734955591,0
2022-05-18,50235,50159,50395,49910,13460,0.0,-3.981208695490391e-05,1.5850022677048298e-09,0.00851156912609331,0
2022-05-19,50579,50344,50780,50085,15310,0.68,0.006824475471759265,4.657346546464385e-05,0.008324040173949016,0
2022-05-20,50842,50551,50886,50514,11760,0.52,0.005186314264522564,2.689785565039022e-05,0.008269740140062837,0
2022-05-23,50934,50854,51165,50827,10010,0.18,0.0018078923333263023,3.268474688900022e-06,0.008164010000809584,0
2022-05-24,51146,50875,51239,50875,9990,0.42,0.004153610987339276,1.7252484234145552e-05,0.007995629019647132,0
2022-05-25,50815,51100,51143,50700,10610,-0.65,-0.006492701381495373,4.2155171229271924e-05,0.007873189022533688,0
2022-05-26,50858,50800,50918,50615,7050,0.08,0.0008458489975457127,7.15460526649087e-07,0.007828910132673382,0
2022-05-27,50961,50950,51108,50863,10050,0.2,0.0020231987180082452,4.093333052550207e-06,0.0076632160367617564,0
2022-05-30,50908,51097,51115,50835,3000,-0.1,-0.0010405521754830395,1.082748829902486e-06,0.0075125443395838475,0
2022-05-31,50924,50880,51280,50755,340,0.03,0.000314243069598303,9.87487067905639e-08,0.007356712877825931,0
2022-06-01,50504,50650,50849,50317,150,-0.82,-0.008281784134074401,6.858794844340648e-05,0.00720193213948077,0
2022-06-02,51078,50900,51296,50900,10,1.14,0.011301335064650477,0.0001277201742434984,0.007282383892933544,0
2022-06-03,51287,52030,52030,51030,40,0.41,0.00408343262663547,1.6674422016271053e-05,0.007542149354486562,0
2022-06-06,50871,51087,51120,50820,7550,-0.81,-0.008144292163510404,6.632949484461698e-05,0.007437829074975447,0
2022-06-07,50929,50822,51030,50680,9200,0.11,0.0011394893177951162,1.2984359053691794e-06,0.00749262066541057,0
2022-06-08,51036,50865,51103,50835,7540,0.21,0.002098760148601498,4.4047941613577825e-06,0.00734277629447837,0
2022-06-09,50971,51047,51095,50805,8080,-0.13,-0.001274422516052699,1.6241527494220916e-06,0.007207745503504191,0
2022-06-10,51645,50893,51725,50460,23680,1.32,0.013136541915152638,0.00017256873348856213,0.007068142251909591,0
2022-06-13,50682,51457,51633,50600,19290,-1.86,-0.018822567485182132,0.0003542890467342356,0.007486154017917509,0
2022-06-14,50251,50630,50680,50200,10820,-0.85,-0.00854037073472927,7.293793228662019e-05,0.008351498315783724,0
2022-06-15,50433,50398,50830,50272,14220,0.36,0.0036152754803459803,1.3070216798790858e-05,0.008367062385324286,0
2022-06-16,50945,50775,51040,50317,16960,1.02,0.010100896707217305,0.0001020281142898734,0.008219851720618175,0
2022-06-17,50824,50889,51130,50800,10680,-0.24,-0.0023779354620165494,5.654577061515861e-06,0.008321815789434073,0
2022-06-20,50748,50847,50933,50711,5740,-0.15,-0.0014964756858802922,2.2394394784308907e-06,0.008156573587019718,0
2022-06-21,50775,50850,50945,50685,7270,0.05,0.0005318991880966417,2.8291674629786665e-07,0.00798889126883491,0
2022-06-22,50898,50738,51098,50541,14350,0.24,0.002419522587204366,5.85408954999211e-06,0.007822293762846615,0
2022-06-23,50608,50808,51007,50575,12730,-0.57,-0.005713963490359669,3.2649378769163256e-05,0.007678008486771387,0
2022-06-24,50614,50580,50715,50442,8270,0.01,0.00011855130321517595,1.4054411494016586e-08,0.007617964920134141,0
2022-06-27,50681,50753,50945,50608,7910,0.13,0.0013228690413294943,1.7499825005080152e-06,0.0074639425560638,0
2022-06-28,50824,50770,50930,50728,7010,0.28,0.0028175970563943673,7.938853172202204e-06,0.007320321763245471,0
2022-06-29,50836,50790,51171,50740,2870,0.02,0.0002360810555919316,5.57342648094007e-08,0.007201068712029658,0
2022-06-30,50719,50850,51038,50590,430,-0.23,-0.002304171173546191,5.309204797001232e-06,0.007060894618452793,0
2022-07-01,52227,51520,53675,51188,150,2.97,0.02929900869841282,0.00085843191070967,0.0069424763902347815,0
2022-07-04,51808,52597,52597,51421,130,-0.8,-0.008055025049465946,6.488342854752387e-05,0.00912340302954772,0
2022-07-05,52238,52766,52766,51999,20,0.83,0.008265621900864096,6.832050540804419e-05,0.009076461877981166,0
2022-07-06,50581,51448,51595,50515,18620,-3.17,-0.032234187689366575,0.0010390428559933116,0.009040445612630663,0
2022-07-07,50691,50741,50909,50607,9490,0.22,0.002172368339900223,4.7191842042008505e-06,0.011231394238459567,0
2022-07-08,50832,50710,51030,50411,12500,0.28,0.002777697480537991,7.715603293387103e-06,0.010930768719352143,0
2022-07-11,50709,50790,50916,50675,7130,-0.24,-0.002422667891009949,5.869319710130593e-06,0.010656986592087345,0
2022-07-12,50532,50755,50825,50512,10230,-0.35,-0.0034966106683593547,1.2226286166084454e-05,0.010396563421475881,0
2022-07-13,50849,50550,50980,50200,16590,0.63,0.0062536576500233886,3.910823400369605e-05,0.01016598645331388,0
2022-07-14,50323,50750,50786,50166,16020,-1.03,-0.010398227560766615,0.00010812313640548643,0.010008379912411724,0
2022-07-15,50212,50305,50387,50051,11800,-0.22,-0.0022081871010858002,4.87609027340171e-06,0.010013396867997989,0
2022-07-18,50457,50210,50670,50210,11420,0.49,0.004867446457443517,2.3692035016079445e-05,0.009787919089244807,0
2022-07-19,50395,50419,50540,50300,7050,-0.12,-0.0012295246065642338,1.511730758146934e-06,0.009615747007241344,0
2022-07-20,50309,50386,50530,50280,7830,-0.17,-0.001707976265222408,2.9171829225630854e-06,0.009401132795525066,0
2022-07-21,50427,50255,50527,49770,18510,0.23,0.0023427583777480146,5.4885168165085095e-06,0.009198641279497662,0
2022-07-22,50720,50420,50912,50380,11080,0.58,0.005793564209603574,3.356538625079949e-05,0.009010004964526072,0
2022-07-25,50567,50735,50826,50475,8690,-0.3,-0.0030211205065090196,9.127169114849316e-06,0.008895477124956844,0
2022-07-26,50612,50580,50735,50501,6640,0.09,0.0008895127045557869,7.912328515661507e-07,0.008726460398539658,0
2022-07-27,50722,50589,50760,50525,6960,0.22,0.0021710392011816356,4.7134112130673946e-06,0.008542436176679574,0
2022-07-28,51274,50900,51345,50876,9830,1.09,0.010824059558447013,0.00011716026532480814,0.008373642641641808,0
2022-07-29,51365,51443,51467,51166,5680,0.18,0.001773205581581108,3.144258034550396e-06,0.008499714270971785,0
2022-08-01,51260,51899,51899,51023,1350,-0.2,-0.002046285732301934,4.1872852982224626e-06,0.008328652364195556,0
2022-08-02,51274,51438,51527,51100,230,0.03,0.0002730801507208674,7.457276871773165e-08,0.008165202035730191,0
2022-08-03,51216,51250,51375,51137,70,-0.11,-0.0011318178591385268,1.281011666264918e-06,0.00799500699863726,0
2022-08-04,51802,51713,51903,51713,10,1.14,0.011376775331191795,0.0001294310169364142,0.007832215887951733,0
2022-08-05,51641,51935,51965,51525,60,-0.31,-0.003112827934290878,9.689697748501614e-06,0.00803546140100373,0
2022-08-08,52183,51902,52231,51734,8690,1.05,0.01044084072394743,0.00010901115502283909,0.007896597323468067,0
2022-08-09,52383,52274,52479,52184,4660,0.38,0.003825339859744547,1.463322504255043e-05,0.008037104058962552,0
2022-08-10,52184,52350,52485,52105,10090,-0.38,-0.0038061767143052505,1.4486981180519513e-05,0.007912585158937356,0
2022-08-11,52246,52065,52400,51903,9130,0.12,0.0011873983967165638,1.4099149525250663e-06,0.007791957948556693,0
2022-08-12,52456,52280,52480,52195,7620,0.4,0.004011390070806752,1.6091250300167e-05,0.007637954992320197,0
2022-08-16,51821,52225,52455,51765,11110,-1.21,-0.012179250445043723,0.00014833414140309772,0.00753155593283886,0
2022-08-17,51563,51821,51944,51507,9050,-0.5,-0.004991111498693245,2.491119399238793e-05,0.007813334572204957,0
2022-08-18,51642,51600,51851,51600,7360,0.15,0.0015309338778111145,2.3437585382297764e-06,0.007726885641105688,0
2022-08-19,51517,51697,51697,51453,5930,-0.24,-0.0024234446083802688,5.8730837698873945e-06,0.007579432926900415,0
2022-08-22,51217,51451,51468,51060,8290,-0.58,-0.0058403421017270635,3.4109595865205696e-05,0.0074467803205765125,0
2022-08-23,51458,51232,51565,51130,7920,0.47,0.004694432775072791,2.2037699079677623e-05,0.007403357826321304,0
2022-08-24,51480,51363,51581,51319,5220,0.04,0.0004274417675681524,1.8270646466178643e-07,0.007325741475024281,0
2022-08-25,51628,51499,51816,51499,10730,0.29,0.002870778245015361,8.241367732053476e-06,0.007184006156050037,0
2022-08-26,51242,51578,51638,51175,7330,-0.75,-0.007504652699891536,5.631981214598932e-05,0.007071981087738369,0
2022-08-29,51181,51092,51317,50855,6300,-0.12,-0.0011911388499124451,1.4188117597707424e-06,0.007118832056314282,0
2022-08-30,50701,51073,51141,50610,2380,-0.94,-0.009422735154634865,8.878793779439175e-05,0.006988050604350467,0
2022-08-31,50520,50499,50702,50415,110,-0.36,-0.0035763367862119183,1.2790184808412593e-05,0.007143561709125879,0
2022-09-01,50169,50280,50351,49990,150,-0.69,-0.006971991415194866,4.8608664293550905e-05,0.0070494255170267806,0
2022-09-02,50313,50275,50390,50275,0,0.29,0.002866186950505028,8.215027635245312e-06,0.007073271646433459,0
2022-09-05,50604,50900,50900,50300,0,0.58,0.005767131534822692,3.325980613994634e-05,0.006967686268311264,0
2022-09-06,50354,50610,50774,50323,8520,-0.49,-0.004952564650599968,2.452789661837238e-05,0.006947441729986129,0
2022-09-07,50570,50310,50596,50068,10290,0.43,0.004280455190068472,1.832229663418412e-05,0.006900177076993657,0
2022-09-08,50429,50546,50825,50281,11950,-0.28,-0.0027921086664516046,7.795870805274158e-06,0.006834861666967043,0
2022-09-09,50592,50545,50783,50435,11780,0.32,0.003227054601621419,1.0413881401845974e-05,0.00673741403595193,0
2022-09-12,50696,50553,50844,50453,12830,0.21,0.0020535509941542397,4.217071685591866e-06,0.006652703036739293,0
2022-09-13,50233,50678,50678,50090,19970,-0.91,-0.00917483077895846,8.41775198225235e-05,0.0065498303951998585,0
2022-09-14,50101,50174,50220,50075,11570,-0.26,-0.002631213270797659,6.923283276421714e-06,0.006728263993178059,0
2022-09-15,49394,50020,50020,49258,21400,-1.41,-0.014212008644019631,0.0002019811896976887,0.006632675992650105,0
2022-09-16,49451,49213,49545,49008,16470,0.12,0.0011533209837262157,1.330149291503206e-06,0.007178795366989672,0
2022-09-19,49361,49390,49463,49125,8750,-0.18,-0.0018216415999642902,3.318378118720459e-06,0.007048150049458151,0
2022-09-20,49218,49470,49569,49157,8850,-0.29,-0.002901228462534205,8.417126591818587e-06,0.006929074348661329,0
2022-09-21,49428,49202,49548,49155,15990,0.43,0.004257654993276053,1.8127626041768506e-05,0.006831242440856651,0
2022-09-22,49955,49338,50140,49257,16900,1.07,0.010605534943037877,0.00011247737142799742,0.006769371601967212,0
2022-09-23,49382,49952,50017,49251,13950,-1.15,-0.011536614860519032,0.00013309348243994857,0.00701541109407138,0
2022-09-26,49110,49200,49621,49050,13780,-0.55,-0.005523305273309655,3.0506901142170245e-05,0.00730252959324456,0
2022-09-27,49160,49215,49365,49035,14680,0.1,0.0010176046466807466,1.035519216946247e-06,0.007255841627208973,0
2022-09-28,49726,49008,49773,48888,13390,1.15,0.011447650448332214,0.00013104870078720074,0.007120494464835599,0
2022-09-29,49902,49709,49923,49542,560,0.35,0.003533146968439186,1.2483127500591012e-05,0.007391544998472467,0
2022-09-30,50029,49920,50200,49910,100,0.25,0.0025417551785497654,6.4605193876845495e-06,0.007285291797804069,0
2022-10-03,50245,50120,50550,50088,10,0.43,0.004308202207767007,1.8560606263008517e-05,0.007165614718840217,0
2022-10-04,51127,50801,51698,50800,10,1.76,0.017401693901285264,0.00030281895063402874,0.007089286628235627,0
2022-10-05,51361,51263,51390,51115,6570,0.46,0.004566396194937002,2.0851974209135127e-05,0.007864756415137649,0
2022-10-06,51711,51500,51799,51500,12580,0.68,0.006791395243219622,4.612304934962611e-05,0.00775966889948415,0
2022-10-07,51716,51678,51872,51421,14320,0.01,9.668655194281219e-05,9.34828932659012e-09,0.007734191100514499,0
2022-10-10,50871,51453,51453,50763,15000,-1.63,-0.01647419479920675,0.00027139909428221075,0.007575811253191784,0
2022-10-11,50874,50800,50980,50548,11160,0.01,5.897095682086943e-05,3.4775737483688465e-09,0.008203158835961273,0
2022-10-12,50713,50563,50805,50550,7650,-0.32,-0.003169699563864806,1.0046995325164742e-05,0.008022238013503281,0
2022-10-13,50615,50696,50920,50200,16460,-0.19,-0.0019343129353411525,3.7415665318281057e-06,0.007879974943247846,0
2022-10-14,50067,50551,50731,49982,14440,-1.08,-0.010885866621339531,0.00011850209209759414,0.007727236256755846,0
2022-10-17,50231,50169,50474,50105,8780,0.33,0.0032702575556699367,1.0694584480416309e-05,0.007909458236380642,0
2022-10-18,50192,50219,50293,50084,7200,-0.08,-0.000776714536723271,6.032854715572455e-07,0.007775634277678799,0
2022-10-19,49981,50063,50233,49856,9050,-0.42,-0.004212718238472153,1.7746994956755923e-05,0.0076198028661965955,0
2022-10-20,49938,49875,50168,49856,10020,-0.09,-0.0008606972178370987,7.407997007925222e-07,0.007520892146553298,0
2022-10-21,50361,49901,50388,49616,17150,0.85,0.008434830016373518,7.114635740511567e-05,0.0073769433108682066,0
2022-10-24,50319,50355,50449,50270,1110,-0.08,-0.0008343266276590197,6.961009216208726e-07,0.007446736389754088,0
2022-10-25,50353,50292,50525,50087,9110,0.07,0.0006754609284150894,4.562474658153745e-07,0.007305818752118838,0
2022-10-26,50411,50500,50560,50361,4410,0.12,0.0011512049225017543,1.32527277359227e-06,0.007169936966408835,0
2022-10-27,50450,50411,50550,50330,8990,0.08,0.0007733415679734496,5.980571807556336e-07,0.0070419877557103125,0
2022-10-28,49956,50458,50495,49824,10970,-0.98,-0.00984012879877926,9.682813477656496e-05,0.006916547915136275,0
2022-10-31,50070,49964,50194,49920,6350,0.23,0.0022794083410146234,5.1957023850870374e-06,0.007096134262496405,0
2022-11-01,50250,50094,50450,50093,190,0.36,0.0035885205973318107,1.2877480077474657e-05,0.00698299024600897,0
2022-11-02,50414,50376,50740,50346,350,0.33,0.003258367342811579,1.0616957740700989e-05,0.006898462531442023,0
2022-11-03,49876,50185,50217,49815,50,-1.07,-0.010728989147657077,0.00011511120813054333,0.006810346209471906,0
2022-11-04,50615,50048,50650,50048,110,1.48,0.01470804991637525,0.00021632673234258602,0.007054834996619079,0
2022-11-07,50901,50717,51029,50717,9680,0.57,0.0056345946781971605,3.174865718756776e-05,0.007573920522353203,0
2022-11-08,51581,50752,51648,50615,15490,1.34,0.013270817895795685,0.000176114607623371,0.0075172963988409894,0
2022-11-09,51474,51568,51680,51315,11720,-0.21,-0.0020765618058247205,4.312108933410024e-06,0.00787703583710977,0
2022-11-10,52033,51469,52139,51469,15540,1.09,0.01080130686397012,0.00011666822996964802,0.0077262453058649545,0
2022-11-11,52275,52033,52451,52002,13180,0.47,0.004640112631843917,2.153064523619748e-05,0.007902269954513758,0
2022-11-14,52601,52274,52672,52217,10440,0.62,0.006216885655096606,3.864966724854596e-05,0.007799723831002116,0
2022-11-15,52545,52615,52850,52501,15080,-0.11,-0.0010651856522339463,1.1346204737250576e-06,0.007751176984114851,0
2022-11-16,52883,52711,52999,52701,11390,0.64,0.006411980840562378,4.1113498299739014e-05,0.007598651998736927,0
2022-11-17,52698,52854,52854,52626,8270,-0.35,-0.003504421995086971,1.2280973519649346e-05,0.007568183861945264,0
2022-11-18,52501,52750,52844,52411,8100,-0.37,-0.00374528712781326,1.4027175669763698e-05,0.007456364459748047,0
2022-11-21,52201,52401,52515,52066,8750,-0.57,-0.005730565242001144,3.283937799283163e-05,0.007354892060410848,0
2022-11-22,52161,52248,52384,52129,8400,-0.08,-0.0007665625794585573,5.876181882261571e-07,0.00731343554769113,0
2022-11-23,52259,52000,52296,52000,9680,0.19,0.0018770356018637613,3.5232626506640527e-06,0.007178546120387225,0
2022-11-24,52494,52375,52549,52375,5960,0.45,0.004486752536556196,2.013094832429346e-05,0.00705781769887179,0
2022-11-25,52386,52550,52580,52274,5570,-0.21,-0.0020594972954568825,4.241529109994214e-06,0.006992855608722464,0
2022-11-28,52148,52280,52669,52111,9450,-0.45,-0.0045535502561932124,2.073481993567727e-05,0.006881469883788917,0
2022-11-29,52357,52237,52525,52210,3160,0.4,0.003999813954177798,1.5998511668035434e-05,0.006826531632416465,0
2022-11-30,52434,52464,52634,52360,650,0.15,0.0014695921187522839,2.1597009954988268e-06,0.006758976900883135,0
2022-12-01,53339,52768,53593,52723,280,1.73,0.017112535048123493,0.0002928388557732549,0.006649576033491427,0
2022-12-02,53346,53246,53544,53130,140,0.01,0.0001312274454710658,1.722064244486155e-08,0.007435460060577758,0
2022-12-05,53300,53646,53735,53000,160,-0.09,-0.0008626671952580205,7.441946897743396e-07,0.007293927361434296,0
2022-12-06,53446,53500,53598,53256,6840,0.27,0.002735467203276744,7.482780820202692e-06,0.007161001678655049,0
2022-12-07,53665,53444,53715,53401,6290,0.41,0.004089221558412069,1.672173295378203e-05,0.007053863246400631,0
2022-12-08,53741,53646,53866,53614,5370,0.14,0.0014151911938660004,2.0027661151958756e-06,0.006979234748883602,0
2022-12-09,53950,53860,54085,53704,8680,0.39,0.0038814805767900086,1.5065891467998098e-05,0.006862907120293607,0
2022-12-12,53791,53802,53957,53721,5810,-0.29,-0.002951524775662669,8.711498501350569e-06,0.006791680486531224,0
2022-12-13,54376,53875,54599,53810,11970,1.09,0.010816713115856236,0.00011700128263073633,0.006703506010272715,0
2022-12-14,54340,54449,54529,54252,6180,-0.07,-0.0006622760461353908,4.386095612847263e-07,0.006955912169656093,0
2022-12-15,53795,54073,54131,53580,10790,-1.0,-0.010080077952329179,0.00010160797152503282,0.006835495591484398,0
2022-12-16,53957,53855,54065,53690,7310,0.3,0.003006907009802078,9.041489765596875e-06,0.007029894991694065,0
2022-12-19,53945,54100,54222,53863,5440,-0.02,-0.0002224240523710691,4.9472459073168094e-08,0.006932666892143531,0
2022-12-20,54541,53955,54650,53955,9990,1.1,0.010987703412901985,0.00012072962628989793,0.006812051740623427,0
2022-12-21,54684,54527,54849,54501,5820,0.26,0.0026184496535404354,6.856278588126026e-06,0.007065136572876246,0
2022-12-22,54066,54650,54733,54005,10850,-1.13,-0.011365639588790501,0.0001291777632622819,0.0069598503207962716,0
2022-12-23,54104,54089,54249,54000,5230,0.07,0.0007025977916834447,4.936436568784532e-07,0.007225334673007855,0
2022-12-26,54230,54070,54281,54050,2780,0.23,0.0023261405803304694,5.410929999460173e-06,0.0070939155605392445,0
2022-12-27,54546,54293,54880,54219,6980,0.58,0.005810121514806973,3.375751201682287e-05,0.00698308402992796,0
2022-12-28,54324,54451,54505,54124,5090,-0.41,-0.004078264125954304,1.6632238281045824e-05,0.0069630371267594545,0
2022-12-29,54642,54308,54691,54235,8039,0.59,0.005836699571914627,3.4067061892788384e-05,0.006891975052344505,0
2022-12-30,54779,54634,54869,54516,2940,0.25,0.002504091017042013,6.270471821630504e-06,0.006877391035766804,0
2023-01-02,55016,54900,55029,54898,550,0.43,0.004317143186756435,1.8637725294957504e-05,0.006778177374400034,0
2023-01-03,55380,55419,55820,55264,1590,0.66,0.0065944657252807485,4.3486978201902546e-05,0.006721636145678519,0
2023-01-04,55688,55600,55821,55555,450,0.56,0.005546166123549454,3.0759958670007576e-05,0.006745056090298862,0
2023-01-05,55071,56107,56107,54997,740,-1.11,-0.011141422049742541,0.0001241312852904893,0.006727670133336999,0
2023-01-06,55628,55303,55700,55205,9170,1.01,0.01006340979974157,0.00010127221679753468,0.006996708806669876,0
2023-01-09,55792,55952,56077,55721,8180,0.29,0.0029438183169309537,8.666066283098193e-06,0.007176634576554926,0
2023-01-10,55642,55849,55879,55580,6970,-0.27,-0.0026921781610241423,7.2478232506953325e-06,0.007071414090771337,0
2023-01-11,55641,55655,55855,55472,7340,0.0,-1.7972197011757355e-05,3.2299986542942e-10,0.006966590656592492,0
2023-01-12,55801,55700,55920,55550,8850,0.29,0.0028714507983773354,8.245229687501837e-06,0.006844505040430141,0
2023-01-13,56224,55845,56253,55800,11810,0.76,0.0075519216310499515,5.703152032152016e-05,0.006752808570390968,0
2023-01-16,56414,56295,56460,56262,5510,0.34,0.003373642646469085,1.1381464706074931e-05,0.00681547641770077,0
2023-01-17,56306,56230,56430,56230,6770,-0.19,-0.0019162532478395,3.6720265098554318e-06,0.006734602430305172,0
2023-01-18,56220,56289,56492,56073,9600,-0.15,-0.0015285359249303308,2.336422073802622e-06,0.006633099520416181,0
2023-01-19,56443,56299,56470,56187,7670,0.4,0.003958713885251796,1.567141562528537e-05,0.006531262540238304,0
2023-01-20,56569,56540,56768,56507,6480,0.22,0.0022298526211118274,4.972242711879287e-06,0.0064760338256491445,0
2023-01-23,56705,56610,56799,56385,8710,0.24,0.002401258282544275,5.766041339487482e-06,0.006388395297239636,0
2023-01-24,56881,56815,57000,56633,9070,0.31,0.003098975945161147,9.603651908687425e-06,0.006306505687608611,0
2023-01-25,56865,56895,56929,56650,6580,-0.03,-0.0002813285760470807,7.914576770067807e-08,0.006240407547647828,0
2023-01-27,56789,56730,56895,56500,10210,-0.13,-0.0013373926360343226,1.788619062918834e-06,0.006144343721161393,0
2023-01-30,56754,56760,57001,56588,4850,-0.06,-0.0006165065412850968,3.8008031544731273e-07,0.0060571524428906474,0
2023-01-31,56864,56700,56935,56460,1040,0.19,0.0019363135131524212,3.7493100212166715e-06,0.005967611820521865,0
2023-02-01,57599,56879,58100,56800,640,1.29,0.012842754467787683,0.0001649363423198805,0.005892858145625834,0
2023-02-02,57710,58299,58895,57700,210,0.19,0.001925262282846342,3.706634857750708e-06,0.006382800978576223,0
2023-02-03,57424,57962,57990,57202,90,-0.5,-0.0049681343176236495,2.4682358597949805e-05,0.006293306875492765,0
2023-02-06,56926,56690,57076,56665,10030,-0.87,-0.00871015563565685,7.58668111973648e-05,0.006277428373093269,0
2023-02-07,57175,57000,57269,56888,9070,0.44,0.004364561139250357,1.9049393938254376e-05,0.006431605421134592,0
2023-02-08,57128,57188,57303,56930,7560,-0.08,-0.0008223756620359314,6.763017295090364e-07,0.006390255301482883,0
2023-02-09,56797,57117,57281,56690,9660,-0.58,-0.005810856815973301,3.3766056935743367e-05,0.006289826294506164,0
2023-02-10,56711,56740,56800,56465,10530,-0.15,-0.0015153119860430461,2.296170415045721e-06,0.00630400190889857,0
2023-02-13,56486,56759,56839,56466,7870,-0.4,-0.00397537560743892,1.5803611220220363e-05,0.006212325938581363,0
2023-02-14,56679,56560,56949,56367,16320,0.34,0.003410951921937043,1.1634593013766008e-05,0.006169846774568794,0
2023-02-15,56151,56634,56634,56103,10490,-0.93,-0.009359281294421925,8.759614634811614e-05,0.006114843132641431,0
2023-02-16,56229,56235,56280,55929,8920,0.14,0.001388147580089046,1.9269537041070744e-06,0.006319382491355693,0
2023-02-17,56232,56348,56348,55737,9200,0.01,5.335182864659614e-05,2.846417619935757e-09,0.006225118276928222,0
2023-02-20,56202,56194,56339,56181,3510,-0.05,-0.0005336464185557108,2.8477850003733695e-07,0.006127907829126722,0
2023-02-21,56157,56181,56285,56000,6390,-0.08,-0.0008010039677467073,6.416073563459681e-07,0.006035044440344944,0
2023-02-22,56060,56103,56350,55963,6300,-0.17,-0.0017287937506595432,2.9887278323194907e-06,0.00594652786278323,0
2023-02-23,55630,56000,56000,55566,6190,-0.77,-0.0076999216494403454,5.928879340752013e-05,0.005869202171316539,0
2023-02-24,55535,55794,55794,55486,6660,-0.17,-0.0017091714681185103,2.921267107430384e-06,0.005995241050576237,0
2023-02-27,55447,55503,55540,55341,2610,-0.16,-0.001585843081627359,2.514898279545358e-06,0.005915528426763194,0
2023-02-28,55714,55549,55999,55325,380,0.48,0.004803852312645457,2.3076997041709106e-05,0.00583700689296539,0
2023-03-01,56047,55990,56144,55799,110,0.6,0.005959162596019079,3.5511618845792854e-05,0.00583566560945074,0
2023-03-02,55915,55935,56050,55100,170,-0.24,-0.0023579439659686483,5.559899746647958e-06,0.005878998728719839,0
2023-03-03,55879,55999,56029,55710,60,-0.06,-0.0006440417418532134,4.147897652493212e-07,0.005812075111044586,0
2023-03-06,55752,55605,55986,55605,6390,-0.23,-0.0022753546020807237,5.177238565209928e-06,0.005728476439663011,0
2023-03-07,55077,55655,55677,55050,7900,-1.21,-0.0121810779900395,0.00014837866099942475,0.005665144721251547,0
2023-03-08,54955,55010,55140,54888,7210,-0.22,-0.0022175376253145106,4.9174731196855185e-06,0.00612320945019041,0
2023-03-09,55272,54987,55395,54819,9130,0.58,0.005751782665630143,3.3083003832643385e-05,0.006043692320187251,0
2023-03-10,56101,55257,56147,55253,13840,1.5,0.01488718649523093,0.00022162832174378615,0.006066085172147916,0
2023-03-13,57539,56216,57600,56216,18780,2.56,0.025309341076197506,0.0006405627457112983,0.006721455139839757,0
2023-03-14,57417,57001,57678,57000,11660,-0.21,-0.002122552033876239,4.505227136512158e-06,0.008619470421309077,0
2023-03-15,58263,57420,58557,57015,20000,1.47,0.014626816787378271,0.0002139437693315308,0.008409238196155844,0
2023-03-16,57942,58186,58430,57800,14100,-0.55,-0.005524733298588238,3.052267802052967e-05,0.008838458819653658,0
2023-03-17,59231,58250,59295,58066,16730,2.22,0.02200254326966323,0.00048411191033340264,0.008697457798783417,0
2023-03-20,59424,59317,60320,59120,24580,0.33,0.003253131687796229,1.0582865778143941e-05,0.009850789580555918,0
2023-03-21,58520,59472,59632,58474,16820,-1.52,-0.015329609018371701,0.00023499691265614297,0.009595896968561007,0
2023-03-22,58684,58515,58772,58380,10090,0.28,0.0027985411254739666,7.831832430969096e-06,0.009966388191480323,0
2023-03-23,59436,58769,59490,58769,13200,1.28,0.012732986116703449,0.00016212893544816277,0.009703385575611205,0
2023-03-24,59226,59410,59892,59141,15160,-0.35,-0.0035394687302950623,1.252783889273654e-05,0.009865938040116519,0
2023-03-27,58496,59257,59257,58401,12460,-1.23,-0.01240225883212116,0.0001538160241389273,0.00962600611592882,0
2023-03-28,58986,58657,59051,58463,8910,0.84,0.008341751781157477,6.958482277844394e-05,0.009769573182821404,0
2023-03-29,58997,58899,59089,58665,8700,0.02,0.00018646754247421843,3.4770144396374454e-08,0.009685926226284816,0
2023-03-30,59389,59044,59456,58891,2690,0.66,0.006622428879203958,4.38565642601146e-05,0.009428214855097376,0
2023-03-31,59314,59312,59670,59247,890,-0.13,-0.001263658205440481,1.596832060177057e-06,0.009299669132316408,0
2023-04-03,59600,59750,59760,59031,290,0.48,0.004810208242224145,2.31381033335611e-05,0.009068201722383476,0
2023-04-04,60435,59558,60625,59558,160,1.4,0.01391283324011616,0.00019356692876728115,0.00890612156972494,0
2023-04-05,60366,60599,60949,60100,350,-0.11,-0.001142374773451677,1.3050201230187705e-06,0.009201233883906743,0
2023-04-06,60276,60500,60580,60075,10850,-0.15,-0.001492017982060696,2.2261176587924714e-06,0.008975275727400174,0
2023-04-10,59867,60012,60200,59730,10300,-0.68,-0.006808579442688798,4.635675402740451e-05,0.008762955843285774,0
2023-04-11,60281,59980,60350,59961,9790,0.69,0.006891527757641424,4.7493154834342234e-05,0.00867995932664333,0
2023-04-12,60404,60390,60822,60151,14070,0.2,0.0020383650426821004,4.1549320472284004e-06,0.008604680595574293,0
2023-04-13,60987,60498,61142,60461,14930,0.97,0.009605398793494075,9.226368598205743e-05,0.008414637521036423,0
2023-04-14,60145,60986,60986,59918,14070,-1.38,-0.013902413261000873,0.00019327709447965291,0.00847792238163005,0
2023-04-17,60051,60050,60444,59764,13500,-0.16,-0.001564112269357323,2.446447191154115e-06,0.008808205010766772,0
2023-04-18,60331,60050,60499,60007,11380,0.47,0.004651866640028538,2.1639863236610402e-05,0.00860482046912298,0
2023-04-19,60172,60323,60384,59627,17270,-0.26,-0.0026389399811298626,6.964004224005679e-06,0.008463250128156127,0
2023-04-20,60389,59932,60549,59932,10300,0.36,0.0035998413141776877,1.295885748726054e-05,0.00828751919730733,0
2023-04-21,59810,60311,60373,59565,17110,-0.96,-0.009634098093289377,9.2815846071122e-05,0.008136331267750931,0
2023-04-24,59928,59652,59978,59575,8500,0.2,0.001970970589116201,3.884725063161064e-06,0.00822084012029781,0
2023-04-25,60123,59980,60195,59701,11510,0.33,0.0032486221938192715,1.0553546158175137e-05,0.008046531200630945,0
2023-04-26,59849,60085,60300,59805,10020,-0.46,-0.004567740412767369,2.086425247842821e-05,0.00789877936252687,0
2023-04-27,59913,60100,60248,59605,9710,0.11,0.0010687865281524631,1.142304642760196e-06,0.007788222482945924,0
2023-04-28,60057,59888,60124,59741,7030,0.24,0.0024006013029028283,5.7628866154987565e-06,0.007622154615472971,0
2023-05-01,59979,60170,60449,59900,1490,-0.13,-0.0012996102998835666,1.688986931563454e-06,0.007476607134955477,0
2023-05-02,60787,60050,60861,59900,710,1.35,0.013381449362987638,0.00017906318705420226,0.007323170122985338,0
2023-05-03,61073,60925,61146,60700,190,0.47,0.004693919663824403,2.2032881810437395e-05,0.00774238956495205,0
2023-05-04,61683,61374,61898,61150,180,1.0,0.009938496219956858,9.877370711409675e-05,0.007643684396841945,0
2023-05-05,60799,61899,61899,60200,110,-1.43,-0.014435024736133359,0.00020836993913278193,0.007783221819337336,0
2023-05-08,60916,60750,61042,60750,9010,0.19,0.0019225245210037194,3.696100533860581e-06,0.008225809225957965,0
2023-05-09,61359,60916,61390,60906,11890,0.73,0.007245993674694541,5.250442433371329e-05,0.008051246452603484,0
2023-05-10,61207,61265,61571,60957,16020,-0.25,-0.002480297601680053,6.151876192899822e-06,0.008026132769547965,0
2023-05-11,60886,61228,61450,60801,18620,-0.52,-0.005258298831698988,2.7649706603446943e-05,0.007867669004533494,0
2023-05-12,60843,60849,61031,60532,14970,-0.07,-0.0007064873906551379,4.991244331547054e-07,0.007780185982745995,0
2023-05-15,60987,60740,61081,60740,7710,0.24,0.00236395086693193,5.588263701268223e-06,0.007615218433641455,0
2023-05-16,60280,60938,60980,60200,14190,-1.16,-0.011660352948742096,0.0001359638308892385,0.007472531396889772,0
2023-05-17,60189,60389,60420,60010,9460,-0.15,-0.001510762392121114,2.2824030054475105e-06,0.007737275562832644,0
2023-05-18,59758,60148,60170,59621,12490,-0.72,-0.00718653830379293,5.1646332791882965e-05,0.0075798681181086834,0
2023-05-19,60389,59748,60492,59748,12690,1.06,0.010503896087374379,0.00011033183301435878,0.007580951396690674,0
2023-05-22,60271,60485,60510,60140,7430,-0.2,-0.0019559097897933154,3.825583105809331e-06,0.007758494460733497,0
2023-05-23,60220,60033,60271,59774,11250,-0.08,-0.0008465363063739016,7.166237180091681e-07,0.007605034597620555,0
2023-05-24,59918,60288,60395,59797,10440,-0.5,-0.005027562238792297,2.5276382064930213e-05,0.007448504342341272,0
2023-05-25,59493,59752,60000,59411,11030,-0.71,-0.007118302242993005,5.0670226822599244e-05,0.00737567162691128,0
2023-05-26,59430,59570,59690,59301,9040,-0.11,-0.00105950919323321,1.1225597305456875e-06,0.007386628312815648,0
2023-05-29,59358,59450,59599,59250,8790,-0.12,-0.0012122438094287437,1.469535053498312e-06,0.007240225621551637,0
2023-05-30,59845,58900,59946,58900,3450,0.82,0.008170980756193262,6.676492651808061e-05,0.007100713912449258,0
2023-05-31,60252,59868,60368,59834,320,0.68,0.006777880515234983,4.593966427880204e-05,0.0071821316209972385,0
2023-06-01,60033,60100,60718,59696,350,-0.36,-0.0036413558130325664,1.3259472157106062e-05,0.0071904423052867586,0
2023-06-02,59656,60449,60449,59601,60,-0.63,-0.006299680786042505,3.968597800603311e-05,0.007092031499570418,0
2023-06-05,59805,59588,60200,59200,40,0.25,0.0024945392599343167,6.222726119353648e-06,0.007085638489825149,0
2023-06-06,59902,59773,59998,59701,8000,0.16,0.0016206240442120162,2.626422292678111e-06,0.0069687182012066725,0
2023-06-07,59511,59900,60025,59410,14680,-0.65,-0.006548724131558801,4.288578775126057e-05,0.006844532897162659,0
2023-06-08,59809,59550,59950,59410,14350,0.5,0.004994981890505174,2.494984408647464e-05,0.006864655026409347,0
2023-06-09,59777,59805,60040,59676,7820,-0.05,-0.0005351797160834873,2.864173285072021e-07,0.006822127181362762,0
2023-06-12,59595,59680,59850,59484,9120,-0.3,-0.0030492936538309957,9.298191787293984e-06,0.0066959405320020085,0
2023-06-13,59222,59680,59800,59151,15370,-0.63,-0.006278583457302572,3.942061023031351e-05,0.006607071856755234,0
2023-06-14,59249,59294,59390,59105,11390,0.05,0.0004558077583114652,2.0776071253692306e-07,0.006630967073048034,0
2023-06-15,59249,59100,59275,58600,16410,0.0,0.0,0.0,0.006512231485174861,0
2023-06-16,59249,59250,59427,59156,9350,0.0,0.0,0.0,0.006397332926059922,0
2023-06-19,59043,59126,59260,59005,6090,-0.35,-0.00348291022627086,1.2130663644262134e-05,0.006286955532352087,0
2023-06-20,58721,59064,59238,58555,11770,-0.55,-0.005468577875406116,2.990534397938127e-05,0.00622825464956429,0
2023-06-21,58630,58702,58762,58326,9890,-0.15,-0.001550903157880101,2.4053006051224696e-06,0.00624201879231799,0
2023-06-22,58144,58553,58644,58111,10480,-0.83,-0.008323818762362994,6.92859587886662e-05,0.006147540099353952,0
2023-06-23,58188,58111,58594,58046,10120,0.08,0.000756455697454821,5.722252222118596e-07,0.0063195586916143355,0
2023-06-26,58256,58282,58495,58211,7600,0.12,0.0011679435218622037,1.364092070259888e-06,0.006214810359532369,0
2023-06-27,58015,58350,58391,57930,8400,-0.41,-0.004145493633568886,1.7185117465960165e-05,0.006117492874198997,0
2023-06-28,57796,58080,58080,57690,10090,-0.38,-0.0037820286681439722,1.4303740846662868e-05,0.0060877969151891375,0
2023-06-29,57578,57600,57811,57375,6460,-0.38,-0.0037790188333212084,1.4280983342596387e-05,0.006048080174298781,0
2023-06-30,58020,57743,58059,57673,440,0.77,0.007647228395214396,5.848010212857334e-05,0.006010298906742729,0
2023-07-03,58119,57979,58205,57830,70,0.17,0.0017048540796606062,2.906527432935413e-06,0.00615276891074587,0
2023-07-04,58194,58171,58239,58124,20,0.13,0.0012896238665420813,1.6631297171549479e-06,0.00606355432233183,0
2023-07-05,58308,58186,58450,58148,120,0.2,0.001957048572305454,3.830039114362816e-06,0.005973102357765849,0
2023-07-06,58385,58469,58637,58150,13960,0.13,0.0013197023159120657,1.7416142026236696e-06,0.005895435251966195,0
2023-07-07,58747,58396,58898,58313,13140,0.62,0.006181080363001186,3.820575445387887e-05,0.005812184142867758,0
2023-07-10,58635,58690,58720,58390,9830,-0.19,-0.0019082999776515947,3.6416088047050767e-06,0.0058879157852303795,0
2023-07-11,58737,58601,58840,58553,8870,0.17,0.0017380640302177728,3.020866573136847e-06,0.005812555563089176,0
2023-07-12,59113,58790,59168,58688,13170,0.64,0.006381014438850847,4.071734526882299e-05,0.00573768615719594,0
2023-07-13,59185,59150,59325,59050,9300,0.12,0.0012172650237603894,1.4817341380703813e-06,0.0058294513879896545,0
2023-07-14,59229,59207,59320,59083,7720,0.07,0.0007431554043445227,5.52279955006471e-07,0.005746501892403273,0
2023-07-17,59061,59095,59180,58861,8540,-0.28,-0.002840478704141619,8.068319268682052e-06,0.005662754583859051,0
2023-07-18,59633,59135,59767,59112,15280,0.97,0.00963830400995681,9.289690418834952e-05,0.005615873012820417,0
2023-07-19,59683,59650,59739,59505,7000,0.08,0.0008381106126050468,7.024293989612067e-07,0.005941782500997632,0
2023-07-20,59459,59750,59842,59338,9930,-0.38,-0.003760223329021793,1.4139279484119734e-05,0.0058489411664056,0
2023-07-21,59221,59460,59500,59110,7400,-0.4,-0.004010790681625855,1.608644189181679e-05,0.005817985434504897,0
2023-07-24,59013,59188,59234,58967,8039,-0.35,-0.0035184501002723323,1.2379491108106386e-05,0.005796860408404489,0
2023-07-25,59120,59057,59191,58870,8850,0.18,0.0018115180222446619,3.2815975449172114e-06,0.005760357066291215,0
2023-07-26,59347,59199,59460,59097,9910,0.38,0.003832295539168724,1.46864890995325e-05,0.005686013213028778,0
2023-07-27,58878,59455,59538,58711,13670,-0.79,-0.007934065726703535,6.294939895565169e-05,0.005665264015642095,0
2023-07-28,59288,58989,59335,58910,10910,0.7,0.006939418196646128,4.815552490794341e-05,0.005856413393491,0
2023-07-31,59628,59064,59702,59064,4230,0.57,0.005718337759126038,3.2699386727446595e-05,0.005967961699408367,0
2023-08-01,59048,59528,59528,59029,780,-0.97,-0.009774589940432586,9.55426085036059e-05,0.006006244985351684,0
2023-08-02,59117,59241,59399,59041,130,0.12,0.0011678586356769426,1.3638937929252098e-06,0.006298982186928859,0
2023-08-03,59078,59099,59860,58950,160,-0.07,-0.0006599264167754394,4.3550287555807094e-07,0.006188590368537111,0
2023-08-04,59124,59074,59249,59037,20,0.08,0.000778328663173374,6.057955079172514e-07,0.006080166347947513,0
2023-08-07,59201,59325,59380,59135,8380,0.13,0.0013015002893591264,1.6939030032018899e-06,0.005977848538494829,0
2023-08-08,58997,59161,59215,58950,9730,-0.34,-0.0034518384838689935,1.1915188918718992e-05,0.005884983652184195,0
2023-08-09,58719,59051,59097,58702,9960,-0.47,-0.004723240966820096,2.2309005230647637e-05,0.005839757851925202,0
2023-08-10,58605,58680,58879,58508,7820,-0.19,-0.001943337013352897,3.7765587474673576e-06,0.005841120993987165,0
2023-08-11,58629,58582,58741,58487,6650,0.04,0.00040943754090590233,1.6763909990307246e-07,0.005763074955893435,0
2023-08-14,58663,58744,58744,58525,4960,0.06,0.0005797497007863106,3.361097155618166e-07,0.005672512466262587,0
2023-08-16,58413,58598,58619,58401,5670,-0.43,-0.004270736615241952,1.8239191236768282e-05,0.005586320212122405,0
2023-08-17,58027,58385,58390,58007,8380,-0.66,-0.0066300483333309864,4.395754090230499e-05,0.005583823693178534,0
2023-08-18,58098,58169,58265,58055,4990,0.12,0.0012228203891864109,1.4952897042100053e-06,0.005694991201307095,0
2023-08-21,58164,58110,58320,57992,8850,0.11,0.001135366793790174,1.2890577564413797e-06,0.005611929853763199,0
2023-08-22,58221,58164,58328,58073,6850,0.1,0.0009795077468286166,9.594354260972733e-07,0.005531189171267072,0
2023-08-23,58430,58290,58456,58160,7780,0.36,0.0035833421682778567,1.2840341094958252e-05,0.005452092324355529,0
2023-08-24,58436,58448,58533,58261,7110,0.01,0.00010268170392185734,1.0543532320295973e-08,0.005430784036903117,0
2023-08-25,58273,58383,58520,58171,9060,-0.28,-0.0027932739717127265,7.80237948104779e-06,0.005350346094564024,0
2023-08-28,58497,58300,58600,58206,8810,0.38,0.003836606573004427,1.4719549996020775e-05,0.0053096526032003774,0
2023-08-29,58843,58620,58880,58430,11850,0.59,0.005897409285946897,3.4779436285972695e-05,0.005303416332547114,0
2023-08-30,59117,58832,59164,58830,5370,0.47,0.00464565094592203,2.1582072711346253e-05,0.005392161793683892,0
2023-08-31,59113,59138,59379,59001,200,-0.01,-6.766472133170436e-05,4.578514512897207e-09,0.005412735056301466,0
2023-09-01,59106,59082,59507,59051,400,-0.01,-0.0001184242804994736,1.4024310211818004e-08,0.005330569702708378,0
2023-09-04,59385,59125,59540,59101,90,0.47,0.0047092271246065775,2.2176820111130335e-05,0.005251150206863985,0
2023-09-05,59301,59550,59550,59150,30,-0.14,-0.0014154999583013768,2.0036401319511995e-06,0.0052819448875474,0
2023-09-06,59111,59208,59310,59021,6940,-0.32,-0.003209136963491976,1.02985600504505e-05,0.005213139452099217,0
2023-09-07,59016,59124,59125,58981,4270,-0.16,-0.0016084387224090959,2.5870751237450047e-06,0.005187397667953814,0
2023-09-08,58905,59117,59200,58872,5870,-0.19,-0.0018826168839185418,3.54424633161516e-06,0.005123954451550335,0
2023-09-11,58941,58932,59120,58902,4160,0.06,0.0006109668740533608,3.732805211905353e-07,0.005067440215512792,0
2023-09-12,58642,58999,58999,58576,8320,-0.51,-0.005085780163344846,2.586515986987193e-05,0.004996098962546665,0
2023-09-13,58610,58576,58726,58527,5100,-0.05,-0.0005458329204531639,2.9793357705042993e-07,0.005058905616714462,0
2023-09-14,58608,58500,58635,58385,6590,0.0,-3.412445187933677e-05,1.164478216065171e-09,0.004986238883887741,0
2023-09-15,58992,58690,59111,58677,8140,0.66,0.006530635455330195,4.264919945041583e-05,0.004913617942585049,0
2023-09-18,59212,59079,59225,59056,5050,0.37,0.003722382559456997,1.3856131918949623e-05,0.005068156175929834,0
2023-09-19,59265,59250,59350,59231,2650,0.09,0.0008946884802180233,8.004674766348362e-07,0.005063103164873399,0
2023-09-20,59363,59167,59388,59100,6430,0.17,0.0016522241341627426,2.7298445895098244e-06,0.004990475007183319,0
2023-09-21,58853,59300,59300,58726,9320,-0.86,-0.008628327198304095,7.44480302409942e-05,0.004930063070323701,0
2023-09-22,58896,58800,58948,58721,5380,0.07,0.000730367169342881,5.334362020539326e-07,0.0052427764701017746,0
2023-09-25,58707,58860,58948,58674,6480,-0.32,-0.0032142064864869773,1.0331123337774958e-05,0.005161154284737649,0
2023-09-26,58478,58656,58700,58454,9340,-0.39,-0.003908355019881401,1.5275238961432146e-05,0.005131709412411186,0
2023-09-27,57759,58466,58478,57662,13130,-1.23,-0.012371433714988736,0.00015305237216436,0.005128162600880905,0
2023-09-28,57146,57675,57788,56674,6960,-1.06,-0.010669784875083967,0.00011384430928057059,0.005782121297078943,0
2023-09-29,57061,57445,57727,56802,340,-0.15,-0.001488525496591307,2.215708154002397e-06,0.0061731352749001735,0
2023-10-03,56385,56323,56490,56251,80,-1.18,-0.011917705359381876,0.0001420317010330395,0.006059639152354325,0
2023-10-04,56229,56280,56367,56205,140,-0.28,-0.0027705276392933293,7.675823400088267e-06,0.006532014477490381,0
2023-10-05,56112,55913,56336,55913,320,-0.21,-0.002082944647135367,4.3386584030298796e-06,0.006424361120337344,0
2023-10-06,56582,56486,56641,56160,11220,0.84,0.008341220030435376,6.957595159613635e-05,0.006309832866308148,0
2023-10-09,57268,56720,57300,56720,9880,1.21,0.012051090069823502,0.0001452287718709986,0.00646316746986596,0
2023-10-10,57364,57320,57450,57230,7420,0.17,0.0016749253688847126,2.8053749913335902e-06,0.0068938780818907554,0
2023-10-11,57636,57387,57742,57340,8000,0.47,0.004730443603721741,2.2377096687991932e-05,0.006751961077797552,0
2023-10-12,57613,57721,57900,57575,8260,-0.04,-0.00039913578955728013,1.593093785055134e-07,0.006692759295653011,0
2023-10-13,58993,57665,59019,57634,23770,2.4,0.023670556118028423,0.0005602952269367328,0.0065530251096278,0
2023-10-16,58993,58880,58993,58600,7880,0.0,0.0,0.0,0.00839401519495841,0
2023-10-17,58922,58850,59100,58700,7160,-0.12,-0.0012042574495282233,1.4502360047442212e-06,0.008168264106206375,0
2023-10-18,59680,59127,59846,59127,16040,1.29,0.012782420545874982,0.00016339027501160685,0.007961820941963042,0
2023-10-19,59935,59600,59978,59481,12200,0.43,0.004263685763557812,1.8179016290365565e-05,0.008295369699094035,0
2023-10-20,60405,59978,60740,59935,17320,0.78,0.007811241312464135,6.101549084154643e-05,0.008139127151907557,0
2023-10-23,60402,60100,60525,60100,10990,0.0,-4.966599618590206e-05,2.4667111771380377e-09,0.008130061704927093,0
2023-10-24,60351,60400,60401,59958,7290,-0.08,-0.0008446995607967796,7.135173480102725e-07,0.007926840362008514,0
2023-10-25,60652,60282,60680,60180,14340,0.5,0.004975093524148311,2.4751555574022457e-05,0.007737467460936172,0
2023-10-26,60735,60673,60880,60410,10480,0.14,0.0013675272135413833,1.87013067977626e-06,0.007637143272923708,0
2023-10-27,60952,60759,61056,60588,7890,0.36,0.003566531018474454,1.2720143505740426e-05,0.0074674213751573185,0
2023-10-30,61077,60952,61280,60952,4350,0.21,0.002048694059941272,4.197147351238653e-06,0.007342710103955524,0
2023-10-31,60879,61021,61688,60800,360,-0.32,-0.0032470755677082423,1.0543499742407804e-05,0.007195859815494814,0
2023-11-01,60757,60729,61478,60621,200,-0.2,-0.0020059857428795856,4.0239788006361625e-06,0.007078124794458014,0
2023-11-02,60805,60828,60845,60666,190,0.08,0.0007897205129009149,6.236584884964842e-07,0.006943421155705131,0
2023-11-03,60829,60822,61590,60005,240,0.04,0.0003946265075793646,1.557300804842863e-07,0.006803093476786255,0
2023-11-06,60818,60851,60980,60750,7710,-0.02,-0.00018085115177491606,3.270713909831372e-08,0.006667187484831729,0
2023-11-07,60365,60746,60746,60200,11600,-0.74,-0.007476331004416678,5.58955252876021e-05,0.006536597412413002,0
2023-11-08,60043,60401,60460,59979,11790,-0.53,-0.00534849457850888,2.8606394256338883e-05,0.006618317575588975,0
2023-11-09,60271,59959,60339,59801,11150,0.38,0.0037900871541197605,1.4364760635823626e-05,0.006594986684426154,0
2023-11-10,59697,60231,60247,59672,11820,-0.95,-0.009569291480323412,9.157133943539023e-05,0.00652049649023081,0
2023-11-12,59785,59600,59800,59600,1090,0.15,0.0014730254919049857,2.169804099801925e-06,0.006732451732870067,0
2023-11-13,59844,59791,59915,59521,8340,0.1,0.0009863829804424233,9.72951384106478e-07,0.006606625555279352,0
2023-11-14,60083,59853,60344,59757,7860,0.4,0.003985763279365456,1.5886308919138073e-05,0.0064818911955492,0
2023-11-15,60120,59814,60400,59500,9310,0.06,0.0006156252534224652,3.7899445265147446e-07,0.00641869621589124,0
2023-11-16,60654,60099,60800,60093,13330,0.89,0.008843020515201869,7.819901183228113e-05,0.006299616705023104,0
2023-11-17,60678,60697,60957,60610,10030,0.04,0.000395608748112754,1.5650628158334045e-07,0.006482347178663535,0
2023-11-20,60657,60678,60745,60375,8930,-0.03,-0.00034614909481494097,1.19819195841203e-07,0.006359537804783167,0
2023-11-21,61212,60738,61330,60738,14350,0.91,0.00910820367551633,8.29593741946892e-05,0.006241752103324964,0
2023-11-22,61065,61058,61360,60977,8380,-0.24,-0.002404378105737963,5.7810340753520754e-06,0.006447419272050475,0
2023-11-23,61093,60950,61223,60950,5060,0.05,0.00045842270650072446,2.1015137783544935e-07,0.006347367478764635,0
2023-11-24,61352,61128,61388,61101,6850,0.42,0.0042304771330056975,1.7896936772884106e-05,0.006230273361350982,0
2023-11-27,61557,61399,61685,61399,4380,0.33,0.003335804377162001,1.1127590842693165e-05,0.006187467385924464,0
2023-11-28,62409,61601,62512,61450,10550,1.38,0.013745920904635136,0.00018895034151648524,0.00612013806308454,0
2023-11-29,62470,62300,62676,62271,2620,0.1,0.0009769457611232789,9.544230201767427e-07,0.006729618862773564,0
2023-11-30,62639,62609,62750,62365,360,0.27,0.002701645809537036,7.298890080189026e-06,0.00659839697024466,0
2023-12-01,62876,62634,62993,62409,210,0.38,0.0037764455509758975,1.426154099948565e-05,0.0064969219672665725,0
2023-12-04,62302,64342,64344,62254,180,-0.91,-0.0091710048591337,8.410733012625393e-05,0.0064264827918406,0
2023-12-05,62600,63303,63303,61941,80,0.48,0.004771750099194959,2.27695990091671e-05,0.006618262871203315,0
2023-12-06,62269,62169,62419,62055,10640,-0.53,-0.005301568448119614,2.810662801009741e-05,0.006572625169946316,0
2023-12-07,62290,62205,62578,62088,9880,0.03,0.0003371896081209717,1.1369683182477447e-07,0.006549120846922435,0
2023-12-08,61597,62385,62386,61525,15530,-1.11,-0.011187731211228123,0.00012516532965468788,0.006423206247747043,0
2023-12-11,60986,61595,61636,60957,13740,-0.99,-0.009968838419272716,9.937773942956775e-05,0.0067625972298462735,0
2023-12-12,60984,60711,61400,60711,11020,0.0,-3.279494958071814e-05,1.0755087180018448e-09,0.006979555599114567,0
2023-12-13,60992,60946,61125,60758,9060,0.01,0.00013117334576417597,1.720644663896806e-08,0.006833762370538515,0
2023-12-14,62229,61350,62625,61350,18880,2.03,0.020078421000381066,0.0004031429898685434,0.006695152688687208,0
2023-12-15,61991,62232,62365,61880,8440,-0.38,-0.0038319158142688732,1.4683578807643882e-05,0.00791845553712241,0
2023-12-18,62057,62587,62587,61714,6480,0.11,0.0010641043181309768,1.1323179998649912e-06,0.007775408410488436,0
2023-12-19,62211,61960,62377,61850,7840,0.25,0.0024785154478329154,6.143038825146397e-06,0.007597085489271445,0
2023-12-20,62151,62238,62332,62053,7000,-0.1,-0.0009649250519515553,9.310803558837117e-07,0.007444797884977971,0
2023-12-21,62257,62197,62417,62111,7000,0.17,0.0017040708901475455,2.9038575986482483e-06,0.007283661030638405,0
2023-12-22,62657,62355,62948,62355,12200,0.64,0.006404428122106098,4.101669957122344e-05,0.007137201706429943,0
2023-12-26,62722,63127,63250,62616,5660,0.1,0.0010368563447355685,1.075071079618404e-06,0.007125902451690919,0
2023-12-27,63292,62835,63317,62828,8280,0.91,0.009046675567885944,8.184233883058446e-05,0.006981034588751291,0
2023-12-28,63119,63119,63471,62969,7810,-0.27,-0.0027371052836538336,7.491745333805733e-06,0.007116424180696057,0
2023-12-29,62954,62993,63107,62783,6770,-0.26,-0.0026175326074226427,6.851476950920778e-06,0.006993867030430525,0
2024-01-01,63001,63035,63188,62893,2410,0.07,0.0007462983157703108,5.569611761216025e-07,0.006875017074106288,0
2024-01-02,63039,63072,63338,62894,680,0.06,0.0006029831982126735,3.6358873732678427e-07,0.0067398253624393785,0
2024-01-03,62294,63057,63122,62223,1250,-1.18,-0.011888469510362983,0.00014133570729883026,0.006609790562190928,0
2024-01-04,62444,62518,62555,62218,60,0.24,0.0024050421251396166,5.784227623696083e-06,0.00697739939941341,0
2024-01-05,62627,62465,62763,62250,80,0.29,0.0029263399284059246,8.563465376582793e-06,0.006855809227706555,0
2024-01-08,62140,62530,62536,61977,14950,-0.78,-0.0078065910579247265,6.09428639456703e-05,0.006749538153086064,0
2024-01-09,62211,62211,62489,62152,9520,0.11,0.0011419290189117104,1.3040018842326615e-06,0.0068304178312026806,0
2024-01-10,62047,62240,62390,62010,8400,-0.26,-0.0026396706083699983,6.967860920692437e-06,0.006700054171117573,0
2024-01-11,61830,62102,62462,61775,13130,-0.35,-0.003503478804965658,1.2274363736843594e-05,0.006595369712088234,0
2024-01-12,62372,62098,62669,62098,15330,0.88,0.00872777315216172,7.617402419559493e-05,0.0065144117221084975,0
2024-01-15,62567,62521,62644,62448,4990,0.31,0.0031215258380285623,9.743923557479918e-06,0.006665703808122466,0
2024-01-16,62065,62500,62530,62013,11280,-0.8,-0.00805575959275649,6.489526261628822e-05,0.006572426043385363,0
2024-01-17,61561,62091,62115,61515,13550,-0.81,-0.008153669814680178,6.64823314468267e-05,0.006679467205573879,0
2024-01-18,61791,61600,61830,61512,8140,0.37,0.0037291696372192453,1.3906706183157917e-05,0.006784244648916763,0
2024-01-19,62021,61874,62246,61850,10620,0.37,0.0037153145828872094,1.3803562449814359e-05,0.006699713000711094,0
2024-01-22,61888,62021,62030,61755,3840,-0.21,-0.002146737542508435,4.608482076415154e-06,0.006619127392768005,0
2024-01-23,62003,61917,62239,61873,8770,0.19,0.0018564711404188228,3.4464850952079646e-06,0.006509384995734134,0
2024-01-24,62072,62124,62294,61950,11110,0.11,0.0011122306204002614,1.2370569529559505e-06,0.0064002462377398435,0
2024-01-25,62036,62047,62195,61933,8610,-0.06,-0.0005801398944417572,3.365622971228932e-07,0.006287456736842039,0
2024-01-29,62234,62196,62370,62125,10910,0.32,0.0031866124977742733,1.0154499210971194e-05,0.006175625088082646,0
2024-01-30,62371,62280,62730,62254,3060,0.22,0.0021989495638844825,4.835379184507756e-06,0.006106130194643647,0
2024-01-31,62865,62580,62982,62063,340,0.79,0.007889146286279448,6.223862912631681e-05,0.0060188003387645385,0
2024-02-01,63079,62900,63400,62430,160,0.34,0.0033983390388095964,1.1548708222697332e-05,0.006159586745877591,0
2024-02-02,62639,63360,63640,62453,230,-0.7,-0.006999821768938538,4.899750479690584e-05,0.00609590868980165,0
2024-02-05,62542,63441,63441,62400,80,-0.15,-0.0015497562635559564,2.401744476430919e-06,0.0061798225707034105,0
2024-02-06,62322,62081,62367,62015,7330,-0.35,-0.0035238375777303177,1.2417431274224273e-05,0.006079732650313751,0
2024-02-07,62305,62243,62462,62191,5660,-0.03,-0.00027281407889847,7.442752164522063e-08,0.00602305041023842,0
2024-02-08,62219,62255,62329,62005,7530,-0.14,-0.0013812600570674845,1.9078793452500703e-06,0.0059198707405141845,0
2024-02-09,62105,62249,62300,61966,6310,-0.18,-0.00183391834160639,3.3632564836803316e-06,0.005828027107847094,0
2024-02-12,61856,62079,62079,61735,9080,-0.4,-0.004017397970236706,1.6139486451262005e-05,0.005745547216593282,0
2024-02-13,61267,61965,62150,61153,14350,-0.95,-0.009567741090834829,9.154166958124923e-05,0.005720244655708155,0
2024-02-14,61170,61115,61211,60922,8990,-0.16,-0.0015844886806121213,2.5106043789879413e-06,0.006004341346942996,0
2024-02-15,61306,61163,61420,61042,7050,0.22,0.0022208441800464244,4.932148872046075e-06,0.0059109510163506684,0
2024-02-16,61498,61331,61525,61135,7190,0.31,0.0031269365239518314,9.777732024823963e-06,0.0058311985637678355,0
2024-02-19,61641,61588,61770,61512,5100,0.23,0.002322579593515917,5.394375968216562e-06,0.005774719274169921,0
2024-02-20,61810,61623,61870,61554,6250,0.27,0.0027379301191943354,7.496261337591507e-06,0.005702483397062288,0
2024-02-21,61744,61850,61899,61690,4510,-0.11,-0.0010683588759189875,1.1413906877548825e-06,0.00564206204110954,0
2024-02-22,61661,61800,61943,61622,6620,-0.13,-0.0013451644992582383,1.809467530064667e-06,0.005556672301299657,0
2024-02-23,61910,61657,61936,61493,8910,0.4,0.0040300772351360425,1.6241522521161768e-05,0.005477342620098239,0
2024-02-26,61766,61948,61948,61666,6150,-0.23,-0.002328666274333442,5.422686617217993e-06,0.005465332848956927,0
2024-02-27,61839,61888,61963,61744,11120,0.12,0.0011811821283511104,1.395191220336059e-06,0.005405261980325341,0
2024-02-28,61792,61726,61948,61516,6650,-0.08,-0.0007603271390543995,5.780973583826482e-07,0.005328986844064703,0
2024-02-29,62293,61835,62335,61810,640,0.81,0.008075153683934593,6.520810701916243e-05,0.005251396949209059,0
2024-03-01,63135,62314,63190,62200,150,1.35,0.013426230960605136,0.00018026367780751192,0.00547626764342064,0
2024-03-04,63605,63153,64135,62620,90,0.74,0.007416792717530597,5.500881421481489e-05,0.006152333576846677,0
2024-03-05,64193,64059,64541,64050,10,0.92,0.00920208687516045,8.46784028580002e-05,0.0062560529296164305,0
2024-03-06,65042,64659,65127,64559,13400,1.32,0.013139044590942391,0.00017263449276277252,0.006465566289527228,0
2024-03-07,65246,65150,65419,65055,13400,0.31,0.0031315265674471317,9.806458642627216e-06,0.006980005939629444,0
2024-03-08,65847,65375,66120,65315,16030,0.92,0.009169127423204188,8.407289770295507e-05,0.006863129834159617,0
2024-03-11,65872,66000,66026,65750,8450,0.04,0.0003795959626203409,1.4409309483766324e-07,0.007020863629540448,0
2024-03-12,65334,65852,65867,65260,15980,-0.82,-0.008200890435570008,6.725460393622363e-05,0.006868426825870424,0
2024-03-13,65717,65490,65842,65300,8630,0.59,0.005845069330673401,3.4164835480378796e-05,0.006964964637232837,0
2024-03-14,65435,65620,65675,65280,8360,-0.43,-0.004300360415208413,1.8493099700691476e-05,0.0069376174685965375,0
2024-03-15,65367,65484,65695,65349,7770,-0.1,-0.0010397395471934215,1.081058325997981e-06,0.00685650229988092,0
2024-03-18,65429,65252,65548,65041,8910,0.09,0.0009480412955091787,8.98782297990722e-07,0.0067176805075049315,0
2024-03-19,65431,65452,65541,65222,8440,0.0,3.056701818972391e-05,9.343426010109124e-10,0.00658524803631526,0
2024-03-20,65556,65455,65670,65400,7390,0.19,0.0019085869276315576,3.6427040603260685e-06,0.006455955127806973,0
2024-03-21,65939,65456,66785,65390,19090,0.58,0.005825333025220195,3.393450485472107e-05,0.006346340958545551,0
2024-03-22,65686,65733,66061,65600,11510,-0.38,-0.00384425924522489,1.4778329144497041e-05,0.006355664379072329,0
2024-03-25,65862,66250,66350,65800,4180,0.27,0.0026758309516582784,7.160071281852448e-06,0.0062925974869581,0
2024-03-26,66027,65800,66280,65711,13050,0.25,0.0025021053474101906,6.260531169538671e-06,0.0062038028437058235,0
2024-03-27,66295,66028,66380,65960,8910,0.41,0.004050730286037464,1.6408415850221157e-05,0.006115584286826933,0
2024-03-28,67592,66370,67870,66370,14140,1.96,0.01937515328386167,0.00037539656477313566,0.006070918316604117,0
2024-04-01,68263,68211,69387,68000,3020,0.99,0.009878259266715221,9.758000614044514e-05,0.007309191219691927,0
2024-04-02,68802,68550,69014,68500,610,0.79,0.007864922166963294,6.185700069239059e-05,0.007472628492554835,0
2024-04-03,69725,70379,70379,69000,420,1.34,0.013326119229330349,0.00017758545371432809,0.007507358248572843,0
2024-04-04,69612,69850,70200,69400,270,-0.16,-0.0016219672416250379,2.630777732904734e-06,0.007910344377333334,0
2024-04-05,70701,69560,71499,69455,120,1.56,0.015522750802140207,0.00024095579246534443,0.00772908390100662,0
2024-04-08,70607,70595,70776,70189,15270,-0.13,-0.0013304273482787848,1.7700369290481191e-06,0.008302986309860684,0
2024-04-09,71130,70700,71448,70673,21010,0.74,0.007379899019634867,5.4462909540007676e-05,0.008100815782203265,0
2024-04-10,71127,71181,71479,70702,23200,0.0,-4.2177186366179284e-05,1.7789150497674197e-09,0.008072566635895473,0
2024-04-11,71514,71209,71549,70983,8890,0.54,0.005426223169568841,2.9443897885965715e-05,0.007878622223255667,0
2024-04-12,71857,71774,73931,71721,41610,0.48,0.004784798242252501,2.289429421906262e-05,0.007786683045509086,0
2024-04-15,72329,71963,72410,71303,24040,0.66,0.006547122272823403,4.286481005530028e-05,0.007679836110063709,0
2024-04-16,73109,72500,73335,72427,24810,1.08,0.010726322948554362,0.00011505400399668394,0.007641521348929319,0
2024-04-17,72695,73197,73379,72550,15890,-0.57,-0.005678871808867813,3.224958502155359e-05,0.007829308052397984,0
2024-04-18,73016,72666,73130,72639,13830,0.44,0.004405988831187176,1.9412737580546136e-05,0.007749780434791783,0
2024-04-19,73246,73171,73350,72821,18010,0.31,0.003145043683023731,9.891299768127475e-06,0.007634760414452634,0
2024-04-22,71936,73001,73001,71808,20680,-1.79,-0.01804680406642881,0.0003256871370120714,0.0074959029954187115,0
2024-04-23,71590,71710,71770,71010,18480,-0.48,-0.004821435423077528,2.3246239538906777e-05,0.00832344781552597,0
2024-04-24,71692,71750,71909,71394,10600,0.14,0.0014237659612571802,2.0271095124345824e-06,0.008190737271647331,0
2024-04-25,71725,71559,71987,71300,10770,0.05,0.0004601964980776276,2.117808168429119e-07,0.008002342061542583,0
2024-04-26,72107,71782,72402,71636,10510,0.53,0.005311765089441162,2.821484836540588e-05,0.007817689151615433,0
2024-04-29,72250,71953,72399,71805,4310,0.2,0.001981200035671896,3.9251535813463215e-06,0.007727584340157785,0
2024-04-30,70969,72201,72201,70900,1990,-1.77,-0.017889165015679578,0.0003200222249582141,0.00756726531423709,0
2024-05-01,71274,71130,71439,71005,210,0.43,0.004288442558595654,1.839073957837444e-05,0.008359949626808468,0
2024-05-02,71119,71871,71871,70800,380,-0.22,-0.002177074171068805,4.739651946334925e-06,0.008213236772838573,0
2024-05-03,70998,71009,71275,70586,210,-0.17,-0.0017028227339119613,2.899605263127406e-06,0.008034133153362218,0
2024-05-06,71321,70690,71475,70690,16430,0.45,0.004539106578560081,2.0603488531527405e-05,0.007858116685747967,0
2024-05-07,71136,71339,71365,70967,9590,-0.26,-0.0025972764272507065,6.745844839552195e-06,0.007743775824391199,0
2024-05-08,71129,71170,71290,70900,11770,-0.01,-9.840790082803041e-05,9.684114945379469e-09,0.007592634840599854,0
2024-05-09,71586,71002,71656,70910,18150,0.64,0.006404394240760236,4.101626559108288e-05,0.007427161196770251,0
2024-05-10,72595,71690,72751,71690,21550,1.41,0.013996524813932796,0.0001959027068670365,0.007398428869263662,0
2024-05-13,71819,72405,72405,71735,16920,-1.07,-0.01074698393278401,0.00011549766365151766,0.007845221604757245,0
2024-05-14,72213,71950,72257,71810,11480,0.55,0.005471020089547365,2.993206082023086e-05,0.008013806930803676,0
2024-05-15,73001,72270,73041,72200,21500,1.09,0.010853054592288356,0.00011778879398319139,0.007919692246382525,0
2024-05-16,72896,72860,73194,72701,12280,-0.14,-0.0014393718599857556,2.0717913513188536e-06,0.00808914987933012,0
2024-05-17,73593,72798,73650,72760,16470,0.96,0.00951614469134265,9.055700978656891e-05,0.00790919298197647,0
2024-05-20,74283,73929,74345,73542,12790,0.94,0.009332210875015836,8.709015981576385e-05,0.007999771520551648,0
2024-05-21,73970,73911,74285,73623,13670,-0.42,-0.004222517791299137,1.782965649783774e-05,0.00807414365935031,0
2024-05-22,73027,73993,73993,72970,15630,-1.27,-0.012830369820150091,0.0001646183897218183,0.007941641446650641,0
2024-05-23,71632,72596,72726,71551,18390,-1.91,-0.019287334281016495,0.00037200126366767407,0.008243288721910368,0
2024-05-24,71380,71773,71773,71280,11670,-0.35,-0.0035241834365954527,1.2419868894773735e-05,0.009083214463377523,0
2024-05-27,72001,71847,72150,71552,11000,0.87,0.008662289746480195,7.503526365197593e-05,0.00888690254451072,0
2024-05-28,72145,71993,72390,71720,10070,0.2,0.0019979749407246276,3.991903863763579e-06,0.008871237945069133,0
2024-05-29,71993,72149,72380,71850,9520,-0.21,-0.0021090906817725734,4.448263503939899e-06,0.008663124293007916,0
2024-05-30,71852,71721,72111,71501,3440,-0.2,-0.0019604441608572372,3.843341307839237e-06,0.008466173151331222,0
2024-05-31,71703,71846,72341,71612,300,-0.21,-0.002075860172140811,4.309195454280477e-06,0.008276486628093258,0
2024-06-03,71818,72880,72880,71240,270,0.16,0.0016025532794740774,2.5681770135531203e-06,0.008096507678515915,0
2024-06-04,71782,72052,72300,71400,140,-0.05,-0.000501392768164118,2.5139470796727696e-07,0.007918988220373395,0
2024-06-05,72485,71890,72599,71425,140,0.98,0.009745895657102497,9.49824821591293e-05,0.007741727562294972,0
2024-06-06,72963,72540,73125,72516,13140,0.66,0.006572819438928652,4.320195537675836e-05,0.007857000330694065,0
2024-06-07,71308,73296,73333,71151,29730,-2.27,-0.022943940252174406,0.0005264243942953489,0.0078111005225294725,0
2024-06-10,71303,71306,71380,70684,14550,-0.01,-7.012081819842599e-05,4.916929144816709e-09,0.009101868206653261,0
2024-06-11,71346,71199,71550,70871,12030,0.06,0.0006028784120801817,3.634623797523213e-07,0.008876079927641271,0
2024-06-12,71796,71400,71990,71290,16900,0.63,0.006287483512398315,3.953244891868065e-05,0.008661839342298352,0
2024-06-13,71030,71622,71622,70875,18030,-1.07,-0.010726441186176428,0.00011505654052050198,0.00856402690484405,0
2024-06-14,71691,71111,71743,71011,15740,0.93,0.009262893704631174,8.580119978329584e-05,0.008675696563348179,0
2024-06-17,71285,71463,71586,71170,7550,-0.57,-0.005679290108425426,3.2254336135658885e-05,0.008701763127913984,0
2024-06-18,71503,71482,71541,71032,13010,0.31,0.0030534802557816414,9.323741672448319e-06,0.008582374515085289,0
2024-06-19,71519,71534,71639,71405,6310,0.02,0.00022374180289400856,5.006039436226138e-08,0.00840615591058031,0
2024-06-20,72258,71570,72500,71570,17690,1.03,0.010279898841797822,0.00010567632019759619,0.008211562309537106,0
2024-06-21,71429,72348,72542,71383,19530,-1.15,-0.011539098157519285,0.00013315078628886498,0.008322078351689372,0
2024-06-24,71512,71520,71597,71260,7670,0.12,0.0011613184366728946,1.3486605113563759e-06,0.008499792627060668,0
2024-06-25,71201,71444,71593,71101,9040,-0.43,-0.004358404522430427,1.8995689981141995e-05,0.008305228365112261,0
2024-06-26,70919,71230,71240,70661,13460,-0.4,-0.003968482551336368,1.5748853760261207e-05,0.00816828519398554,0
2024-06-27,71303,70821,71395,70665,10720,0.54,0.005400021559632063,2.9160232844491103e-05,0.00802815068188465,0
2024-06-28,71275,71199,71530,71150,9020,-0.04,-0.0003927674726809542,1.542662875961841e-07,0.007932991948821048,0
2024-07-01,71329,71262,71560,71061,3460,0.08,0.0007573420462406528,5.735669750039791e-07,0.007756768056201382,0
2024-07-02,71357,71358,71575,71267,180,0.04,0.00039247018431261857,1.5403284557438078e-07,0.007588060149767884,0
2024-07-03,72160,71524,72250,71496,180,1.13,0.011190428725079242,0.00012522569505107862,0.007423919327659093,0
2024-07-04,72151,72234,72244,72050,70,-0.01,-0.0001247306166774275,1.5557726736731355e-08,0.007654783757347934,0
2024-07-05,73255,72225,76479,72201,70,1.53,0.015185359815585466,0.00023059515272879787,0.00748845594614663,0
2024-07-08,72332,72900,73040,72127,14590,-1.26,-0.012679873430543158,0.00016077919021459432,0.008019979550296536,0
2024-07-09,72385,72401,72606,72130,10680,0.07,0.0007324640832736576,5.365036332859196e-07,0.008297381283715407,0
2024-07-10,72629,72491,72916,72466,11230,0.34,0.0033651955020291184,1.132454076687701e-05,0.00810911515993992,0
2024-07-11,73205,72671,73230,72671,16520,0.79,0.007899433537409555,6.240105021195084e-05,0.007959577104330283,0
2024-07-12,73159,73040,73180,72850,10750,-0.06,-0.0006285698876028369,3.9510010360104297e-07,0.007964191592284165,0
2024-07-15,73311,73093,73533,72923,14640,0.21,0.0020755110884793653,4.3077462784008e-06,0.0077887896844587015,0
2024-07-16,74025,73519,74074,73367,16900,0.97,0.009692208141332896,9.393889865491967e-05,0.007631720539282531,0
2024-07-17,73924,74236,74498,73860,12490,-0.14,-0.0013653355641451352,1.8641412027195145e-06,0.007749812502210246,0
2024-07-18,73965,74289,74319,73869,11900,0.06,0.0005544699206892708,3.074368929491663e-07,0.007587010439403784,0
2024-07-19,72872,73700,73700,72811,17590,-1.48,-0.014887530901690371,0.00022163857634878572,0.007425455431997288,0
2024-07-22,72641,72999,73199,72470,11130,-0.32,-0.0031749767244047145,1.008047720051169e-05,0.007935020165419136,0
2024-07-23,68648,72541,72740,68600,48270,-5.5,-0.05653750221328417,0.0031964891565171125,0.00778973874698776,0
2024-07-24,69028,69000,69349,68767,12010,0.55,0.005520220880512686,3.047283856964826e-05,0.01436570068243475,0
2024-07-25,67491,68028,68210,66960,14710,-2.23,-0.02251796372986077,0.0005070586905393252,0.01397949691478776,0
2024-07-26,68173,67976,68340,67670,11300,1.01,0.01005433637890386,0.00010108968002014959,0.014509125860318462,0
2024-07-29,68206,68391,68633,67980,11300,0.05,0.0004839454849215845,2.3420323237598757e-07,0.01425376664962324,0
2024-07-30,68617,68206,68711,68011,5730,0.6,0.006007779922949837,3.609341960259915e-05,0.013830559349618222,0
2024-07-31,69083,68999,69226,68800,570,0.68,0.006768362802936522,4.581073503217473e-05,0.013497622749155032,0
2024-08-01,69412,68145,69849,68145,210,0.48,0.004751082983074021,2.2572789512055535e-05,0.013201057919310246,0
2024-08-02,69381,69783,70313,69043,580,-0.04,-0.0004467084149128731,1.9954840795397157e-07,0.012877555186435458,0
2024-08-05,68641,69849,70000,67924,110,-1.07,-0.010723030975192326,0.00011498339329493409,0.012528481506544438,0
2024-08-06,68742,69200,69578,68533,15710,0.15,0.0014703423013916514,2.1619064832616975e-06,0.012412031103588052,0
2024-08-07,68752,68617,69044,68521,11560,0.01,0.00014546089309552958,2.1158871420149087e-08,0.01208833487486722,0
2024-08-08,69396,68949,69444,68608,14890,0.94,0.009323401931442132,8.692582357521887e-05,0.01177411805362908,0
2024-08-09,69604,69633,69698,69212,11110,0.3,0.0029928079892505136,8.956899660521703e-06,0.011642302106676727,0
2024-08-12,70354,69504,70388,69436,15900,1.08,0.010717603555000378,0.00011486702596215674,0.011363128574695068,0
2024-08-13,70356,70437,70549,70191,12810,0.0,2.8427261746030714e-05,8.081092103773412e-10,0.011306783323322982,0
2024-08-14,69874,70247,70630,69718,18580,-0.69,-0.0068744476673475155,4.72580307310997e-05,0.011021585270177848,0
2024-08-16,70938,69979,71038,69953,27670,1.52,0.015112636006300601,0.0002283917670589334,0.010843846548510217,0
2024-08-19,71138,71037,71272,70803,15290,0.28,0.002815396437225244,7.926457098740596e-06,0.011048457208463076,0
2024-08-20,71340,71049,71777,70995,20810,0.28,0.0028355273844888934,8.040215548186424e-06,0.010788307751630982,0
2024-08-21,71407,71400,71658,71061,15960,0.09,0.0009387238249497709,8.81202419528328e-07,0.010536536778838161,0
2024-08-22,70796,71315,71427,70537,17530,-0.86,-0.008593401827187798,7.384655496351458e-05,0.010276514366912279,0
2024-08-23,71295,70918,71465,70845,15500,0.7,0.007023696805575054,4.933231681664522e-05,0.010187686738807863,0
2024-08-26,71500,71417,71775,71252,14690,0.29,0.0028712509658795457,8.244082109064224e-06,0.010047517196469,0
2024-08-27,71551,71695,71696,71245,11520,0.07,0.0007130324452224595,5.084152679399197e-07,0.009816992848308018,0
2024-08-28,71328,71490,71543,71062,11790,-0.31,-0.0031215249417261832,9.74391796181865e-06,0.009573789662752515,0
2024-08-29,71666,71403,71718,71281,14010,0.47,0.004727479887246409,2.2349066084319317e-05,0.009358813983741424,0
2024-08-30,71195,71463,71697,71129,7600,-0.66,-0.00659384585774688,4.347880319572568e-05,0.00918203729168908,0
2024-09-02,71233,71126,71379,71026,1090,0.05,0.0005336029559025948,2.8473211454798656e-07,0.009066965054525023,0
2024-09-03,70807,71194,71365,70575,420,-0.6,-0.005998328320011235,3.5979942634648806e-05,0.008838309415533025,0
2024-09-04,71053,71076,71105,70600,70,0.35,0.0034682115689275783,1.2028491486843095e-05,0.008716502408090257,0
2024-09-05,71890,71060,72510,71053,50,1.18,0.01171109555800343,0.00013714975916868767,0.008529669616375966,0
2024-09-06,71409,71932,72138,71230,27360,-0.67,-0.006713261173760101,4.5067875587114844e-05,0.00871812467307599,0
2024-09-09,71573,71537,71640,71109,12550,0.23,0.0022939960543243636,5.262417897255749e-06,0.008629555093250441,0
2024-09-10,71821,71601,71901,71530,13030,0.35,0.0034590045227928046,1.1964712288701079e-05,0.00843033382394312,0
2024-09-11,71878,71921,72147,71601,18960,0.08,0.0007933249777588665,6.29364520336106e-07,0.00825617810666865,0
2024-09-12,72681,71850,72723,71837,27820,1.12,0.011109764999734133,0.00012342687834931756,0.008051246776452317,0
2024-09-13,73367,72725,73450,72725,17690,0.94,0.00939424086672347,8.825176146201735e-05,0.008242468796819351,0
2024-09-16,73422,73415,73649,73306,12250,0.07,0.0007493749882325101,5.615628729884746e-07,0.008308281502121198,0
2024-09-17,73022,73389,73492,72907,16520,-0.54,-0.005462852622956686,2.9842758780144744e-05,0.008109044101913883,0
2024-09-18,73029,73162,73255,72910,10650,0.01,9.585692676345306e-05,9.188550408534004e-09,0.008006300668867351,0
2024-09-19,73357,72949,73525,72750,19120,0.45,0.004481310356341541,2.008214250985395e-05,0.00781378031785017,0
2024-09-20,73977,73450,74050,73364,20000,0.85,0.008416301189933594,7.083412571967764e-05,0.007692809710308274,0
2024-09-23,74183,74171,74299,73929,12790,0.28,0.0027807793297143337,7.732733680566499e-06,0.007745171334597174,0
2024-09-24,74886,74273,74944,74217,15990,0.95,0.00943194375298907,8.896156295954955e-05,0.007588409973764789,0
2024-09-25,75167,75000,75240,74838,10710,0.38,0.0037453476902192624,1.4027629320630763e-05,0.007707200562009441,0
2024-09-26,75339,75199,75643,75075,15810,0.23,0.0022856241595477942,5.224077798708561e-06,0.007574884427918998,0
2024-09-27,74878,75329,75380,74742,7530,-0.61,-0.00613780660321396,3.7672669898456885e-05,0.007418414917778643,0
2024-09-30,74844,75169,75359,74620,1380,-0.05,-0.0004541750789389381,2.0627500232919064e-07,0.007379109978672762,0
2024-10-01,75660,74867,75736,74850,640,1.09,0.010843671872897238,0.0001175852196870627,0.007213282334039371,0
2024-10-03,75827,76000,76250,75150,230,0.22,0.002204810546800035,4.86118954728067e-06,0.0074599036700129405,0
2024-10-04,75759,75889,76109,75377,330,-0.09,-0.0008971805385891875,8.049329188231845e-07,0.007310264800147827,0
2024-10-07,75657,75671,75930,75452,12880,-0.13,-0.001347281864914333,1.8151684235270429e-06,0.007152196484162377,0
2024-10-08,74799,75523,75697,74481,23990,-1.13,-0.011405451441071078,0.00013008432257463032,0.007003231942634821,0
2024-10-09,74512,74895,74936,74420,12360,-0.38,-0.0038443296670872666,1.4778870589247294e-05,0.007311630658446925,0
2024-10-10,74834,74639,74950,74267,11930,0.43,0.004312140920464579,1.8594559317945104e-05,0.007203770629767252,0
2024-10-11,75738,75177,75827,75177,15840,1.21,0.012007688838293616,0.00014418459123728108,0.007113999321340872,0
2024-10-14,75553,75832,75928,75435,12870,-0.24,-0.002445619266286805,5.981053595633211e-06,0.007450325834193628,0
2024-10-15,75838,75639,75990,75275,14740,0.38,0.0037650895585277654,1.4175899383734804e-05,0.007308864601943702,0
2024-10-16,76163,75900,76350,75867,15640,0.43,0.004276294172596548,1.8286691850583195e-05,0.007200582445843959,0
2024-10-17,76540,76198,76635,76121,17750,0.49,0.004937699533939369,2.438087668746506e-05,0.007111186081384098,0
2024-10-18,77159,76666,77260,76666,16379,0.81,0.00805474787304501,6.487896329832312e-05,0.007047175769410781,0
2024-10-21,77508,77300,77947,77300,16329,0.45,0.004512928967734822,2.0366527867820087e-05,0.0071253885088095196,0
2024-10-22,78241,77798,78300,77635,11660,0.95,0.009412649992641266,8.859797988396964e-05,0.007047255986388119,0
2024-10-23,77482,78027,78497,77255,12950,-0.97,-0.009748155512273447,9.50265358914672e-05,0.007204826524412367,0
2024-10-24,77872,76786,78072,76786,10090,0.5,0.005020801772394616,2.520845043768092e-05,0.007369343989854943,0
2024-10-25,78009,77702,78104,77411,4700,0.18,0.0017577515575851312,3.0896905381929545e-06,0.007295181798632045,0
2024-10-28,78159,77765,78304,77746,410,0.19,0.0019210087358284844,3.690274563129352e-06,0.007151535130625617,0
2024-10-29,78865,78438,78926,78416,190,0.9,0.008992316554925207,8.086175702398194e-05,0.007015889014240553,0
2024-10-30,79257,79119,79375,78888,130,0.5,0.004958206992967587,2.4583816585112685e-05,0.007149602293145188,0
2024-10-31,78326,79264,79999,77803,90,-1.17,-0.011816132859979173,0.00013962099576467958,0.007085075215217702,0
2024-11-01,78829,78650,78887,78550,0,0.64,0.006401345393114052,4.0977222841942494e-05,0.007404579457742476,0
2024-11-04,78401,78498,78642,78237,0,-0.54,-0.005444267088482531,2.9640044130734058e-05,0.007379613539584817,0
2024-11-05,78490,78224,78670,78160,0,0.11,0.0011345457616649297,1.2871940853118555e-06,0.007319364752354494,0
2024-11-06,77030,78300,78570,77030,0,-1.86,-0.018776271773847875,0.00035254838172539646,0.007168981140028103,0
