Date,Close,Unadjusted Close,High,Low,Open,Volume,LogReturn,SquaredReturn,GARCH_Vol,GARCH_Mean,Volatility,Mean
2021-12-31,144.67950439453125,144.67950439453125,146.36500549316406,144.67750549316406,145.54400634765625,17298000.0,-0.00910278002158705,8.286060412140433e-05,0.0132849851960274,0,0.013279189061387359,0
2022-01-03,145.07449340820312,145.07449340820312,145.5500030517578,143.50250244140625,144.47549438476562,25214000.0,0.002726376590722988,7.433129314442302e-06,0.0132808968234837,0,0.013276712547678995,0
2022-01-04,144.41650390625,144.41650390625,146.61000061035156,143.81614685058594,145.55050659179688,22928000.0,-0.004545845232864339,2.0664708881155433e-05,0.012955181926192,0,0.012950938427941655,0
2022-01-05,137.65350341796875,137.65350341796875,144.29800415039062,137.52349853515625,144.18099975585938,49642000.0,-0.04796183000463684,0.002300337137393683,0.0127510029072331,0,0.012747198245214673,0
2022-01-06,137.55099487304688,137.55099487304688,139.68600463867188,136.7635040283203,137.49749755859375,29050000.0,-0.0007449627480597383,5.549694959967172e-07,0.0202273042430316,0,0.020264832102801583,0
2022-01-07,137.00450134277344,137.00450134277344,138.25474548339844,135.78900146484375,137.90499877929688,19408000.0,-0.003980938349699216,1.5847870144105914e-05,0.0186846524018831,0,0.018704025707662615,0
2022-01-10,138.57400512695312,138.57400512695312,138.63999938964844,133.1405029296875,135.0989990234375,34096000.0,0.011390734163960348,0.00012974882479401345,0.0174556537817355,0,0.01746304336342742,0
2022-01-11,140.0175018310547,140.0175018310547,140.32949829101562,136.81350708007812,138.1804962158203,23502000.0,0.010362911905866327,0.00010738994316874608,0.0168071735378899,0,0.016808404275688436,0
2022-01-12,141.6479949951172,141.6479949951172,142.8142547607422,141.11199951171875,141.55450439453125,23642000.0,0.011577643660669941,0.00013404183273345088,0.0162065007623885,0,0.01620338943633164,0
2022-01-13,139.13099670410156,139.13099670410156,143.1855010986328,138.91400146484375,141.8404998779297,26566000.0,-0.017929159874210145,0.00032145477379498717,0.0158091404063939,0,0.01580399430325661,0
2022-01-14,139.7864990234375,139.7864990234375,141.20050048828125,137.5,137.5,23826000.0,0.004700339965915252,2.2093195795180192e-05,0.0161269722781416,0,0.016124952725727837,0
2022-01-18,136.29049682617188,136.29049682617188,137.39149475097656,135.61700439453125,136.60000610351562,27382000.0,-0.025327637833958506,0.0006414892382481664,0.0153581968221237,0,0.015351490072143308,0
2022-01-19,135.65199279785156,135.65199279785156,138.39950561523438,135.5,136.93850708007812,20796000.0,-0.004695884063754983,2.2051327140228013e-05,0.0168337911398092,0,0.016837869684448708,0
2022-01-20,133.50650024414062,133.50650024414062,137.91200256347656,133.14450073242188,136.51400756835938,21930000.0,-0.015942562107161044,0.0002541652865406872,0.0159450106862761,0,0.015942398746127802,0
2022-01-21,130.0919952392578,130.0919952392578,134.760498046875,130.00100708007812,133.01199340820312,41920000.0,-0.025908311750324355,0.000671240617751995,0.016006799202825,0,0.01600507622910001,0
2022-01-24,130.3719940185547,130.3719940185547,130.77850341796875,124.64195251464844,126.02749633789062,55148000.0,0.002150000757898688,4.622503258964932e-06,0.0173940783967402,0,0.01740111068825405,0
2022-01-25,126.7354965209961,126.7354965209961,129.3385009765625,126.37799835205078,128.4355010986328,36008000.0,-0.028289646575557513,0.000800304103369953,0.0163548297374081,0,0.01635360956237619,0
2022-01-26,129.24000549316406,129.24000549316406,132.8074951171875,127.15350341796876,130.59249877929688,39630000.0,0.01956897340558739,0.0003829447201485865,0.0180351483735976,0,0.01804415448629571,0
2022-01-27,129.12100219726562,129.12100219726562,132.60995483398438,128.94500732421875,131.36099243164062,30248000.0,-0.0009212172175528384,8.486411619157935e-07,0.0180574011079391,0,0.01806413774733819,0
2022-01-28,133.2895050048828,133.2895050048828,133.37049865722656,128.6945037841797,130.0,30518000.0,0.031773525696374885,0.001009556935178195,0.0169001295241435,0,0.016897812293793443,0
2022-01-31,135.69850158691406,135.69850158691406,135.843505859375,132.2740020751953,134.197998046875,34056000.0,0.01791203274029522,0.00032084091688940785,0.0190293462936225,0,0.0190399874937159,0
2022-02-01,137.8784942626953,137.8784942626953,138.1999969482422,134.56825256347656,137.8350067138672,51204000.0,0.015937296273935114,0.0002539974125231861,0.018666685615097,0,0.018672268427314065,0
2022-02-02,148.0364990234375,148.0364990234375,152.10000610351562,145.5574951171875,151.86349487304688,89750000.0,0.07108603742991558,0.005053224717487359,0.0181793336570022,0,0.01818017140879738,0
2022-02-03,142.65049743652344,142.65049743652344,149.11770629882812,142.2050018310547,145.2949981689453,56930000.0,-0.03706129361744985,0.001373539484598829,0.0291156072751358,0,0.02917057480355845,0
2022-02-04,143.01600646972656,143.01600646972656,144.53524780273438,139.8175048828125,143.01699829101562,49224000.0,0.002558992585162512,6.548443050916717e-06,0.0291516067447991,0,0.02919244746822144,0
2022-02-07,138.93800354003906,138.93800354003906,143.84649658203125,138.69900512695312,143.70899963378906,44610000.0,-0.02892874141291577,0.0008368720797353478,0.0263700866393002,0,0.02638536063615111,0
2022-02-08,139.21299743652344,139.21299743652344,139.83709716796875,136.8730010986328,138.9912567138672,34256000.0,0.001977299992554758,3.909715260557046e-06,0.0258522179717369,0,0.025859382899689067,0
2022-02-09,141.4530029296875,141.4530029296875,142.17550659179688,140.3769989013672,140.84974670410156,28628000.0,0.015962411211589308,0.00025479857168787205,0.0235414304054208,0,0.023530987928663354,0
2022-02-10,138.6024932861328,138.6024932861328,141.43099975585938,138.0500030517578,139.5,33018000.0,-0.020357451470357592,0.0004144258303679645,0.0221906539995892,0,0.022171913334601903,0
2022-02-11,134.1300048828125,134.1300048828125,139.2832489013672,133.2884979248047,138.75,38808000.0,-0.03280056035385797,0.0010758767595270794,0.0214837595443872,0,0.021462930289256804,0
2022-02-14,135.3000030517578,135.3000030517578,136.16650390625,133.302001953125,133.36549377441406,26792000.0,0.008685042414651598,7.542996174429726e-05,0.0226057360057145,0,0.022595987766010267,0
2022-02-15,136.42550659179688,136.42550659179688,137.89999389648438,135.5395050048828,137.47149658203125,26578000.0,0.008284168668678473,6.862745053111408e-05,0.0209487301525803,0,0.02092868917162356,0
2022-02-16,137.4875030517578,137.4875030517578,137.9459991455078,134.8236541748047,136.4304962158203,25610000.0,0.0077542996789442065,6.0129163510874226e-05,0.0195213240572773,0,0.01949437111104101,0
2022-02-17,132.30850219726562,132.30850219726562,136.83949279785156,132.20199584960938,136.14999389648438,30968000.0,-0.03839669249422476,0.0014743059944960562,0.0182872494286578,0,0.018256100967526032,0
2022-02-18,130.46749877929688,130.46749877929688,133.82400512695312,130.3070526123047,133.03750610351562,31858000.0,-0.014012189340997816,0.00019634145012797281,0.0213354420299238,0,0.021330976608114158,0
2022-02-22,129.40249633789062,129.40249633789062,131.9007568359375,127.74099731445312,129.98500061035156,38906000.0,-0.008196470726427828,6.718213236918833e-05,0.0202233174815407,0,0.020211815334227556,0
2022-02-23,127.58499908447266,127.58499908447266,131.74899291992188,127.50350189208984,131.07850646972656,26432000.0,-0.014144871552385906,0.00020007739123349607,0.0189293051742058,0,0.01891086975459718,0
2022-02-24,132.67349243164062,132.67349243164062,133.03700256347656,124.7645034790039,125.0,43166000.0,0.03910836381673182,0.0015294641204218588,0.0182417431515478,0,0.018221939719063118,0
2022-02-25,134.51950073242188,134.51950073242188,135.38900756835938,131.76499938964844,133.52549743652344,26236000.0,0.013818009607919944,0.0001909373895245679,0.0213946953410554,0,0.02139791305139048,0
2022-02-28,134.89100646972656,134.89100646972656,135.6405029296875,132.82525634765625,133.2845001220703,29676000.0,0.0027579174742579536,7.60610879481737e-06,0.0202706795511403,0,0.020265510669645347,0
2022-03-01,134.16799926757812,134.16799926757812,136.11099243164062,133.3784942626953,134.47999572753906,24640000.0,-0.005374352294392417,2.8883662584241042e-05,0.0188151556394628,0,0.018801051725137366,0
2022-03-02,134.75149536132812,134.75149536132812,135.61549377441406,133.4324951171875,134.60824584960938,23966000.0,0.004339566458332504,1.8831837046284516e-05,0.0176394213036208,0,0.017619864255973366,0
2022-03-03,134.30799865722656,134.30799865722656,136.71380615234375,133.43099975585938,135.97850036621094,19780000.0,-0.00329664714025469,1.0867882367349426e-05,0.0166119214690342,0,0.016588989187518933,0
2022-03-04,132.1219940185547,132.1219940185547,134.19900512695312,130.4084930419922,133.38250732421875,24446000.0,-0.016409966998980164,0.00026928701690761805,0.0157187407251529,0,0.015694134685968045,0
2022-03-07,126.4645004272461,126.4645004272461,131.9040069580078,126.41000366210938,131.9040069580078,39178000.0,-0.043764053139181726,0.0019152923471691219,0.0158932257914465,0,0.01587509909822039,0
2022-03-08,127.27850341796876,127.27850341796876,131.2465057373047,125.86074829101562,126.25050354003906,35250000.0,0.006415986023231299,4.116487665029938e-05,0.0208122050263454,0,0.020826186750220913,0
2022-03-09,133.86599731445312,133.86599731445312,134.19850158691406,130.08799743652344,131.39999389648438,32258000.0,0.0504616537823887,0.0025463785024536635,0.0193921739301212,0,0.01939433489230819,0
2022-03-10,132.6820068359375,132.6820068359375,133.5384979248047,131.4010009765625,131.46249389648438,24266000.0,-0.008883940207494986,7.892439361034606e-05,0.0245052425017565,0,0.02453350155899684,0
2022-03-11,130.47549438476562,130.47549438476562,134.1999969482422,130.29649353027344,133.99949645996094,26600000.0,-0.016769912711185622,0.0002812299723407851,0.0226373056207918,0,0.022648274316449588,0
2022-03-14,126.74099731445312,126.74099731445312,131.0260009765625,126.41300201416016,130.572998046875,30254000.0,-0.02903981379334901,0.0008433107851523833,0.0215619863381418,0,0.021563331429917277,0
2022-03-15,129.66050720214844,129.66050720214844,130.51724243164062,126.56800079345705,127.7415008544922,30292000.0,0.022773938681169004,0.0005186522830536458,0.0220818719084411,0,0.022084926692791402,0
2022-03-16,133.6905059814453,133.6905059814453,133.77099609375,129.2010040283203,131.0,32058000.0,0.03060792019952732,0.0009368447789406324,0.02169759494065,0,0.02169662505750852,0
2022-03-17,134.60049438476562,134.60049438476562,134.739501953125,132.718994140625,133.3209991455078,23994000.0,0.006783618471658832,4.601747956903091e-05,0.0224175381376836,0,0.022419912425948638,0
2022-03-18,136.80149841308594,136.80149841308594,136.9134979248047,132.9320068359375,133.88400268554688,45900000.0,0.016219868244297456,0.00026308412586236905,0.0207810701509003,0,0.02077182665343919,0
2022-03-21,136.47850036621094,136.47850036621094,137.58250427246094,134.6114959716797,136.84750366210938,26632000.0,-0.002363862695572875,5.587846843521058e-06,0.0199741308934772,0,0.019960672888555235,0
2022-03-22,140.27749633789062,140.27749633789062,141.5,136.5,136.5,29776000.0,0.027455481762215066,0.0007538034787953241,0.0185756884712689,0,0.018554728557381966,0
2022-03-23,138.5034942626953,138.5034942626953,140.02499389648438,138.16650390625,139.1385040283203,25302000.0,-0.012727022864457774,0.00016197711099243096,0.0195633696072541,0,0.019552802292647574,0
2022-03-24,141.31199645996094,141.31199645996094,141.39649963378906,138.03939819335938,139.2725067138672,20544000.0,0.020074632080613778,0.00040299085317200786,0.0186843150629234,0,0.018669509222735747,0
2022-03-25,141.52149963378906,141.52149963378906,141.95950317382812,139.69949340820312,141.75399780273438,19270000.0,0.001481459692988101,2.1947228219483987e-06,0.018658692235899,0,0.018646213183306823,0
2022-03-28,141.9499969482422,141.9499969482422,141.97650146484375,139.82815551757812,140.6844940185547,23774000.0,0.0030232150038767207,9.13982895966532e-06,0.0174484682979438,0,0.017429960462888954,0
2022-03-29,143.25,143.25,144.16250610351562,142.48399353027344,143.16050720214844,28678000.0,0.009116494174691082,8.311046603717643e-05,0.0164389343137446,0,0.016416911133793687,0
2022-03-30,142.64450073242188,142.64450073242188,143.48049926757812,142.16799926757812,142.8699951171875,21046000.0,-0.004235829450105851,1.7942251130384038e-05,0.0158393836661044,0,0.015817580588769396,0
2022-03-31,139.64950561523438,139.64950561523438,142.64450073242188,139.61900329589844,142.44850158691406,29516000.0,-0.02121977393000371,0.0004502788056404651,0.0151130991422979,0,0.015090675731659054,0
2022-04-01,140.6999969482422,140.6999969482422,140.9499969482422,138.7969970703125,140.00999450683594,23480000.0,0.007494190215782676,5.6162886990332794e-05,0.0160440716869134,0,0.016032742744700578,0
2022-04-04,143.6425018310547,143.6425018310547,144.0437469482422,140.82449340820312,140.82449340820312,19076000.0,0.020697644145873495,0.0004283924731892114,0.0154269342341997,0,0.015413917051352003,0
2022-04-05,141.06300354003906,141.06300354003906,143.58999633789062,140.94349670410156,143.39950561523438,19256000.0,-0.018120962381341397,0.0003283692776259901,0.0161992315329372,0,0.016193852459036685,0
2022-04-06,137.17599487304688,137.17599487304688,139.84849548339844,136.41810607910156,139.1614990234375,23574000.0,-0.027941888693505515,0.0007807491437602514,0.0164649810372515,0,0.016462261954802503,0
2022-04-07,136.46499633789062,136.46499633789062,137.70150756835938,134.8572540283203,136.6179962158203,19448000.0,-0.005196590847196015,2.7004556433161396e-05,0.0180654565003746,0,0.018072496314531436,0
2022-04-08,134.010498046875,134.010498046875,136.25,133.75250244140625,136.25,16434000.0,-0.018150004138747903,0.000329422650236566,0.0170218382501407,0,0.017020866064039075,0
2022-04-11,129.79649353027344,129.79649353027344,132.93919372558594,129.61749267578125,132.89999389648438,24188000.0,-0.03195035101518374,0.0010208249299934525,0.0171158290196261,0,0.01711538978920687,0
2022-04-12,128.37449645996094,128.37449645996094,132.42349243164062,127.57599639892578,132.42349243164062,23004000.0,-0.011016043674496042,0.00012135321823840427,0.0192238151657372,0,0.01923523598212678,0
2022-04-13,130.28599548339844,130.28599548339844,130.65574645996094,128.4385986328125,128.62649536132812,19542000.0,0.014780253506322186,0.00021845589371114927,0.0182790310702266,0,0.018282090913504058,0
2022-04-14,127.25299835205078,127.25299835205078,130.7102508544922,127.11150360107422,130.64950561523438,23484000.0,-0.02355478149118893,0.0005548277310976566,0.0177888154710767,0,0.017787877471346705,0
2022-04-18,127.96099853515624,127.96099853515624,128.71200561523438,126.57845306396484,127.41000366210938,14918000.0,0.005548300704312015,3.07836407054692e-05,0.018393885300003,0,0.018396354992780646,0
2022-04-19,130.531005859375,130.531005859375,130.90374755859375,127.45149993896484,128.07699584960938,22720000.0,0.019885272788825924,0.00039542407388602074,0.0173139052103384,0,0.01730885007819603,0
2022-04-20,128.24549865722656,128.24549865722656,131.92349243164062,127.89405059814452,131.28399658203125,22610000.0,-0.017664406088539756,0.0003120312424608404,0.0175500554738978,0,0.017547210665102043,0
2022-04-21,124.9375,124.9375,130.3074951171875,124.6500015258789,129.35000610351562,30158000.0,-0.026132772985037682,0.0006829218238875152,0.0174833790148175,0,0.017480385826841003,0
2022-04-22,119.61399841308594,119.61399841308594,125.4520034790039,119.1405029296875,125.0,46410000.0,-0.043543734005478736,0.0018960567711398852,0.0185318721189067,0,0.018535397357798227,0
2022-04-25,123.25,123.25,123.27799987792967,118.76924896240234,119.42949676513672,34522000.0,0.029944934667659375,0.0008966991122503883,0.022480161686142,0,0.02250376986664024,0
2022-04-26,119.50599670410156,119.50599670410156,122.75,119.16184997558594,122.75,49394000.0,-0.030848261186008877,0.0009516152182002218,0.0229507039255394,0,0.022970732210699684,0
2022-04-27,115.02050018310548,115.02050018310548,117.5,113.12425231933594,114.3730010986328,62238000.0,-0.03825617679861839,0.001463535063247148,0.023448575836014,0,0.023465845796483666,0
2022-04-28,119.4114990234375,119.4114990234375,120.4384994506836,115.1438980102539,117.11499786376952,36790000.0,0.03746512811209149,0.001403635824455428,0.0250087701903729,0,0.02502936431088855,0
2022-04-29,114.96649932861328,114.96649932861328,118.95999908447266,114.69400024414062,117.5780029296875,33694000.0,-0.03793472731203943,0.0014390435362387902,0.0260650157623985,0,0.02608520218626114,0
2022-05-02,117.15699768066406,117.15699768066406,117.3395004272461,113.39949798583984,113.90650177001952,30280000.0,0.01887412008777299,0.00035623240908767595,0.026955069242776,0,0.02697396671706373,0
2022-05-03,118.12950134277344,118.12950134277344,119.3000030517578,116.6269989013672,116.76499938964844,21216000.0,0.008266595867360726,6.833660723426544e-05,0.0253308657880307,0,0.0253348397456314,0
2022-05-04,122.5749969482422,122.5749969482422,123.14299774169922,115.7385025024414,118.00350189208984,33232000.0,0.03694157094687325,0.00136467966402287,0.0232932877282374,0,0.023282622820749194,0
2022-05-05,116.74649810791016,116.74649810791016,121.2332534790039,115.18250274658205,120.22049713134766,43090000.0,-0.04871816133413803,0.002373459243779102,0.0246853229074572,0,0.024684007351286855,0
2022-05-06,115.66000366210938,115.66000366210938,117.49849700927734,114.14299774169922,115.5189971923828,35310000.0,-0.009350016913308497,8.742281627915496e-05,0.0278721887587517,0,0.027887619219725494,0
2022-05-09,113.08399963378906,113.08399963378906,115.56289672851562,112.55149841308594,113.30349731445312,34520000.0,-0.022523982244284695,0.0005073297761408522,0.0255290521740414,0,0.025525894252682133,0
2022-05-10,114.58450317382812,114.58450317382812,116.69100189208984,113.38330078125,116.04049682617188,31158000.0,0.013181667629100292,0.00017375636148407052,0.024498187445754,0,0.024487744086295806,0
2022-05-11,113.96099853515624,113.96099853515624,116.6709976196289,113.6500015258789,113.71050262451172,36502000.0,-0.005456298031521836,2.9771188208789065e-05,0.022843979873634,0,0.02282347497069466,0
2022-05-12,113.16100311279295,113.16100311279295,114.85649871826172,110.1135025024414,111.93800354003906,41464000.0,-0.007044660799218372,4.962724577604404e-05,0.0210577410367959,0,0.021027762449757268,0
2022-05-13,116.5155029296875,116.5155029296875,118.08499908447266,114.0,114.84549713134766,29738000.0,0.029212725563387335,0.000853383334841784,0.0195749651476178,0,0.019539292381873033,0
2022-05-16,114.7925033569336,114.7925033569336,116.60749816894533,114.33499908447266,115.38400268554688,23282000.0,-0.014898156525905518,0.00022195506787038116,0.0206642372652376,0,0.02064339053639251,0
2022-05-17,116.70149993896484,116.70149993896484,117.22750091552734,115.3375015258789,117.22750091552734,21576000.0,0.016493212172998196,0.0002720260477835359,0.0197525501188172,0,0.019729013466031012,0
2022-05-18,112.4010009765625,112.4010009765625,115.69564819335938,112.14199829101562,115.2375030517578,27982000.0,-0.037546549251971276,0.0014097433607307048,0.0191462199722543,0,0.01912277278616958,0
2022-05-19,110.74549865722656,110.74549865722656,113.5875015258789,110.46800231933594,111.84100341796876,29192000.0,-0.014838078984661815,0.0002201685879550626,0.0218000970113147,0,0.021797595306080452,0
2022-05-20,109.31300354003906,109.31300354003906,112.5500030517578,106.3730010986328,112.08550262451172,37586000.0,-0.013019404725608702,0.00016950489940920218,0.0207068271506491,0,0.020697160143395864,0
2022-05-23,111.66649627685548,111.66649627685548,112.00550079345705,109.1542510986328,110.10399627685548,31558000.0,0.021301358081788468,0.0004537478561285749,0.0196531888174274,0,0.01963799652364905,0
2022-05-24,105.9260025024414,105.9260025024414,106.3949966430664,102.20800018310548,106.37750244140624,60386000.0,-0.05277595654243241,0.0027853015889687145,0.0195958366574565,0,0.01958277268439286,0
2022-05-25,105.8395004272461,105.8395004272461,106.5447006225586,104.21125030517578,105.14199829101562,37900000.0,-0.0008169610140436834,6.674252984672834e-07,0.0253097977339055,0,0.02533112233356376,0
2022-05-26,108.2959976196289,108.2959976196289,108.95525360107422,105.48799896240234,106.05049896240234,30288000.0,0.022944397182843527,0.000526445362084078,0.0231629628883075,0,0.023166683762325196,0
2022-05-27,112.79900360107422,112.79900360107422,112.86799621582033,109.5500030517578,109.78849792480467,29924000.0,0.04073930879788047,0.0016596912813290612,0.0226301450693336,0,0.022628918792412488,0
2022-05-31,114.03900146484376,114.03900146484376,116.43350219726562,112.57250213623048,113.0790023803711,51302000.0,0.010933002296968542,0.00011953053922551942,0.0248664389484453,0,0.024877115391661278,0
2022-06-01,114.13700103759766,114.13700103759766,117.39900207519533,113.55049896240234,114.93150329589844,28630000.0,0.000858982344373305,7.378506679450593e-07,0.0230738808205779,0,0.023070697821665882,0
2022-06-02,117.74600219726562,117.74600219726562,117.89800262451172,113.30799865722656,114.18800354003906,27472000.0,0.031130290362103193,0.0009690949780288549,0.0212368051192929,0,0.021221722633653774,0
2022-06-03,114.56400299072266,114.56400299072266,116.364501953125,113.66799926757812,115.99250030517578,25052000.0,-0.027396135795426366,0.0007505482565214419,0.0222034625429556,0,0.022196181532780784,0
2022-06-06,117.010498046875,117.010498046875,119.39849853515624,116.5282974243164,116.74250030517578,23786000.0,0.02113001275975349,0.0004464774392273453,0.0224143826786783,0,0.02240881791302553,0
2022-06-07,117.22949981689452,117.22949981689452,117.74864959716795,115.12550354003906,115.64800262451172,26414000.0,0.0018698927239446798,3.4964987990612543e-06,0.0218266464022017,0,0.02181752352803442,0
2022-06-08,117.23799896240234,117.23799896240234,118.64600372314452,116.69674682617188,116.87650299072266,22544000.0,7.24974297571046e-05,5.255877321386315e-09,0.0201698161141669,0,0.02015139068570651,0
2022-06-09,114.91799926757812,114.91799926757812,118.3499984741211,114.86699676513672,116.34149932861328,23142000.0,-0.019987223647459605,0.00039948910913356844,0.01872682136415,0,0.018701661557794503,0
2022-06-10,111.42749786376952,111.42749786376952,113.49700164794922,110.86100006103516,112.78125,31324000.0,-0.030844688149151755,0.0009513947870184227,0.0187120433787126,0,0.01869152083001055,0
2022-06-13,106.87650299072266,106.87650299072266,109.21849822998048,106.58805084228516,107.4459991455078,36756000.0,-0.041700145796867434,0.0017389021594800007,0.0202623688691426,0,0.020255009398386932,0
2022-06-14,107.19400024414062,107.19400024414062,108.4574966430664,106.35199737548828,106.88999938964844,25480000.0,0.002966288969489814,8.798870250516943e-06,0.0233528712079603,0,0.023363996233544206,0
2022-06-15,110.3905029296875,110.3905029296875,112.06300354003906,108.1187515258789,108.89949798583984,33192000.0,0.02938382675646976,0.0008634092748542282,0.021514815145647,0,0.02151188501509987,0
2022-06-16,106.63600158691406,106.63600158691406,109.29049682617188,105.7925033569336,108.14949798583984,35314000.0,-0.034602925283876804,0.0011973624382015605,0.022157371723977,0,0.02215790826355867,0
2022-06-17,107.8655014038086,107.8655014038086,109.24949645996094,105.62854766845705,106.53500366210938,43516000.0,0.011463912978956076,0.00013142130078907757,0.0234620666912327,0,0.023468972216911306,0
2022-06-21,112.01499938964844,112.01499938964844,112.6729965209961,109.2935028076172,109.7020034790039,39010000.0,0.03774769179988647,0.0014248882362192163,0.0219217640006312,0,0.021917026036969323,0
2022-06-22,112.03399658203124,112.03399658203124,113.76950073242188,110.72429656982422,111.16300201416016,23922000.0,0.0001695806968108066,2.8757612730838712e-08,0.0238204428219576,0,0.023826733485112005,0
2022-06-23,112.68450164794922,112.68450164794922,113.19650268554688,111.02899932861328,112.9499969482422,24710000.0,0.005789526790570952,3.351862045873879e-05,0.0219039727395951,0,0.02189639143414448,0
2022-06-24,118.53800201416016,118.53800201416016,118.6374969482422,113.60299682617188,113.60299682617188,39122000.0,0.050641708329645346,0.002564582622544871,0.0203343486922156,0,0.02031725876332942,0
2022-06-27,116.62249755859376,116.62249755859376,119.25,116.00074768066406,118.93499755859376,32840000.0,-0.01629139949082178,0.00026540969736954816,0.0252701648544012,0,0.02528421983214675,0
2022-06-28,112.57150268554688,112.57150268554688,117.85649871826172,112.44400024414062,116.35099792480467,28232000.0,-0.03535360259976368,0.0012498772167820174,0.0238093846044407,0,0.023811274268751972,0
2022-06-29,112.25650024414062,112.25650024414062,113.66449737548828,111.5540008544922,112.14849853515624,18628000.0,-0.0028021655970034516,7.85213203302971e-06,0.0248509468279389,0,0.024857054128931445,0
2022-06-30,109.37249755859376,109.37249755859376,111.32980346679688,107.30999755859376,110.49949645996094,38046000.0,-0.02602696862773896,0.000677403095949308,0.0228466181199855,0,0.022838613498642187,0
2022-07-01,109.08100128173828,109.08100128173828,109.8063507080078,107.1050033569336,108.33699798583984,31028000.0,-0.0026687276826283567,7.122107444026919e-06,0.0227728056440553,0,0.02276487898486265,0
2022-07-05,113.88700103759766,113.88700103759766,114.05259704589844,106.24949645996094,107.5145034790039,36398000.0,0.04311600057453586,0.0018589895055433764,0.0210376013982543,0,0.021019365875423527,0
2022-07-06,115.2135009765625,115.2135009765625,116.35199737548828,112.25050354003906,114.09200286865234,28852000.0,0.011580199528322425,0.0001341010211157589,0.0241701058713901,0,0.024173173513077146,0
2022-07-07,119.30599975585938,119.30599975585938,119.86199951171876,115.53399658203124,116.00800323486328,32184000.0,0.0349046817989156,0.00121833681148355,0.0225769250322495,0,0.022569088970449597,0
2022-07-08,120.1685028076172,120.1685028076172,120.43499755859376,117.51399993896484,117.5500030517578,29082000.0,0.007203328721688763,5.1887944672706264e-05,0.0238336053873255,0,0.023833536793103852,0
2022-07-11,116.52249908447266,116.52249908447266,118.79450225830078,116.2344970703125,118.6500015258789,26718000.0,-0.030810568344495286,0.000949291121710815,0.0220890991837165,0,0.022077732659951478,0
2022-07-12,114.84950256347656,114.84950256347656,117.84950256347656,114.61499786376952,116.8385009765625,24970000.0,-0.014461781606722825,0.00020914312724054662,0.0228292291660277,0,0.022823513602236552,0
2022-07-13,112.18699645996094,112.18699645996094,115.15699768066406,111.822998046875,112.63899993896484,38958000.0,-0.02345550764802337,0.0005501608390264829,0.021619695685275,0,0.021606906585700615,0
2022-07-14,111.44000244140624,111.44000244140624,111.9875030517578,109.32550048828124,110.82599639892578,32366000.0,-0.006680738913987935,4.463227243687269e-05,0.0214754238777441,0,0.02146346650095296,0
2022-07-15,112.76699829101562,112.76699829101562,114.00050354003906,111.82250213623048,112.96299743652344,34330000.0,0.011837376536072544,0.00014012348325676083,0.0200300540153569,0,0.020010551301480422,0
2022-07-18,109.91000366210938,109.91000366210938,114.8000030517578,109.3000030517578,113.44000244140624,33354000.0,-0.025661845515458703,0.000658530315259268,0.0190560621347111,0,0.01903336425158045,0
2022-07-19,114.62000274658205,114.62000274658205,114.80999755859376,110.5,111.7300033569336,30992300.0,0.041960450686120594,0.0017606794217823582,0.0197255503826967,0,0.019711177938714703,0
2022-07-20,114.6999969482422,114.6999969482422,116.33000183105467,113.26000213623048,114.05999755859376,26780100.0,0.0006976644427986124,4.867356747454983e-07,0.0230081083311326,0,0.023014416323014156,0
2022-07-21,115.04000091552734,115.04000091552734,115.20999908447266,111.91000366210938,115.08999633789062,27267800.0,0.00295990440218344,8.761034070064906e-06,0.021259570071945,0,0.021253826271625784,0
2022-07-22,108.36000061035156,108.36000061035156,113.18000030517578,107.5999984741211,111.80999755859376,44455300.0,-0.059820879081553494,0.0035785375740898444,0.0197621461248265,0,0.019747758037749957,0
2022-07-25,108.20999908447266,108.20999908447266,110.58000183105467,107.01000213623048,108.87999725341795,28289900.0,-0.0013852477266187273,1.9189112641023522e-06,0.0269288273331961,0,0.02695352882960813,0
2022-07-26,105.44000244140624,105.44000244140624,107.73999786376952,104.76000213623048,107.43000030517578,36626600.0,-0.025931681214246948,0.0006724520905973281,0.0247276581038997,0,0.024734927229599135,0
2022-07-27,113.5999984741211,113.5999984741211,114.4000015258789,108.41999816894533,109.5999984741211,41474600.0,0.07454139894636178,0.005556420156880664,0.0243290924873931,0,0.024331887037952273,0
2022-07-28,114.58999633789062,114.58999633789062,114.6999969482422,111.85099792480467,112.8000030517578,23303800.0,0.008677015624970174,7.529060015597654e-05,0.0333636338993527,0,0.03340714686506158,0
2022-07-29,116.63999938964844,116.63999938964844,116.9000015258789,113.2300033569336,113.4000015258789,31336200.0,0.017731754547578558,0.00031441511933557285,0.0305245713497641,0,0.030544352201042933,0
2022-08-01,115.4800033569336,115.4800033569336,117.12000274658205,114.69000244140624,115.52999877929688,22856200.0,-0.009994879163439364,9.989760949175437e-05,0.0285115345404544,0,0.02851539424557026,0
2022-08-02,115.9000015258789,115.9000015258789,117.08000183105467,114.26000213623048,114.43000030517578,17911000.0,0.003630379647056363,1.3179656381761081e-05,0.0263381287838428,0,0.026327492396482383,0
2022-08-03,118.77999877929688,118.77999877929688,119.41999816894533,116.1500015258789,116.33999633789062,25302800.0,0.024545268799521094,0.0006024702204407437,0.0242420766615889,0,0.02421924064203721,0
2022-08-04,118.87000274658205,118.87000274658205,119.5,117.70999908447266,118.3000030517578,15757700.0,0.0007574497875905363,5.737301807209485e-07,0.0237830094267814,0,0.023760479819968854,0
2022-08-05,118.22000122070312,118.22000122070312,118.86000061035156,116.70999908447266,116.93000030517578,15615700.0,-0.005483176376381837,3.0065223174511858e-05,0.0219573846692599,0,0.02192591699705182,0
2022-08-08,118.13999938964844,118.13999938964844,120.86000061035156,117.83000183105467,119.12000274658205,17061100.0,-0.0006769490091659598,4.5825996101077473e-07,0.02042364434068,0,0.020385550871397828,0
2022-08-09,117.5,117.5,118.1999969482422,116.55999755859376,117.98999786376952,15424300.0,-0.005432023128534249,2.9506875268931004e-05,0.0189909096889179,0,0.01894978065293287,0
2022-08-10,120.6500015258789,120.6500015258789,121.77999877929688,119.36000061035156,119.58999633789062,20497000.0,0.026455471133979083,0.0006998919529208004,0.0178276292257394,0,0.017784784030305575,0
2022-08-11,119.81999969482422,119.81999969482422,122.33999633789062,119.5500030517578,122.08000183105467,16671600.0,-0.006903190609365874,4.7654040589237187e-05,0.0189452809611147,0,0.01891826685164468,0
2022-08-12,122.6500015258789,122.6500015258789,122.6500015258789,120.4000015258789,121.16000366210938,16121100.0,0.0233441690365918,0.0005449502280089714,0.0178716354910042,0,0.017842795873228644,0
2022-08-15,122.87999725341795,122.87999725341795,123.26000213623048,121.56999969482422,122.20999908447266,15525000.0,0.0018734639022011312,3.5098669928506898e-06,0.0184980573500444,0,0.018478074213841376,0
2022-08-16,122.51000213623048,122.51000213623048,123.22799682617188,121.53500366210938,122.31999969482422,15626200.0,-0.003015570304348063,9.093664260465871e-06,0.0173585682219907,0,0.017335279488655594,0
2022-08-17,120.31999969482422,120.31999969482422,122.1500015258789,120.1999969482422,120.93000030517578,17589200.0,-0.01803781907810994,0.0003253629170946269,0.0163917336810795,0,0.016366380601968027,0
2022-08-18,120.86000061035156,120.86000061035156,121.69000244140624,119.5500030517578,120.2300033569336,15652000.0,0.004477998318321517,2.0052468938890334e-05,0.0166455936497037,0,0.016626840547218545,0
2022-08-19,118.12000274658205,118.12000274658205,120.0,117.66999816894533,119.87000274658205,20187000.0,-0.022931775855289185,0.0005258663438772241,0.0158247111959769,0,0.015804336709989018,0
2022-08-22,115.06999969482422,115.06999969482422,116.5,114.66999816894533,116.0999984741211,19316000.0,-0.026160443944915,0.0006843688273950398,0.0168575569494425,0,0.016847514176913343,0
2022-08-23,114.7699966430664,114.7699966430664,115.93000030517578,114.3000030517578,114.31999969482422,14390700.0,-0.0026105397399279044,6.814917733742851e-06,0.0181192477089214,0,0.018118213493750007,0
2022-08-24,114.6999969482422,114.6999969482422,115.71700286865234,113.77999877929688,114.4499969482422,16051200.0,-0.0006100989144590152,3.7222068542406877e-07,0.0170533783946482,0,0.017046192550917338,0
2022-08-25,117.6999969482422,117.6999969482422,117.77999877929688,115.0500030517578,115.1500015258789,14874700.0,0.02581899080906501,0.0006666202863985834,0.016117732051764,0,0.016106287380134154,0
2022-08-26,111.3000030517578,111.3000030517578,116.5999984741211,111.22000122070312,115.80999755859376,31698700.0,-0.05590970263725085,0.0031258948489858145,0.0175076420352933,0,0.017506147127900527,0
2022-08-29,110.33999633789062,110.33999633789062,111.95999908447266,109.80999755859376,110.77999877929688,20386100.0,-0.008662811045740413,7.50442952142021e-05,0.0247431376166014,0,0.02477841962029039,0
2022-08-30,109.91000366210938,109.91000366210938,111.37000274658205,108.8000030517578,111.02999877929688,20548200.0,-0.003904592254992954,1.5245840677750961e-05,0.0229536387903631,0,0.022972136199023455,0
2022-08-31,109.1500015258789,109.1500015258789,111.7699966430664,109.0500030517578,111.62999725341795,25898000.0,-0.006938785424369238,4.814674316543899e-05,0.0212681244759876,0,0.021273162137394813,0
2022-09-01,110.5500030517578,110.5500030517578,111.22000122070312,108.19000244140624,109.1999969482422,22784400.0,0.012744837933077733,0.0001624308939404171,0.019899440571527,0,0.019894818497537714,0
2022-09-02,108.68000030517578,108.68000030517578,111.6750030517578,108.12999725341795,111.33999633789062,20618100.0,-0.01706014754251296,0.000291048634172311,0.0190443588835903,0,0.01903498237346193,0
2022-09-06,107.4800033569336,107.4800033569336,108.87999725341795,106.51000213623048,108.13500213623048,20565100.0,-0.01110297238577853,0.0001232759957993606,0.0186949531296437,0,0.018684789162788012,0
2022-09-07,110.4800033569336,110.4800033569336,110.98999786376952,107.61499786376952,107.76000213623048,22987200.0,0.027529724505635334,0.0007578857313561787,0.0179097785085005,0,0.017896199186795872,0
2022-09-08,109.41999816894533,109.41999816894533,110.58000183105467,108.05999755859376,109.18000030517578,21660700.0,-0.009640867584531915,9.294632778247824e-05,0.0191229045528138,0,0.019119069816841038,0
2022-09-09,111.77999877929688,111.77999877929688,112.0,110.0,110.0500030517578,21732900.0,0.02133897101947248,0.00045535168416988643,0.0181864356903901,0,0.01817725803355011,0
2022-09-12,111.87000274658205,111.87000274658205,112.63999938964844,110.93000030517578,111.98999786376952,19732900.0,0.0008048644894242962,6.47806846336233e-07,0.0184725572850867,0,0.018466581957700085,0
2022-09-13,105.30999755859376,105.30999755859376,109.37000274658205,105.0,108.88999938964844,33015000.0,-0.06042914920092743,0.003651682073147948,0.0173507528623563,0,0.017338670694739867,0
2022-09-14,105.87000274658205,105.87000274658205,106.0999984741211,104.5,105.44000244140624,22115800.0,0.005303594088793417,2.8128110258684475e-05,0.0256162410755671,0,0.025647806383129752,0
2022-09-15,103.9000015258789,103.9000015258789,106.20999908447266,103.30999755859376,105.01000213623048,26494900.0,-0.01878303950704094,0.0003528025731230607,0.0236743428551135,0,0.023689494726569064,0
2022-09-16,103.62999725341795,103.62999725341795,104.02999877929688,101.8550033569336,102.97000122070312,64540100.0,-0.0026020760988245324,6.770800024073897e-06,0.0227562301299829,0,0.022762877231947115,0
2022-09-19,103.8499984741211,103.8499984741211,104.0199966430664,102.37000274658205,102.54000091552734,19738600.0,0.0021206989366257933,4.49736397980577e-06,0.0211360801023523,0,0.021131772872863136,0
2022-09-20,101.83000183105467,101.83000183105467,103.16999816894533,101.12000274658205,102.87999725341795,24001700.0,-0.019642761463957176,0.0003858380779299211,0.019713217185786,0,0.019700628043403116,0
2022-09-21,100.01000213623048,100.01000213623048,103.48999786376952,99.98999786376952,102.23999786376952,26596800.0,-0.01803457181646614,0.00032524578060327483,0.0195221216736584,0,0.01951018925815361,0
2022-09-22,100.56999969482422,100.56999969482422,101.68000030517578,99.41000366210938,99.4499969482422,21272700.0,0.005583797073334434,3.1178789756178184e-05,0.0191997923678658,0,0.01918762478445043,0
2022-09-23,99.16999816894533,99.16999816894533,100.11000061035156,98.01000213623048,100.05999755859376,25657000.0,-0.014018468687690404,0.00019651746434775632,0.0180987742274552,0,0.01808153439582793,0
2022-09-26,98.80999755859376,98.80999755859376,100.44000244140624,98.37999725341795,98.61000061035156,22437900.0,-0.0036367412354547666,1.3225886813657062e-05,0.0176443323818682,0,0.017627092693276305,0
2022-09-27,98.08999633789062,98.08999633789062,100.45999908447266,97.33999633789062,99.91000366210938,24225000.0,-0.0073134022567354195,5.3485852568822724e-05,0.0166947074465307,0,0.016674234018606054,0
2022-09-28,100.73999786376952,100.73999786376952,101.4000015258789,97.8000030517578,98.0199966430664,24617000.0,0.026657531870072262,0.0007106240054039184,0.0160070857098866,0,0.015985740022037304,0
2022-09-29,98.08999633789062,98.08999633789062,99.3000030517578,96.5199966430664,99.3000030517578,21921500.0,-0.026657531870072176,0.0007106240054039137,0.0175317313882505,0,0.017523942939955687,0
2022-09-30,96.1500015258789,96.1500015258789,99.49400329589844,96.02999877929688,97.7300033569336,26277800.0,-0.01997589933748304,0.00039903655434125537,0.0186708287108133,0,0.01867072556877842,0
2022-10-03,99.3000030517578,99.3000030517578,99.97000122070312,97.0199966430664,97.22000122070312,24840000.0,0.03223611387926938,0.001039167038037224,0.0187025898951761,0,0.01870233149934787,0
2022-10-04,102.41000366210938,102.41000366210938,102.72000122070312,101.04000091552734,101.04000091552734,22580900.0,0.03083879806280704,0.0009510314659585913,0.0204422492098376,0,0.02045101093335725,0
2022-10-05,102.22000122070312,102.22000122070312,102.73999786376952,99.73999786376952,100.69000244140624,18475500.0,-0.0018570345645863295,3.4485773740683384e-06,0.0215598807199543,0,0.021572255478244512,0
2022-10-06,102.23999786376952,102.23999786376952,103.7300033569336,101.5,101.5,17156200.0,0.00019560445289720544,3.826110199321506e-08,0.0200746527970814,0,0.020076043764063786,0
2022-10-07,99.56999969482422,99.56999969482422,101.41999816894533,99.20999908447266,100.6500015258789,24249900.0,-0.026462058399895426,0.000700240534759476,0.0187742983862004,0,0.018767452602193705,0
2022-10-10,98.70999908447266,98.70999908447266,99.98999786376952,97.87000274658205,99.8499984741211,16529900.0,-0.00867466218017921,7.524976394023152e-05,0.0196102760510395,0,0.019609115500595933,0
2022-10-11,98.0500030517578,98.0500030517578,100.12000274658205,97.25,98.25,21617700.0,-0.006708665388016011,4.500619128836401e-05,0.0185841494617242,0,0.01857680075728783,0
2022-10-12,98.3000030517578,98.3000030517578,99.64800262451172,97.66999816894533,98.2699966430664,17343400.0,0.0025464744316085427,6.484532030836051e-06,0.0176120924435687,0,0.017599868663878783,0
2022-10-13,99.70999908447266,99.70999908447266,100.52999877929688,95.2699966430664,95.93000030517578,32812200.0,0.014241905460331312,0.00020283187114101484,0.0166531304701721,0,0.016636875016095776,0
2022-10-14,97.18000030517578,97.18000030517578,101.29000091552734,97.02999877929688,100.625,22624800.0,-0.02570103154072896,0.0006605430222575449,0.0164630606771109,0,0.01644855476336578,0
2022-10-17,100.77999877929688,100.77999877929688,101.7699966430664,99.51000213623048,99.5199966430664,23311600.0,0.036374979021827014,0.0013231390988383553,0.0177150074934296,0,0.01771070322257377,0
2022-10-18,101.38999938964844,101.38999938964844,104.22000122070312,100.6500015258789,103.94000244140624,21610500.0,0.006034549804749981,3.641579134600804e-05,0.0204436663728532,0,0.02045463125427647,0
2022-10-19,100.29000091552734,100.29000091552734,101.65899658203124,99.63500213623048,100.6999969482422,21573700.0,-0.01090846271573174,0.0001189945588205095,0.0191985595553229,0,0.01920024584535834,0
2022-10-20,100.52999877929688,100.52999877929688,103.0,99.97000122070312,100.81999969482422,25125100.0,0.002390180045736745,5.712960651038109e-06,0.0183587572386284,0,0.018354994693906737,0
2022-10-21,101.4800033569336,101.4800033569336,101.62000274658205,98.2300033569336,98.45999908447266,28988700.0,0.009405589536182483,8.846511452314542e-05,0.0173062968734972,0,0.01729671967704863,0
2022-10-24,102.97000122070312,102.97000122070312,103.0999984741211,100.3000030517578,102.08999633789062,24680800.0,0.014575927712762823,0.00021245766868768727,0.0166542310642858,0,0.01664226706563352,0
2022-10-25,104.93000030517578,104.93000030517578,105.0999984741211,103.0199966430664,103.3000030517578,29910200.0,0.018855768554595722,0.00035554000778448085,0.0164964678998291,0,0.016485690677090038,0
2022-10-26,94.81999969482422,94.81999969482422,98.54000091552734,94.56999969482422,96.76000213623048,71504300.0,-0.10131310982269712,0.010264346221945888,0.0168149794907452,0,0.016808084339249806,0
2022-10-27,92.5999984741211,92.5999984741211,95.16999816894533,91.9000015258789,94.30999755859376,54036500.0,-0.023691229081537802,0.0005612743353939025,0.0362169126940775,0,0.03629397108103115,0
2022-10-28,96.58000183105467,96.58000183105467,96.86000061035156,92.322998046875,92.52999877929688,35696900.0,0.04208257423037851,0.0017709430538553176,0.034029170315112,0,0.03408113201930318,0
2022-10-31,94.66000366210938,94.66000366210938,96.3499984741211,94.37999725341795,95.77999877929688,29868700.0,-0.020080136239258636,0.00040321187138718794,0.0340975873384146,0,0.034138053773748775,0
2022-11-01,90.5,90.5,96.16500091552734,90.43000030517578,95.58999633789062,43220600.0,-0.04494171245919917,0.002019757518765338,0.0319568068609191,0,0.03197823382697141,0
2022-11-02,87.06999969482422,87.06999969482422,91.3000030517578,87.01000213623047,90.91000366210938,43553600.0,-0.038637461370303695,0.0014928534211417104,0.0327843358264971,0,0.032803488854634834,0
2022-11-03,83.48999786376953,83.48999786376953,86.55000305175781,83.44999694824219,86.34500122070312,48510400.0,-0.041985550716330644,0.0017627864689535727,0.0326157038580284,0,0.03262839394683507,0
2022-11-04,86.69999694824219,86.69999694824219,86.7300033569336,83.87999725341797,85.51000213623047,40173300.0,0.03772700996819748,0.001423327281140472,0.0329109619163406,0,0.03292070266967945,0
2022-11-07,88.6500015258789,88.6500015258789,88.94000244140625,86.95999908447266,87.33999633789062,26899900.0,0.022242201145169362,0.0004947155117821733,0.0326113014686281,0,0.03261553738136462,0
2022-11-08,88.91000366210938,88.91000366210938,90.40499877929688,87.6500015258789,89.16000366210938,30172000.0,0.002928613589382009,8.576777555912974e-06,0.0308205810559724,0,0.03081205069237591,0
2022-11-09,87.4000015258789,87.4000015258789,89.48999786376953,87.36000061035156,88.54499816894531,26743900.0,-0.01712936320193648,0.0002934150837038556,0.0283827763963818,0,0.028359152477118833,0
2022-11-10,94.16999816894533,94.16999816894533,94.5500030517578,91.6500015258789,92.33999633789062,42371200.0,0.07460633995777334,0.005566105961894847,0.0267591807894565,0,0.026727480019570246,0
2022-11-11,96.7300033569336,96.7300033569336,97.36000061035156,94.16000366210938,94.70999908447266,30569100.0,0.026821986820785442,0.000719418977014388,0.0345456678705361,0,0.03456074587439886,0
2022-11-14,96.02999877929688,96.02999877929688,97.18000030517578,95.11299896240234,95.5,24170100.0,-0.007262996960420945,5.275112484708389e-05,0.0329181086384962,0,0.03292059403672788,0
2022-11-15,98.72000122070312,98.72000122070312,100.41999816894533,97.0199966430664,98.66999816894533,31831000.0,0.027626942584188716,0.0007632479565500599,0.0303988466238545,0,0.03038584160249179,0
2022-11-16,98.98999786376952,98.98999786376952,99.8499984741211,97.9020004272461,98.0199966430664,24660200.0,0.0027312408290654285,7.45967646635401e-06,0.0294148878993627,0,0.029396982401290465,0
2022-11-17,98.5,98.5,99.4800033569336,97.0999984741211,97.18000030517578,21818700.0,-0.004962265173407028,2.462407565120828e-05,0.0271740147335782,0,0.027144450023302732,0
2022-11-18,97.8000030517578,97.8000030517578,99.16000366210938,96.73999786376952,99.01000213623048,24969900.0,-0.007131939933204567,5.086456721083796e-05,0.0251885561345165,0,0.025150052764359596,0
2022-11-21,95.83000183105467,95.83000183105467,98.72000122070312,95.66999816894533,97.55999755859376,18696900.0,-0.020348800781845915,0.0004140736932592529,0.0234582350334802,0,0.023414082848097074,0
2022-11-22,97.33000183105467,97.33000183105467,97.5479965209961,94.41000366210938,96.16000366210938,18868900.0,0.015531477788259147,0.00024122680228718724,0.0227766496455448,0,0.022733714757417655,0
2022-11-23,98.81999969482422,98.81999969482422,99.06900024414062,97.33999633789062,97.33999633789062,17568900.0,0.015192725078153411,0.00023081889530035158,0.021779175952482,0,0.02173597899657523,0
2022-11-25,97.5999984741211,97.5999984741211,98.94000244140624,97.52999877929688,98.46499633789062,8567800.0,-0.012422532544363856,0.00015431931481577914,0.0208912642863229,0,0.020848758988758563,0
2022-11-28,96.25,96.25,97.83000183105467,95.88999938964844,97.1999969482422,19974500.0,-0.013928504617147858,0.00019400324086990922,0.0199230933636606,0,0.01988072106858125,0
2022-11-29,95.44000244140624,95.44000244140624,96.38999938964844,94.38999938964844,96.0,20220000.0,-0.008451169797698567,7.142227094953243e-05,0.0191983401650726,0,0.019157698971628164,0
2022-11-30,101.4499969482422,101.4499969482422,101.4499969482422,94.66999816894533,95.12000274658205,39888100.0,0.06106823282023057,0.0037293290597858863,0.0182200418326619,0,0.018179906739290864,0
2022-12-01,101.27999877929688,101.27999877929688,102.58999633789062,100.66999816894533,101.4000015258789,21771500.0,-0.0016770898473155668,2.812630355968951e-06,0.026033172786079,0,0.026038916556306045,0
2022-12-02,100.83000183105467,100.83000183105467,101.1500015258789,99.16999816894533,99.37000274658205,18821500.0,-0.004452997778165958,1.982918921235096e-05,0.0242344711666488,0,0.024229904122802726,0
2022-12-05,99.87000274658205,99.87000274658205,101.75,99.3550033569336,99.81500244140624,19955500.0,-0.009566580808328656,9.151946836228216e-05,0.022662396349505,0,0.022650088847913533,0
2022-12-06,97.30999755859376,97.30999755859376,100.20999908447266,96.76000213623048,99.66999816894533,20877600.0,-0.025967634011673277,0.0006743180161642107,0.0214199248197997,0,0.021402613374712706,0
2022-12-07,95.1500015258789,95.1500015258789,97.30999755859376,95.0250015258789,96.7699966430664,26647900.0,-0.022447123966221328,0.0005038733743549079,0.0216790621539457,0,0.021665228526640896,0
2022-12-08,93.9499969482422,93.9499969482422,95.87000274658205,93.8000030517578,95.69000244140624,25593200.0,-0.01269191640203345,0.0001610847419562057,0.0215091870380369,0,0.021496090959375512,0
2022-12-09,93.06999969482422,93.06999969482422,94.48999786376952,93.0199966430664,93.9000015258789,21885300.0,-0.009410798458060053,8.856312761822548e-05,0.0205673376453685,0,0.02055099845944616,0
2022-12-12,93.55999755859376,93.55999755859376,93.875,91.9000015258789,93.08999633789062,27380900.0,0.005251020702799221,2.7573218421226027e-05,0.0195613780387467,0,0.019541953451381905,0
2022-12-13,95.8499984741211,95.8499984741211,99.8000030517578,95.37999725341795,98.06999969482422,34788500.0,0.024181537950780777,0.000584746777665051,0.0185124377876211,0,0.01849014082810997,0
2022-12-14,95.30999755859376,95.30999755859376,97.22000122070312,93.94000244140624,95.54000091552734,26452900.0,-0.0056497422380990215,3.191958735696014e-05,0.0190843209026701,0,0.019068443165917624,0
2022-12-15,91.1999969482422,91.1999969482422,94.02999877929688,90.43000030517578,93.54000091552734,28298800.0,-0.04407984771607969,0.0019430329746727756,0.0181076943405202,0,0.01808900548607937,0
2022-12-16,90.86000061035156,90.86000061035156,91.75,90.01000213623047,91.1999969482422,48485500.0,-0.003734996569276693,1.3950199372508668e-05,0.0219839927734438,0,0.02198581394687235,0
2022-12-19,89.1500015258789,89.1500015258789,91.1999969482422,88.92500305175781,90.87999725341795,23020500.0,-0.0189995056237427,0.00036098121394663045,0.0206601380987182,0,0.02065511880524643,0
2022-12-20,89.62999725341797,89.62999725341797,89.77999877929688,88.04000091552734,88.7300033569336,21976800.0,0.005369693300703496,2.8833606143620004e-05,0.0203180609254712,0,0.020311753121335947,0
2022-12-21,90.25,90.25,90.91500091552734,88.91000366210938,89.7300033569336,20336400.0,0.006893542487277544,4.7520928023900665e-05,0.0192147571564243,0,0.01920381794487942,0
2022-12-22,88.26000213623047,88.26000213623047,89.18000030517578,86.94000244140625,88.93000030517578,23656100.0,-0.022296569167754493,0.0004971369966524602,0.0182840803959634,0,0.018270015511838225,0
2022-12-23,89.80999755859375,89.80999755859375,90.0999984741211,87.62000274658203,87.62000274658203,17815000.0,0.017409272453497493,0.0003030827673601066,0.0186598370615616,0,0.018649593822145847,0
2022-12-27,87.93000030517578,87.93000030517578,89.5,87.53500366210938,89.30999755859375,15470900.0,-0.02115525363715503,0.00044754475645236106,0.0184717019989169,0,0.018461915506418958,0
2022-12-28,86.45999908447266,86.45999908447266,88.5199966430664,86.37000274658203,87.5,17879600.0,-0.016859178211120283,0.0002842318899543129,0.0186863365473956,0,0.018678837517285635,0
2022-12-29,88.94999694824219,88.94999694824219,89.36499786376953,86.98999786376953,87.02999877929688,18280700.0,0.028392511152697537,0.0008061346895560541,0.0184456985810591,0,0.01843798803231781,0
2022-12-30,88.7300033569336,88.7300033569336,88.83000183105469,87.02999877929688,87.36499786376953,19190300.0,-0.0024762911227800134,6.132017724759099e-06,0.0195620356497092,0,0.019560258094621308,0
2023-01-03,89.69999694824219,89.69999694824219,91.5500030517578,89.0199966430664,89.83000183105469,20738500.0,0.01087264636254836,0.0001182144389250361,0.0184891284336988,0,0.01848242199828668,0
2023-01-04,88.70999908447266,88.70999908447266,91.23999786376952,87.80000305175781,91.01000213623048,27046500.0,-0.011098122830880623,0.00012316833036931374,0.0178397759035082,0,0.017830859542525758,0
2023-01-05,86.7699966430664,86.7699966430664,88.20999908447266,86.55999755859375,88.06999969482422,23136100.0,-0.022111711094366895,0.000488927767520748,0.0172884261047709,0,0.01727813703173963,0
2023-01-06,88.16000366210938,88.16000366210938,88.47000122070312,85.56999969482422,87.36000061035156,26612600.0,0.01589248582628051,0.0002525711057385269,0.0178203400230254,0,0.01781404202911328,0
2023-01-09,88.80000305175781,88.80000305175781,90.83000183105467,88.58000183105469,89.19499969482422,22996700.0,0.007233297420809092,5.232059157788346e-05,0.0176262391861508,0,0.01761987025109279,0
2023-01-10,89.23999786376953,89.23999786376953,89.4749984741211,86.69999694824219,86.72000122070312,22855600.0,0.004942661261528136,2.4429900346210905e-05,0.016905991852133,0,0.01689714045462048,0
2023-01-11,92.26000213623048,92.26000213623048,92.4499969482422,89.73999786376953,90.05999755859375,25998800.0,0.03328135565784025,0.0011076486344236555,0.0161929678089372,0,0.01618206296185618,0
2023-01-12,91.91000366210938,91.91000366210938,92.62000274658205,90.56999969482422,92.4000015258789,22754200.0,-0.0038008240696018763,1.444626360806497e-05,0.0185875722308494,0,0.01858893525589456,0
2023-01-13,92.8000030517578,92.8000030517578,92.9800033569336,90.93000030517578,91.52799987792967,18630700.0,0.009636795462943113,9.286782679460097e-05,0.0176537404195211,0,0.01765061483516411,0
2023-01-17,92.16000366210938,92.16000366210938,92.97000122070312,90.83999633789062,92.77999877929688,22935800.0,-0.006920435993465319,4.7892434339650314e-05,0.0170486313924666,0,0.017043168778335824,0
2023-01-18,91.77999877929688,91.77999877929688,93.58799743652344,91.4000015258789,92.94000244140624,19641600.0,-0.004131841017640109,1.707211019505325e-05,0.0163930840021232,0,0.0163854360588181,0
2023-01-19,93.91000366210938,93.91000366210938,94.4000015258789,91.37999725341795,91.38999938964844,28707700.0,0.022942520146098457,0.0005263592306541336,0.0157269988777713,0,0.015717468634275165,0
2023-01-20,99.27999877929688,99.27999877929688,99.41999816894533,95.91000366210938,95.9499969482422,53704800.0,0.05560721278832406,0.003092162114085951,0.0166600251064636,0,0.016656276198774234,0
2023-01-23,101.20999908447266,101.20999908447266,101.4000015258789,98.75,99.12999725341795,31791800.0,0.019253428554198277,0.00037069451109161757,0.0233571894381568,0,0.02337917678366665,0
2023-01-24,99.20999908447266,99.20999908447266,101.08999633789062,98.6999969482422,99.5500030517578,27391400.0,-0.0199587507213557,0.00039835173035721673,0.0226624492824783,0,0.022677571479128703,0
2023-01-25,96.7300033569336,96.7300033569336,97.72000122070312,95.26200103759766,97.1999969482422,31000900.0,-0.02531517953501792,0.0006408583148901901,0.0221254400507506,0,0.02213538094674924,0
2023-01-26,99.16000366210938,99.16000366210938,99.20999908447266,96.81999969482422,98.27999877929688,24542100.0,0.02481111719968886,0.0006155915366966964,0.0221927223189451,0,0.02220064848005555,0
2023-01-27,100.70999908447266,100.70999908447266,101.58000183105467,98.97000122070312,99.0500030517578,29020400.0,0.015510346471018134,0.00024057084765102468,0.0221948914299682,0,0.022200858300894945,0
2023-01-30,97.9499969482422,97.9499969482422,99.40899658203124,97.5199966430664,98.74500274658205,24365100.0,-0.027787977335056394,0.0007721716843736079,0.0213769119374229,0,0.021377904337210218,0
2023-01-31,99.87000274658205,99.87000274658205,99.91000366210938,97.79000091552734,97.86000061035156,22306800.0,0.019412254522347915,0.0003768356256404171,0.0218523269718884,0,0.021854496161458948,0
2023-02-01,101.43000030517578,101.43000030517578,102.19000244140624,98.41999816894533,99.73999786376952,26392600.0,0.015499540640021773,0.00024023576005168654,0.0213838704332517,0,0.021383074100029376,0
2023-02-02,108.8000030517578,108.8000030517578,108.81999969482422,106.54000091552734,106.79000091552734,46622600.0,0.070142454074449,0.004919963863586186,0.0206707380806575,0,0.020666377608984855,0
2023-02-03,105.22000122070312,105.22000122070312,108.0199966430664,103.3000030517578,103.51000213623048,36823400.0,-0.03345795456698897,0.0011194347238066978,0.0291799790254639,0,0.029206550845938643,0
2023-02-06,103.47000122070312,103.47000122070312,104.6999969482422,102.20999908447266,102.68499755859376,25573000.0,-0.016771680489585526,0.00028128926644474376,0.0290636951606572,0,0.02908427669751827,0
2023-02-07,108.04000091552734,108.04000091552734,108.66999816894533,103.5479965209961,103.62999725341795,33738800.0,0.04321980998386942,0.001867951975041779,0.0275088195937181,0,0.02751918631002462,0
2023-02-08,100.0,100.0,103.58000183105467,98.45500183105467,102.69000244140624,73546000.0,-0.07733135141028996,0.005980137910941755,0.0289455300619857,0,0.02895825261681439,0
2023-02-09,95.45999908447266,95.45999908447266,100.61000061035156,93.86000061035156,100.54000091552734,97798600.0,-0.0464628840010317,0.0021587995896933275,0.0363789540217006,0,0.03641355810237716,0
2023-02-10,94.86000061035156,94.86000061035156,97.0199966430664,94.52999877929688,95.73999786376952,49325300.0,-0.006305175103388697,3.975523308439266e-05,0.0367055152343322,0,0.036733516746468124,0
2023-02-13,95.0,95.0,95.3499984741211,94.0500030517578,95.01000213623048,43116600.0,0.0014747647168697785,2.174930970123998e-06,0.0339267810163557,0,0.033938147198172126,0
2023-02-14,94.9499969482422,94.9499969482422,95.1750030517578,92.6500015258789,94.66000366210938,42513100.0,-0.0005264864829289522,2.7718801670689787e-07,0.0313780551914483,0,0.031375707403693644,0
2023-02-15,97.0999984741211,97.0999984741211,97.33999633789062,94.36000061035156,94.73999786376952,36964500.0,0.022390954465157282,0.0005013548418607468,0.0290775838583518,0,0.029064030151045132,0
2023-02-16,95.77999877929688,95.77999877929688,97.87999725341795,94.97000122070312,95.54000091552734,35642100.0,-0.01368747741317055,0.00018734703793605396,0.0279025678800122,0,0.02788433360326815,0
2023-02-17,94.58999633789062,94.58999633789062,95.75,93.4499969482422,95.06999969482422,31095100.0,-0.012502158660128467,0.0001563039711630252,0.0262874570696483,0,0.026262894817494935,0
2023-02-21,92.0500030517578,92.0500030517578,93.41500091552734,92.0,93.23999786376952,28367200.0,-0.027219782677121555,0.0007409165689897266,0.0247824261010544,0,0.024752745589792454,0
2023-02-22,91.8000030517578,91.8000030517578,92.36000061035156,90.87000274658205,91.93399810791016,29891100.0,-0.002719609962355397,7.396278347342725e-06,0.0246622431185635,0,0.024635892367504457,0
2023-02-23,91.06999969482422,91.06999969482422,92.12999725341795,90.01000213623047,92.12999725341795,32423700.0,-0.007983892641268309,6.374254170729825e-05,0.0230137503834478,0,0.022981715993348813,0
2023-02-24,89.3499984741211,89.3499984741211,90.12999725341795,88.86000061035156,89.62999725341797,31295600.0,-0.01906721370083589,0.00036355863831334385,0.0216528826260867,0,0.021617355158907215,0
2023-02-27,90.0999984741211,90.0999984741211,90.4499969482422,89.61000061035156,90.08999633789062,22724300.0,0.008358923151010224,6.987159624449469e-05,0.0211732500957727,0,0.021140169086080615,0
2023-02-28,90.3000030517578,90.3000030517578,91.4499969482422,89.5199966430664,89.54000091552734,30546900.0,0.002217346539807535,4.916625677596448e-06,0.0200273153515311,0,0.019992299719654022,0
2023-03-01,90.51000213623048,90.51000213623048,91.1999969482422,89.8499984741211,90.16000366210938,26323900.0,0.0023228712225212243,5.3957307164172475e-06,0.0188300291891673,0,0.01879298085363105,0
2023-03-02,92.30999755859376,92.30999755859376,92.4800033569336,89.7699966430664,89.86000061035156,23328600.0,0.01969208611292555,0.0003877782554788752,0.017758351057766,0,0.01772036182638391,0
2023-03-03,94.0199966430664,94.0199966430664,94.11000061035156,92.66000366210938,92.73999786376952,30242500.0,0.018355038337367572,0.0003369074323662333,0.0179696911526614,0,0.017939398361528015,0
2023-03-06,95.58000183105467,95.58000183105467,96.3000030517578,94.3000030517578,94.36000061035156,28288200.0,0.01645612241579033,0.0002708039649634769,0.017994151436687,0,0.017968944484739725,0
2023-03-07,94.16999816894533,94.16999816894533,96.08999633789062,93.84400177001952,95.41999816894533,24101500.0,-0.014861972229479714,0.00022087821854982622,0.0178255670709622,0,0.017803507364353426,0
2023-03-08,94.6500015258789,94.6500015258789,96.23999786376952,94.40499877929688,94.40499877929688,25395200.0,0.005084253698777552,2.5849635673533216e-05,0.0175402291183833,0,0.01752022093230216,0
2023-03-09,92.66000366210938,92.66000366210938,95.91999816894533,92.3550033569336,94.48999786376952,24438900.0,-0.021248974266098362,0.0004515189073613104,0.016715556035368,0,0.01669446496501169,0
2023-03-10,91.01000213623048,91.01000213623048,93.18000030517578,90.8000030517578,92.5,32850100.0,-0.017967505448765846,0.00032283125205143033,0.017297491793824,0,0.017282900221875282,0
2023-03-13,91.66000366210938,91.66000366210938,93.08000183105467,89.94000244140625,90.56500244140624,31508600.0,0.007116704972421991,5.0647489664495886e-05,0.017394172095448,0,0.017382403816797648,0
2023-03-14,94.25,94.25,94.83000183105467,92.77999877929688,93.06999969482422,32303900.0,0.027864707293953104,0.0007764419125776833,0.0166723040798691,0,0.016658878140833347,0
2023-03-15,96.5500030517578,96.5500030517578,97.25,93.04000091552734,93.54000091552734,38367300.0,0.024110214154458794,0.0005813024265738652,0.0181761800258664,0,0.018171969172449703,0
2023-03-16,101.06999969482422,101.06999969482422,101.97000122070312,95.87000274658205,96.56999969482422,54499500.0,0.04575230258454268,0.0020932731917875508,0.0188255738180611,0,0.01882477497334522,0
2023-03-17,102.45999908447266,102.45999908447266,103.48999786376952,100.75,100.83999633789062,76140300.0,0.013659126508473528,0.00018657173697448422,0.0229563650824362,0,0.022972981117903073,0
2023-03-20,101.93000030517578,101.93000030517578,102.58000183105467,100.79000091552734,101.05999755859376,26033900.0,-0.005186163401299512,2.6896290824978528e-05,0.021879880856825,0,0.021888448708360774,0
2023-03-21,105.83999633789062,105.83999633789062,105.95999908447266,101.86000061035156,101.9800033569336,33122800.0,0.03764217903197539,0.0014169336422752879,0.020559604590626,0,0.020560297842322904,0
2023-03-22,104.22000122070312,104.22000122070312,107.51000213623048,104.20999908447266,105.13999938964844,32336900.0,-0.015424424012449348,0.00023791285611582405,0.0227153613406341,0,0.022724852389763833,0
2023-03-23,106.26000213623048,106.26000213623048,107.10099792480467,105.41000366210938,105.88999938964844,31385800.0,0.019384879932781877,0.0003757735700083695,0.0217949453921261,0,0.02179814725234365,0
2023-03-24,106.05999755859376,106.05999755859376,106.16000366210938,104.73999786376952,105.73999786376952,25236200.0,-0.0018839924367245041,3.5494275016351345e-06,0.0213261520633994,0,0.021326103193309017,0
2023-03-27,103.05999755859376,103.05999755859376,105.4000015258789,102.62999725341795,105.31999969482422,25393400.0,-0.02869362947897473,0.0008233243726766876,0.0200144781342438,0,0.020007700726390562,0
2023-03-28,101.36000061035156,101.36000061035156,103.0,100.27999877929688,103.0,24913500.0,-0.016632777176399136,0.00027664927659974405,0.0209172041935223,0,0.02091539153298435,0
2023-03-29,101.9000015258789,101.9000015258789,102.81999969482422,101.02999877929688,102.72000122070312,26148300.0,0.0053134131684517095,2.8232359498676033e-05,0.0203368649732241,0,0.02033212090244499,0
2023-03-30,101.31999969482422,101.31999969482422,101.61000061035156,100.29000091552734,101.44000244140624,25009800.0,-0.005708133081481711,3.2582783275905895e-05,0.0192017908167213,0,0.019191840967459742,0
2023-03-31,104.0,104.0,104.19000244140624,101.44000244140624,101.70999908447266,28108000.0,0.026107077019897517,0.000681579470522861,0.0182095377388865,0,0.018195811250552228,0
2023-04-03,104.91000366210938,104.91000366210938,104.9499969482422,102.37999725341795,102.66999816894533,20719900.0,0.00871197550917352,7.589851727243921e-05,0.0191218877599298,0,0.019114844089911508,0
2023-04-04,105.12000274658205,105.12000274658205,106.0999984741211,104.5999984741211,104.83999633789062,20377200.0,0.0019997062138175205,3.998824941580403e-06,0.0182610986251,0,0.018250655840050024,0
2023-04-05,104.9499969482422,104.9499969482422,106.54000091552734,104.10199737548828,106.12000274658205,21864200.0,-0.0016185636759287643,2.6197483730360338e-06,0.0173007865350134,0,0.017286917545508696,0
2023-04-06,108.9000015258789,108.9000015258789,109.62999725341795,104.81500244140624,105.7699966430664,34684200.0,0.03694602676222369,0.001365008893514949,0.0164471803168927,0,0.016430938310673934,0
2023-04-10,106.9499969482422,106.9499969482422,107.97000122070312,105.5999984741211,107.38999938964844,19741500.0,-0.01806863695667912,0.0003264756414722705,0.0195579128943491,0,0.01955920479330439,0
2023-04-11,106.12000274658205,106.12000274658205,107.22000122070312,105.27999877929688,106.91999816894533,18721300.0,-0.007790851842589757,6.069737243318421e-05,0.0193053408535007,0,0.019304950209622404,0
2023-04-12,105.22000122070312,105.22000122070312,107.58699798583984,104.97000122070312,107.38999938964844,22761600.0,-0.008517147247292375,7.254179723206008e-05,0.0183905827590767,0,0.018385782346916492,0
2023-04-13,108.19000244140624,108.19000244140624,108.26499938964844,106.44000244140624,106.47000122070312,21650700.0,0.027835555361298326,0.0007748181422719039,0.0176216348241245,0,0.01761378409955994,0
2023-04-14,109.45999908447266,109.45999908447266,109.58000183105467,107.58999633789062,107.69000244140624,20758700.0,0.011670214086340579,0.00013619389682102207,0.0188846142948013,0,0.018883674356573548,0
2023-04-17,106.41999816894533,106.41999816894533,106.70999908447266,105.31999969482422,105.43000030517578,29043400.0,-0.02816566538943957,0.0007933047068298741,0.0182282985249577,0,0.018224279048120323,0
2023-04-18,105.12000274658205,105.12000274658205,107.0500030517578,104.77999877929688,107.0,17641400.0,-0.01229093109793313,0.0001510669872541397,0.0194073895217215,0,0.019409015078916424,0
2023-04-19,105.0199966430664,105.0199966430664,105.7249984741211,103.8000030517578,104.21499633789062,16732000.0,-0.0009518046193585189,9.05932033432215e-07,0.01872200719648,0,0.018720015359466234,0
2023-04-20,105.9000015258789,105.9000015258789,106.88800048828124,104.63999938964844,104.6500015258789,22515300.0,0.008344490771032706,6.963052622785e-05,0.0177165833441364,0,0.017710055602106256,0
2023-04-21,105.91000366210938,105.91000366210938,106.63999938964844,105.48500061035156,106.08999633789062,22379000.0,9.44444170993724e-05,8.919747921240225e-09,0.0170270661736851,0,0.017018179005557153,0
2023-04-24,106.77999877929688,106.77999877929688,107.31999969482422,105.36000061035156,106.0500030517578,21410900.0,0.008180920206957452,6.692745543260476e-05,0.0162153672732157,0,0.016203873593065365,0
2023-04-25,104.61000061035156,104.61000061035156,107.44000244140624,104.55999755859376,106.61000061035156,31408100.0,-0.02053147644988215,0.0004215415252120653,0.0157117799132464,0,0.015699668707143555,0
2023-04-26,104.4499969482422,104.4499969482422,107.0199966430664,103.2699966430664,105.55999755859376,37068200.0,-0.0015306964050418497,2.343031484408042e-06,0.0163848188105181,0,0.016378108155055308,0
2023-04-27,108.37000274658205,108.37000274658205,109.1500015258789,104.41999816894533,105.2300033569336,38235200.0,0.036842864494219515,0.001357396664139421,0.0156593522110571,0,0.015650295777605582,0
2023-04-28,108.22000122070312,108.22000122070312,108.29000091552734,106.04000091552734,107.8000030517578,23957900.0,-0.0013851197849720027,1.9185568187208873e-06,0.0189340237492519,0,0.018940681000861104,0
2023-05-01,107.70999908447266,107.70999908447266,108.68000030517578,107.5,107.72000122070312,20926300.0,-0.004723781631668498,2.2314112903688694e-05,0.017912378183986,0,0.017913405614051997,0
2023-05-02,105.9800033569336,105.9800033569336,107.7300033569336,104.5,107.66000366210938,20343100.0,-0.01619199312297308,0.00026218064129440754,0.0170707079737092,0,0.01706775211456614,0
2023-05-03,106.12000274658205,106.12000274658205,108.12999725341795,105.62000274658205,106.22000122070312,17116300.0,0.0013201264116129636,1.7427337426381197e-06,0.0170301009214524,0,0.01702737766721581,0
2023-05-04,105.20999908447266,105.20999908447266,106.3000030517578,104.6999969482422,106.16000366210938,19780600.0,-0.00861221103309757,7.417017887860751e-05,0.0162346180874992,0,0.016228700871909595,0
2023-05-05,106.21499633789062,106.21499633789062,106.44000244140624,104.73899841308594,105.31999969482422,20705300.0,0.009506963175284868,9.038234881622255e-05,0.0157593662895809,0,0.015752252621366203,0
2023-05-08,108.23999786376952,108.23999786376952,108.41999816894533,105.79000091552734,105.79499816894533,17266000.0,0.018885656832901398,0.00035666803401011523,0.0153996057196707,0,0.015392066757477372,0
2023-05-09,107.94000244140624,107.94000244140624,110.59500122070312,107.7249984741211,108.77999877929688,24782400.0,-0.0027754243178029873,7.702980143852177e-06,0.0159265451123161,0,0.01592279148700809,0
2023-05-10,112.27999877929688,112.27999877929688,113.51000213623048,108.4800033569336,108.5500030517578,47533500.0,0.03942020081305117,0.00155395223214128,0.0152836462579887,0,0.015277677104696661,0
2023-05-11,116.9000015258789,116.9000015258789,118.44000244140624,114.93000030517578,115.86000061035156,57115100.0,0.04032314090915236,0.0016259556927793563,0.0191384825141484,0,0.019149201225023834,0
2023-05-12,117.91999816894533,117.91999816894533,118.26000213623048,116.5500030517578,117.0,31272500.0,0.008687531382207426,7.547320151683886e-05,0.0220817908496256,0,0.02210151187284232,0
2023-05-15,116.95999908447266,116.95999908447266,118.79499816894533,116.4800033569336,116.48999786376952,22107900.0,-0.008174424739314285,6.68212198187134e-05,0.0208742403259368,0,0.020885555253827435,0
2023-05-16,120.08999633789062,120.08999633789062,121.1999969482422,116.83000183105467,116.83000183105467,32370100.0,0.026409443004112295,0.0006974586797874558,0.0197969430779767,0,0.019801641515830092,0
2023-05-17,121.4800033569336,121.4800033569336,122.27999877929688,119.45999908447266,120.18000030517578,26659600.0,0.01150823663329512,0.00013243951040791579,0.020419861671524,0,0.020425913775805164,0
2023-05-18,123.5199966430664,123.5199966430664,123.9000015258789,121.48999786376952,121.55999755859376,27014500.0,0.016653391288038766,0.0002773354413925255,0.0195640725119029,0,0.019565155633930017,0
2023-05-19,123.25,123.25,126.47899627685548,122.72000122070312,124.1999969482422,30251300.0,-0.0021882461764187867,4.78842132861144e-06,0.0191892075897541,0,0.01918814541323272,0
2023-05-22,125.87000274658205,125.87000274658205,127.0500030517578,123.4499969482422,123.51000213623048,29760200.0,0.021034837201397535,0.00044246437608929767,0.0181538086188708,0,0.018147980203265923,0
2023-05-23,123.29000091552734,123.29000091552734,125.41999816894533,123.0500030517578,124.93000030517578,24477900.0,-0.020710338817931953,0.0004289181339535391,0.0184280197304188,0,0.01842416984405984,0
2023-05-24,121.63999938964844,121.63999938964844,122.75,120.75,121.87999725341795,23087900.0,-0.013473453514789192,0.00018153394961518523,0.018620081981583,0,0.01861746738730024,0
2023-05-25,124.3499984741211,124.3499984741211,125.9800033569336,122.9000015258789,125.20999908447266,33812700.0,0.02203430018709803,0.00048551038473514834,0.0181293058348988,0,0.01812466669983779,0
2023-05-26,125.43000030517578,125.43000030517578,126.0,123.29000091552734,124.06500244140624,25154700.0,0.008647678491046008,7.478234328449976e-05,0.0185208381758625,0,0.018518485813584316,0
2023-05-30,124.63999938964844,124.63999938964844,126.37999725341795,122.88999938964844,126.29000091552734,27230700.0,-0.006318259244097442,3.992039987562277e-05,0.0177548013070485,0,0.0177491519328297,0
2023-05-31,123.37000274658205,123.37000274658205,124.9000015258789,123.0999984741211,123.6999969482422,41548800.0,-0.010241584879184142,0.00010489006083753326,0.0169854295558064,0,0.01697695219308766,0
2023-06-01,124.37000274658205,124.37000274658205,125.04000091552734,123.3000030517578,123.5,25017700.0,0.00807302340327048,6.517370686975288e-05,0.016502131252411,0,0.016492647427629764,0
2023-06-02,125.2300033569336,125.2300033569336,126.74500274658205,124.3499984741211,124.48999786376952,19362400.0,0.006891057632477355,4.748667529412441e-05,0.0159636798141847,0,0.015953104736200773,0
2023-06-05,126.62999725341795,126.62999725341795,127.98999786376952,124.37999725341795,124.61000061035156,22672500.0,0.011117353390609605,0.0001235955464116989,0.0154400389088219,0,0.015428649685294891,0
2023-06-06,127.91000366210938,127.91000366210938,128.8800048828125,125.97000122070312,126.5999984741211,19450100.0,0.01005749346896583,0.00010115317487829033,0.0152315453571696,0,0.015221123251174166,0
2023-06-07,122.94000244140624,122.94000244140624,129.5500030517578,122.62999725341795,127.5749969482422,34179300.0,-0.03963046890428012,0.0015705740655731135,0.014981482069103,0,0.014971711977908822,0
2023-06-08,122.66999816894533,122.66999816894533,123.7300033569336,122.01000213623048,122.58499908447266,24815000.0,-0.002198643219391519,4.834032006176303e-06,0.0189723768412772,0,0.018981161844045084,0
2023-06-09,122.87000274658205,122.87000274658205,124.28500366210938,122.41999816894533,122.55999755859376,20304500.0,0.0016291001150507732,2.653967184858443e-06,0.0179680480458739,0,0.01797108933181284,0
2023-06-12,124.3499984741211,124.3499984741211,124.75,122.3499984741211,123.3949966430664,22255700.0,0.011973249745533255,0.00014335870946891215,0.0170777636248935,0,0.017076422958396127,0
2023-06-13,124.43000030517578,124.43000030517578,125.86000061035156,123.84500122070312,125.6500015258789,19287700.0,0.000643153261556015,4.1364611785013976e-07,0.0166998017325458,0,0.016696981119188443,0
2023-06-14,124.37999725341795,124.37999725341795,124.79000091552734,122.16000366210938,123.8000030517578,24659600.0,-0.00040193764657087507,1.615538717309337e-07,0.0159530039057712,0,0.015947315391931213,0
2023-06-15,125.79000091552734,125.79000091552734,126.16000366210938,123.13999938964844,123.87999725341795,24517100.0,0.01127248353544234,0.00012706888505681862,0.0152941178970035,0,0.01528640114867514,0
2023-06-16,124.05999755859376,124.05999755859376,126.6999969482422,123.79000091552734,126.6999969482422,56686800.0,-0.013848557263267837,0.00019178253827400836,0.0151222745723475,0,0.015115163990551891,0
2023-06-20,123.8499984741211,123.8499984741211,125.1750030517578,122.83000183105467,123.53500366210938,22698000.0,-0.0016941562507437468,2.870165401934109e-06,0.0151816744046427,0,0.015176167494939042,0
2023-06-21,121.26000213623048,121.26000213623048,123.41000366210938,120.86000061035156,123.23500061035156,22612000.0,-0.021134125354462466,0.0004466512544981333,0.0146258240784171,0,0.014618853954660099,0
2023-06-22,123.87000274658205,123.87000274658205,123.93499755859376,119.5999984741211,120.66000366210938,20781900.0,0.021295632478682134,0.0004535039626671014,0.0155706781452153,0,0.01556924746077628,0
2023-06-23,123.0199966430664,123.0199966430664,123.44000244140624,121.86000061035156,122.04000091552734,29542900.0,-0.00688573424669372,4.741333611609074e-05,0.0163417259764214,0,0.016343854096791434,0
2023-06-26,119.08999633789062,119.08999633789062,122.72000122070312,118.98999786376952,121.46600341796876,23185000.0,-0.032467437463383375,0.0010541344954387102,0.0157796501401571,0,0.015779127765632554,0
2023-06-27,119.01000213623048,119.01000213623048,119.8949966430664,116.91000366210938,117.83999633789062,27221700.0,-0.000671937884775946,4.515005209971725e-07,0.0181648566170683,0,0.01817393721733129,0
2023-06-28,121.08000183105467,121.08000183105467,121.2699966430664,117.5999984741211,117.95999908447266,19753100.0,0.017243958131845902,0.00029735409205285443,0.0172429776553854,0,0.017246778020772992,0
2023-06-29,120.01000213623048,120.01000213623048,120.91000366210938,119.20999908447266,120.08999633789062,18517500.0,-0.008876408832415427,7.879063376018261e-05,0.0172722734508754,0,0.017275490738674647,0
2023-06-30,120.97000122070312,120.97000122070312,122.02999877929688,120.87999725341795,121.0999984741211,23865800.0,0.007967500618927035,6.34810661126027e-05,0.0166840384204469,0,0.01668424159719769,0
2023-07-03,120.55999755859376,120.55999755859376,121.0199966430664,119.70500183105467,120.31999969482422,13888300.0,-0.0033950569950238997,1.152641199946071e-05,0.0161283137355817,0,0.01612611943811799,0
2023-07-05,122.62999725341795,122.62999725341795,123.37000274658205,120.05999755859376,120.05999755859376,17830300.0,0.017024135308934554,0.00028982118301691223,0.0154867590582047,0,0.015482168711303434,0
2023-07-06,120.93000030517578,120.93000030517578,121.1500015258789,119.25,120.63999938964844,17732500.0,-0.013959801055867171,0.00019487604551939017,0.0157852349403248,0,0.015782813883097532,0
2023-07-07,120.13999938964844,120.13999938964844,121.75,120.08999633789062,120.88999938964844,20982400.0,-0.006554143979078472,4.2956803298490585e-05,0.0157486412896177,0,0.01574654663504586,0
2023-07-10,116.87000274658205,116.87000274658205,119.06999969482422,116.63999938964844,119.06999969482422,32960100.0,-0.027595494895441375,0.000761511338524331,0.0152521479065929,0,0.01524834094367697,0
2023-07-11,117.70999908447266,117.70999908447266,118.2249984741211,115.83000183105467,116.76000213623048,18286600.0,0.007161735200329981,5.129045107964551e-05,0.0169648601699637,0,0.016968865086008825,0
2023-07-12,119.62000274658205,119.62000274658205,120.95999908447266,119.0,119.3000030517578,22059600.0,0.016096109930736027,0.00025908475490233896,0.0163382562810017,0,0.016339040781991557,0
2023-07-13,124.83000183105467,124.83000183105467,125.33499908447266,121.05999755859376,121.54000091552734,31535900.0,0.04263275175404194,0.0018175515221217663,0.0164031505975801,0,0.01640409472229,0
2023-07-14,125.6999969482422,125.6999969482422,127.08999633789062,124.9000015258789,125.12999725341795,20482800.0,0.006945264986750589,4.8236705736183655e-05,0.0204809193589082,0,0.02049689421601936,0
2023-07-17,125.05999755859376,125.05999755859376,127.27999877929688,124.5,126.05999755859376,20675300.0,-0.005104488700824194,2.6055804896841866e-05,0.0194168211400539,0,0.01942586209515423,0
2023-07-18,124.08000183105467,124.08000183105467,124.98999786376952,123.3000030517578,124.90499877929688,21071200.0,-0.007867068991939698,6.18907745239391e-05,0.018427553405828,0,0.01843099255258145,0
2023-07-19,122.77999877929688,122.77999877929688,125.47000122070312,122.47000122070312,124.79000091552734,22313800.0,-0.010532407568180708,0.00011093160918227026,0.0176533141770979,0,0.017652839277910427,0
2023-07-20,119.52999877929688,119.52999877929688,124.6999969482422,118.68499755859376,122.12000274658205,27541700.0,-0.026826750379787344,0.0007196745359394203,0.0171108788568532,0,0.01710805019493735,0
2023-07-21,120.30999755859376,120.30999755859376,121.3000030517578,119.06999969482422,120.87000274658205,56498100.0,0.00650434907543918,4.230655689516651e-05,0.0182847695040223,0,0.01828711184096925,0
2023-07-24,121.87999725341795,121.87999725341795,123.3499984741211,121.37999725341795,121.9260025024414,22276100.0,0.012965206829571084,0.00016809658813355668,0.0174767441311442,0,0.01747519451938795,0
2023-07-25,122.79000091552734,122.79000091552734,123.69000244140624,121.52999877929688,121.87999725341795,31820800.0,0.007438655046088004,5.533358889469052e-05,0.0171162313392319,0,0.017113277444554924,0
2023-07-26,129.66000366210938,129.66000366210938,131.3699951171875,128.7100067138672,130.36000061035156,46216900.0,0.054440081362327274,0.0029637224587368135,0.0164873706391843,0,0.0164820745094195,0
2023-07-27,129.8699951171875,129.8699951171875,133.60000610351562,129.17999267578125,131.8000030517578,35931600.0,0.001618244533514263,2.6187153702487944e-06,0.0229556322354823,0,0.022974349441975694,0
2023-07-28,133.00999450683594,133.00999450683594,134.07000732421875,130.9199981689453,130.97000122070312,26971000.0,0.023890359542019433,0.000570749279046959,0.0215389298424565,0,0.02154914635247335,0
2023-07-31,133.11000061035156,133.11000061035156,133.8300018310547,132.1300048828125,133.00999450683594,18381900.0,0.0007515865779212029,5.648823841113044e-07,0.0215606580078723,0,0.021568762062637834,0
2023-08-01,131.88999938964844,131.88999938964844,132.9199981689453,130.75,130.85499572753906,22154300.0,-0.009207621434183471,8.478029247523488e-05,0.0202990368666649,0,0.02030064155952711,0
2023-08-02,128.63999938964844,128.63999938964844,130.4199981689453,127.8499984741211,129.83999633789062,22705800.0,-0.024950436524053574,0.0006225242827408266,0.0193788992981627,0,0.01937620329584029,0
2023-08-03,128.77000427246094,128.77000427246094,129.77000427246094,127.7750015258789,128.3699951171875,15018100.0,0.0010100997786926529,1.0203015629149463e-06,0.0198684626791107,0,0.019867751339842768,0
2023-08-04,128.5399932861328,128.5399932861328,131.92999267578125,128.31500244140625,129.60000610351562,20509500.0,-0.001787812753296506,3.1962744408496336e-06,0.0187932554878187,0,0.018787915018081712,0
2023-08-07,131.94000244140625,131.94000244140625,132.05999755859375,129.42999267578125,129.50999450683594,17621000.0,0.026107204587233347,0.0006815861313596579,0.0178395888027506,0,0.017830707541339707,0
2023-08-08,131.83999633789062,131.83999633789062,131.94000244140625,130.1300048828125,130.97999572753906,16836000.0,-0.0007582539143980168,5.749489986999149e-07,0.0187536801620089,0,0.018749846614199973,0
2023-08-09,130.14999389648438,130.14999389648438,132.47000122070312,129.5050048828125,132.19000244140625,17745200.0,-0.012901453839675435,0.00016644751117727603,0.0177994418167526,0,0.017791942917728377,0
2023-08-10,130.2100067138672,130.2100067138672,132.64700317382812,130.03500366210938,131.97000122070312,17855700.0,0.0004609987579117838,2.1251985479620745e-07,0.0173969384394695,0,0.01738868879945933,0
2023-08-11,130.1699981689453,130.1699981689453,130.44000244140625,128.75,129.20199584960938,15191500.0,-0.00030730889074787526,9.443875433268954e-08,0.0165895561466349,0,0.016578878547368052,0
2023-08-14,131.8300018310547,131.8300018310547,131.91000366210938,129.58999633789062,129.85000610351562,17526200.0,0.01267195324766524,0.00016057839911101364,0.015870936760186,0,0.01585857127131836,0
2023-08-15,130.27000427246094,130.27000427246094,131.99000549316406,129.81900024414062,131.58999633789062,14769200.0,-0.011903975152953434,0.00014170462444213272,0.0157194983409948,0,0.01570842284022737,0
2023-08-16,129.11000061035156,129.11000061035156,130.8979949951172,128.4600067138672,129.27999877929688,17548400.0,-0.008944493592435952,8.00039656251278e-05,0.0155340312572344,0,0.015523927145699832,0
2023-08-17,130.4600067138672,130.4600067138672,132.49099731445312,129.85000610351562,130.4499969482422,23665600.0,0.010401958916977282,0.00010820074931048318,0.0151868463448356,0,0.015176864142351922,0
2023-08-18,128.11000061035156,128.11000061035156,129.8300018310547,127.0,129.05999755859375,23619400.0,-0.018177443198361204,0.000330419441229648,0.014975275182561,0,0.01496607096604253,0
2023-08-21,128.92999267578125,128.92999267578125,129.25999450683594,127.16000366210938,127.8499984741211,21851100.0,0.0063802899824096475,4.07081002596369e-05,0.0154812507155835,0,0.0154758925051684,0
2023-08-22,129.69000244140625,129.69000244140625,130.9499969482422,128.9250030517578,129.1300048828125,15569400.0,0.0058774415575590395,3.4544319262522025e-05,0.0150216021909482,0,0.015015252841100078,0
2023-08-23,133.2100067138672,133.2100067138672,134.07000732421875,130.50999450683594,130.85000610351562,26497000.0,0.02677987459140642,0.0007171616831314552,0.0146011461071472,0,0.01459417398006232,0
2023-08-24,130.4199981689453,130.4199981689453,134.97000122070312,130.3000030517578,134.7270050048828,18680400.0,-0.021166882838615647,0.0004480369291036816,0.0163178780753084,0,0.016319181355884293,0
2023-08-25,130.69000244140625,130.69000244140625,131.39999389648438,128.0399932861328,130.13999938964844,20678100.0,0.0020681273644610875,4.277150795632764e-06,0.0169125558033851,0,0.016915952377376874,0
2023-08-28,131.7899932861328,131.7899932861328,133.24000549316406,130.85000610351562,132.0800018310547,16715500.0,0.008381570422279699,7.025072274363389e-05,0.0161708038854311,0,0.01617072436437808,0
2023-08-29,135.49000549316406,135.49000549316406,137.2949981689453,132.97999572753906,132.9980010986328,30803300.0,0.027688181689167646,0.0007666354052523585,0.0157136686203968,0,0.015711815726891853,0
2023-08-30,136.92999267578125,136.92999267578125,137.25,135.02099609375,135.57000732421875,21773400.0,0.010571915454072984,0.00011176539636806718,0.017295390839414,0,0.017299970086080026,0
2023-08-31,137.35000610351562,137.35000610351562,138.39999389648438,136.82000732421875,137.0500030517578,28147900.0,0.0030626641236037033,9.37991153400924e-06,0.0168094017390823,0,0.016811315419968876,0
2023-09-01,136.8000030517578,136.8000030517578,138.5800018310547,135.94000244140625,138.42999267578125,16665700.0,-0.004012429482342872,1.6099590350774287e-05,0.0160971696005923,0,0.016095958238511402,0
2023-09-05,136.7100067138672,136.7100067138672,137.3699951171875,135.55999755859375,136.44000244140625,17730200.0,-0.0006580844424353912,4.3307513337549975e-07,0.0154903035532213,0,0.015486876706522481,0
2023-09-06,135.3699951171875,135.3699951171875,137.47999572753906,134.69000244140625,137.01499938964844,15814300.0,-0.009850208926614064,9.702661589794739e-05,0.0149087392619364,0,0.014903551570899985,0
2023-09-07,136.1999969482422,136.1999969482422,136.5800018310547,133.9600067138672,134.60000610351562,16976000.0,0.006112637181395118,3.7364333311374056e-05,0.0147044605160075,0,0.014699422102937955,0
2023-09-08,137.1999969482422,137.1999969482422,137.51499938964844,135.8699951171875,135.8699951171875,17810700.0,0.007315321739685146,5.3513932155110114e-05,0.0143375576499749,0,0.01433198390750702,0
2023-09-11,137.74000549316406,137.74000549316406,138.26400756835938,136.5500030517578,137.3800048828125,17180800.0,0.003928196948573742,1.543073126678406e-05,0.0140722028209046,0,0.01406665741456765,0
2023-09-12,136.07000732421875,136.07000732421875,137.63999938964844,135.92999267578125,137.1300048828125,15212900.0,-0.01219837696761529,0.0001488004006440472,0.0137144485546826,0,0.013708569295136135,0
2023-09-13,137.5,137.5,137.6999969482422,134.92999267578125,135.89999389648438,16394900.0,0.01045440407701574,0.00010929456460552332,0.0138600430461682,0,0.013856089316857492,0
2023-09-14,138.99000549316406,138.99000549316406,139.5500030517578,137.05999755859375,138.38999938964844,19064600.0,0.010778110512049155,0.0001161676662099445,0.0138498076772281,0,0.013846800798685048,0
2023-09-15,138.3000030517578,138.3000030517578,139.36000061035156,137.17999267578125,138.8000030517578,48947600.0,-0.004976766881745806,2.4768208595241876e-05,0.0138642242265574,0,0.013862118889074985,0
2023-09-18,138.9600067138672,138.9600067138672,139.92999267578125,137.6300048828125,137.6300048828125,16233600.0,0.004760909511025508,2.2666259372173143e-05,0.0135657988881286,0,0.013563186006587524,0
2023-09-19,138.8300018310547,138.8300018310547,139.1750030517578,137.5,138.25,15479100.0,-0.0009359940120578434,8.760847906081384e-07,0.0132999019409214,0,0.013297036900260512,0
2023-09-20,134.58999633789062,134.58999633789062,138.83999633789062,134.52000427246094,138.8300018310547,21473500.0,-0.031017083199644954,0.0009620594502136973,0.0129914221351852,0,0.01298821179232976,0
2023-09-21,131.36000061035156,131.36000061035156,133.19000244140625,131.08999633789062,132.38999938964844,22042700.0,-0.024291442685730334,0.0005900741877541217,0.015854666022261,0,0.01586295768041332,0
2023-09-22,131.25,131.25,133.00999450683594,130.50999450683594,131.67999267578125,17348700.0,-0.0008377488787884603,7.018231839113224e-07,0.0169343879488336,0,0.016945225323095437,0
2023-09-25,132.1699981689453,132.1699981689453,132.22000122070312,130.02999877929688,130.77000427246094,14650000.0,0.006985057444197656,4.879102749874109e-05,0.0161728923380585,0,0.016179258654037975,0
2023-09-26,129.4499969482422,129.4499969482422,131.40499877929688,128.19000244140625,130.91400146484375,20378800.0,-0.020794276293184078,0.00043240192655727736,0.01564980496184,0,0.015653298643579675,0
2023-09-27,131.4600067138672,131.4600067138672,131.72000122070312,129.3800048828125,129.44000244140625,18764200.0,0.015407991284241383,0.00023740619541525842,0.0163211930937527,0,0.01632668314788801,0
2023-09-28,133.1300048828125,133.1300048828125,134.17999267578125,130.69000244140625,130.69000244140625,18201400.0,0.012623457213863236,0.00015935167203023575,0.016324034851903,0,0.016328686242372232,0
2023-09-29,131.85000610351562,131.85000610351562,134.88999938964844,131.32000732421875,134.0800018310547,23224200.0,-0.009661172030198175,9.333824499708353e-05,0.0161036454703464,0,0.016106769531038987,0
2023-10-02,135.1699981689453,135.1699981689453,135.36000061035156,132.06500244140625,132.15499877929688,19210400.0,0.02486827285877345,0.0006184309949784081,0.0157227397551499,0,0.015723983320365106,0
2023-10-03,133.3000030517578,133.3000030517578,135.24000549316406,132.81500244140625,134.92999267578125,19628700.0,-0.013930981870856757,0.0001940722558861396,0.0168955282401799,0,0.016900977451770712,0
2023-10-04,136.27000427246094,136.27000427246094,136.57000732421875,133.42999267578125,133.66000366210938,22848000.0,0.02203599303606825,0.0004855849890856484,0.0166907637517991,0,0.016694551217638524,0
2023-10-05,135.99000549316406,135.99000549316406,136.5,134.4550018310547,136.1300048828125,15922900.0,-0.0020568490998889555,4.230628219714006e-06,0.0173139537801213,0,0.017319371726653696,0
2023-10-06,138.72999572753906,138.72999572753906,139.18600463867188,134.94000244140625,134.94000244140625,20819300.0,0.01994817328093406,0.00039792961724617154,0.0165262679145113,0,0.016527808895994943,0
2023-10-09,139.5,139.5,139.97000122070312,136.6999969482422,137.99000549316406,16599100.0,0.005535033965737129,3.063660100186369e-05,0.0169406703912123,0,0.016943500984391423,0
2023-10-10,139.1999969482422,139.1999969482422,140.74000549316406,138.42999267578125,139.50999450683594,19554900.0,-0.002152875284648769,4.634871991251517e-06,0.0162733534133768,0,0.016273135442977697,0
2023-10-11,141.6999969482422,141.6999969482422,142.22000122070312,139.83999633789062,139.85000610351562,20146300.0,0.017800399183110667,0.0003168542110780869,0.0156118939145895,0,0.015609103492505756,0
2023-10-12,140.2899932861328,140.2899932861328,142.3800048828125,139.4499969482422,142.16000366210938,18173100.0,-0.01000046428626409,0.00010000928594084352,0.0159564710929522,0,0.015955581895247282,0
2023-10-13,138.5800018310547,138.5800018310547,141.33999633789062,137.97000122070312,140.64999389648438,19438700.0,-0.012263871461403512,0.0001504025432218275,0.0156162806621887,0,0.015614238035272423,0
2023-10-16,140.49000549316406,140.49000549316406,140.90499877929688,139.32000732421875,139.72999572753906,17345600.0,0.013688561551380842,0.0001873767173459419,0.0154729516484119,0,0.015470752719800827,0
2023-10-17,140.99000549316406,140.99000549316406,141.25,138.5290069580078,140.02999877929688,17424000.0,0.0035526538750473057,1.2621349555888638e-05,0.0154608940644064,0,0.015459107683445973,0
2023-10-18,139.27999877929688,139.27999877929688,141.99000549316406,138.7050018310547,140.75,18304900.0,-0.012202718143091037,0.00014890633007972316,0.0149216568416971,0,0.014918091515076408,0
2023-10-19,138.97999572753906,138.97999572753906,141.0050048828125,138.60000610351562,139.8000030517578,21831200.0,-0.0021562795509230074,4.649541501728727e-06,0.0148766861842127,0,0.014873688540702656,0
2023-10-20,136.74000549316406,136.74000549316406,139.0399932861328,136.2449951171875,138.58999633789062,24953900.0,-0.016248654486653927,0.0002640187726266588,0.0143840437145058,0,0.014379690264325097,0
2023-10-23,137.89999389648438,137.89999389648438,139.02000427246094,135.11000061035156,136.22999572753906,20780700.0,0.008447387880833754,7.135836200925698e-05,0.0147845608560941,0,0.014782789521810436,0
2023-10-24,140.1199951171875,140.1199951171875,140.7100067138672,138.75,139.16000366210938,26535200.0,0.015970422943114244,0.00025505440898194987,0.0145164828431261,0,0.014514134469282671,0
2023-10-25,126.66999816894533,126.66999816894533,130.10000610351562,126.08999633789062,129.77000427246094,58796100.0,-0.10091389844169579,0.010183614898700892,0.0148655567293763,0,0.014865210183821998,0
2023-10-26,123.44000244140624,123.44000244140624,125.45999908447266,122.31999969482422,124.47000122070312,33907400.0,-0.025830037207241134,0.0006671908221274614,0.0339482577776577,0,0.03400656981247561,0
2023-10-27,123.4000015258789,123.4000015258789,124.44000244140624,121.45999908447266,124.02999877929688,37367700.0,-0.00032410399639094047,1.0504340047657875e-07,0.0324279492900404,0,0.03247054672735459,0
2023-10-30,125.75,125.75,126.5500030517578,123.87999725341795,124.45999908447266,24165600.0,0.01886468514325409,0.00035587634555411167,0.0300651718952273,0,0.03009185520565619,0
2023-10-31,125.3000030517578,125.3000030517578,126.55999755859376,123.9250030517578,126.2699966430664,21123400.0,-0.0035849227222173492,1.285167092427025e-05,0.0285560293551173,0,0.028571947799862222,0
2023-11-01,127.56999969482422,127.56999969482422,127.73999786376952,124.9250030517578,125.33999633789062,26536600.0,0.01795434490034527,0.00032235850080055426,0.0266412205523521,0,0.02664632119535117,0
2023-11-02,128.5800018310547,128.5800018310547,130.08999633789062,128.11000061035156,129.55999755859375,24091700.0,0.007886061796151062,6.21899706527133e-05,0.0254863642475566,0,0.025484958399835177,0
2023-11-03,130.3699951171875,130.3699951171875,130.72999572753906,129.00999450683594,129.08999633789062,19517900.0,0.013825231267061346,0.00019113701958773066,0.0239790986242404,0,0.023970430183992256,0
2023-11-06,131.4499969482422,131.4499969482422,131.55999755859375,129.92999267578125,130.22000122070312,15360400.0,0.008250003738589848,6.806256168674647e-05,0.0228839092936037,0,0.02287064790042921,0
2023-11-07,132.39999389648438,132.39999389648438,133.27999877929688,131.13999938964844,131.97999572753906,19223800.0,0.007201069444067444,5.185540113828181e-05,0.0216538424405583,0,0.021635763113097325,0
2023-11-08,133.25999450683594,133.25999450683594,133.5399932861328,132.16000366210938,132.36000061035156,15093600.0,0.006474468509141759,4.191874247586831e-05,0.0205133849995276,0,0.020491379103064897,0
2023-11-09,131.69000244140625,131.69000244140625,133.9600067138672,131.50999450683594,133.36000061035156,17976500.0,-0.011851371651818857,0.00014045501002953563,0.0194654940203136,0,0.019440414008601657,0
2023-11-10,134.05999755859375,134.05999755859375,134.27000427246094,130.8699951171875,131.52999877929688,20872900.0,0.017836748457347004,0.0003181495955306707,0.0187734224386914,0,0.01874777878647221,0
2023-11-13,133.63999938964844,133.63999938964844,134.11000061035156,132.77000427246094,133.36000061035156,16409900.0,-0.003137829797092677,9.845975835522671e-06,0.018620399516012,0,0.018597663582558994,0
2023-11-14,135.42999267578125,135.42999267578125,137.24000549316406,135.10000610351562,135.64999389648438,22317300.0,0.01330523466464154,0.0001770292694811789,0.017694137701624,0,0.017669282696054948,0
2023-11-15,136.3800048828125,136.3800048828125,136.83999633789062,135.3300018310547,136.63999938964844,15840900.0,0.006990295309436578,4.8864228513131017e-05,0.0173281466741126,0,0.017304931168363704,0
2023-11-16,138.6999969482422,138.6999969482422,138.8800048828125,136.0800018310547,136.9600067138672,17615100.0,0.016868162422704412,0.0002845349035187372,0.0166551210269436,0,0.01663153201566114,0
2023-11-17,136.94000244140625,136.94000244140625,138.0,135.47999572753906,137.82000732421875,25565300.0,-0.012770413796997624,0.00016308346854654727,0.0167447070881841,0,0.016725435803836793,0
2023-11-20,137.9199981689453,137.9199981689453,138.4250030517578,135.49000549316406,135.5,19569400.0,0.0071309021179659215,5.084976501601087e-05,0.0164778381101508,0,0.016460180997483028,0
2023-11-21,138.6199951171875,138.6199951171875,138.96499633789062,137.7050018310547,137.94000244140625,17648100.0,0.005062547626219163,2.562938846773728e-05,0.0159232415300123,0,0.015905421783850095,0
2023-11-22,140.02000427246094,140.02000427246094,141.10000610351562,139.0,139.10000610351562,17306400.0,0.010048958796876636,0.00010098157290132432,0.0153619037033098,0,0.015343989039121287,0
2023-11-24,138.22000122070312,138.22000122070312,139.677001953125,137.47000122070312,139.5399932861328,8828600.0,-0.012938672567426483,0.0001674092478070746,0.0151096206510861,0,0.01509344168241738,0
2023-11-27,138.0500030517578,138.0500030517578,139.6300048828125,137.5399932861328,137.57000732421875,17886400.0,-0.0012306670125029604,1.5145412956629617e-06,0.0151047217672138,0,0.01509139982499794,0
2023-11-28,138.6199951171875,138.6199951171875,138.66000366210938,137.0399932861328,137.6300048828125,17046900.0,0.004120380783052656,1.6977537797349616e-05,0.0145748097037326,0,0.014561129489252282,0
2023-11-29,136.39999389648438,136.39999389648438,139.6699981689453,136.2949981689453,138.98500061035156,21014700.0,-0.016144640603214806,0.00026064942020697214,0.0141635490320019,0,0.014150282556029386,0
2023-11-30,133.9199981689453,133.9199981689453,136.9600067138672,132.7899932861328,136.39999389648438,29913500.0,-0.018349107593763687,0.0003366897494875162,0.0146213357582482,0,0.014612970372014924,0
2023-12-01,133.32000732421875,133.32000732421875,133.5,132.15199279785156,133.32000732421875,24258400.0,-0.004490284691743278,2.0162656612904024e-05,0.0152285701399712,0,0.015224811059108698,0
2023-12-04,130.6300048828125,130.6300048828125,131.4499969482422,129.39999389648438,131.29400634765625,24117100.0,-0.020383371499248536,0.0004154818336763775,0.0147479243719892,0,0.014742697782822304,0
2023-12-05,132.38999938964844,132.38999938964844,133.5399932861328,129.72999572753906,130.3699951171875,19235100.0,0.013383170461888102,0.0001791092516119542,0.0155675357819989,0,0.015567264581679894,0
2023-12-06,131.42999267578125,131.42999267578125,133.30999755859375,131.30999755859375,132.89999389648438,16360600.0,-0.007277772572541707,5.296597361764033e-05,0.015528278892951,0,0.015528034208738616,0
2023-12-07,138.4499969482422,138.4499969482422,140.0,136.22999572753906,136.60000610351562,38419400.0,0.05203489280789115,0.002707630069528722,0.0151106526476842,0,0.015108685419583583,0
2023-12-08,136.63999938964844,136.63999938964844,137.99000549316406,135.57000732421875,135.66000366210938,22990900.0,-0.013159502001259543,0.0001731724929211539,0.0215577351763851,0,0.02158301155723662,0
2023-12-11,134.6999969482422,134.6999969482422,134.7899932861328,132.88999938964844,133.82000732421875,24502900.0,-0.01429966481304311,0.00020448041376538325,0.020659874951825,0,0.0206768169258375,0
2023-12-12,133.63999938964844,133.63999938964844,134.5399932861328,132.8300018310547,133.27000427246094,26584000.0,-0.007900447838934527,6.241707605572524e-05,0.0199595078540348,0,0.019970302670009644,0
2023-12-13,133.97000122070312,133.97000122070312,134.77999877929688,132.9499969482422,134.5449981689453,25414500.0,0.002466290479235773,6.082588727969019e-06,0.0190125446570021,0,0.019017065918043273,0
2023-12-14,133.1999969482422,133.1999969482422,135.03500366210938,131.05999755859375,134.77000427246094,29619100.0,-0.005764168205465428,3.322563510089853e-05,0.018040982426227,0,0.018040023058035683,0
2023-12-15,133.83999633789062,133.83999633789062,134.8300018310547,132.6300048828125,132.9199981689453,58569400.0,0.004793294121529001,2.297566853548448e-05,0.0172561795505458,0,0.017251403333645512,0
2023-12-18,137.19000244140625,137.19000244140625,138.3800048828125,133.77000427246094,133.86000061035156,25699800.0,0.024721814817153753,0.0006111681278536429,0.0165380458394445,0,0.016530317515859122,0
2023-12-19,138.10000610351562,138.10000610351562,138.77000427246094,137.4499969482422,138.0,20661000.0,0.006611260477716602,4.370876510421755e-05,0.0175229644349218,0,0.017521375090245362,0
2023-12-20,139.66000366210938,139.66000366210938,143.0780029296875,139.41000366210938,140.3300018310547,33507300.0,0.01123281902790081,0.0001261762233135705,0.0168308588395562,0,0.016826064114897444,0
2023-12-21,141.8000030517578,141.8000030517578,142.02999877929688,140.47300720214844,140.77000427246094,18101500.0,0.01520671198009707,0.00023124408924562778,0.0164558284662729,0,0.016449916201735807,0
2023-12-22,142.72000122070312,142.72000122070312,143.25,142.05499267578125,142.1300048828125,18494700.0,0.006467041765240865,4.182262919336969e-05,0.0164285675473955,0,0.016423500417663158,0
2023-12-26,142.82000732421875,142.82000732421875,143.94500732421875,142.5,142.97999572753906,11170100.0,0.0007004700189953696,4.906582475113736e-07,0.0158677813423816,0,0.015860738884925188,0
2023-12-27,141.44000244140625,141.44000244140625,143.32000732421875,141.05099487304688,142.8300018310547,17288400.0,-0.009709531253420617,9.427499716115173e-05,0.0152543223319333,0,0.015245339972236437,0
2023-12-28,141.27999877929688,141.27999877929688,142.27000427246094,140.8280029296875,141.85000610351562,12192500.0,-0.0011318879350677698,1.2811702975519799e-06,0.0150065415455084,0,0.014997901279735998,0
2023-12-29,140.92999267578125,140.92999267578125,141.43499755859375,139.89999389648438,140.67999267578125,14872700.0,-0.0024804669825354885,6.1527164514487115e-06,0.0145011920642036,0,0.014491509333291264,0
