Date,Open,High,Low,Close,Dunno,LogReturn,SquaredReturn,Close_RVOL,Open_VIX,High_VIX,Low_VIX,Close_VIX,NextDayTradingDay,Volatility,Mean
2021-12-31,4775.21,4786.8301,4765.75,4766.1802,2446190000.0,-0.0026296333792205826,6.91497170911106e-06,16.59,17.63,18.27,16.99,17.22,False,0.0082771685,0.0
2022-01-03,4778.1401,4796.6401,4758.1699,4796.5601,2775190000.0,0.006353827721501595,4.0371126714522146e-05,15.94,17.6,18.54,16.56,16.6,True,0.009605393,0.0
2022-01-04,4804.5098,4818.6201,4774.27,4793.54,3641050000.0,-0.0006298370336797239,3.9669468899447364e-07,15.67,16.57,17.81,16.34,16.91,True,0.007975532,0.0
2022-01-05,4787.9902,4797.7002,4699.4399,4700.5801,3733540000.0,-0.019583251501832124,0.0003835037393840101,16.5,17.07,20.17,16.58,19.73,True,0.009713439,0.0
2022-01-06,4693.3901,4725.0098,4671.2598,4696.0498,3371250000.0,-0.0009642393920414291,9.297576051644249e-07,14.93,20.29,21.06,19.08,19.61,True,0.010224665,0.0
2022-01-07,4697.6602,4707.9502,4662.7402,4677.0298,3279870000.0,-0.004058436910401298,1.6470910155707633e-05,14.97,19.85,20.8,18.57,18.76,False,0.013822798,0.0
2022-01-10,4655.3398,4673.02,4582.2402,4670.29,3621800000.0,-0.001442082075336308,2.079600712006273e-06,14.78,19.58,23.33,19.29,19.4,True,0.012375208,0.0
2022-01-11,4669.1401,4714.1299,4638.27,4713.0698,3421600000.0,0.009118289677805012,8.314320664836543e-05,14.78,19.62,21.0,18.2,18.41,True,0.011017685,0.0
2022-01-12,4728.5898,4748.8301,4706.71,4726.3501,3060040000.0,0.0028137976491929336,7.917457210603679e-06,14.49,18.17,18.69,17.36,17.62,True,0.009553028,0.0
2022-01-13,4733.5601,4744.1299,4650.29,4659.0298,3539830000.0,-0.01434602654427307,0.00020580847760898755,15.05,18.06,20.61,17.45,20.31,True,0.009039999,0.0
2022-01-14,4637.9902,4665.1299,4614.75,4662.8501,3483530000.0,0.0008196415862162241,6.718123298550479e-07,14.1,20.11,22.07,19.05,19.19,False,0.010093129,0.0
2022-01-18,4632.2402,4632.2402,4568.7002,4577.1099,3324960000.0,-0.018559097878394968,0.0003444401140598446,15.07,21.18,23.2,21.18,22.79,True,0.010336121,0.0
2022-01-19,4588.0298,4611.5498,4530.2002,4532.7598,3387370000.0,-0.009736791380036821,9.480510637835935e-05,15.07,23.12,23.99,21.85,23.85,True,0.009149469,0.0
2022-01-20,4547.3501,4602.1099,4477.9502,4482.73,3473060000.0,-0.011098745531011806,0.00012318215236215452,15.13,23.46,25.89,21.68,25.59,True,0.01432815,0.0
2022-01-21,4471.3799,4494.52,4395.3398,4397.9399,3945810000.0,-0.019096009096553658,0.00036465756341566005,15.41,25.38,29.79,25.31,28.85,False,0.013677886,0.0
2022-01-24,4356.3198,4417.3501,4222.6201,4410.1299,5172540000.0,0.002767918070466212,7.6613704448134e-06,15.11,28.2,38.94,28.02,29.9,True,0.016870568,0.0
2022-01-25,4366.6401,4411.0098,4287.1099,4356.4502,3989420000.0,-0.012246593378153049,0.0001499790493698221,15.56,32.29,35.85,29.13,31.16,True,0.017557189,0.0
2022-01-26,4408.4302,4453.23,4304.7998,4349.9302,4046270000.0,-0.0014977524342583354,2.2432623543267694e-06,14.81,29.35,33.04,26.9,31.96,True,0.016689401,0.0
2022-01-27,4380.5801,4428.7402,4309.5,4326.5098,4074330000.0,-0.005398632822385761,2.9145236350940843e-05,14.88,32.19,33.0,28.42,30.49,True,0.019958822,0.0
2022-01-28,4336.1899,4432.7202,4292.46,4431.8501,3936030000.0,0.024055960498375634,0.0005786892354994089,17.08,30.27,32.82,27.28,27.66,False,0.015707651,0.0
2022-01-31,4431.79,4516.8901,4414.02,4515.5498,4001950000.0,0.018709824656062555,0.0003500575386606063,18.12,28.36,29.41,24.71,24.83,True,0.01176303,0.0
2022-02-01,4519.5698,4550.4902,4483.5298,4546.54,3796450000.0,0.006839552794698399,4.6779482431466676e-05,18.23,24.57,25.33,21.96,21.96,True,0.009136457,0.0
2022-02-02,4566.3901,4595.3101,4544.3198,4589.3799,3777170000.0,0.009378412785082162,8.795462636739254e-05,18.43,21.56,22.73,20.46,22.09,True,0.007843125,0.0
2022-02-03,4535.4102,4542.8799,4470.3901,4477.4399,3596830000.0,-0.024693484712930994,0.0006097681872677566,20.1,22.63,25.81,22.3,24.35,True,0.006985447,0.0
2022-02-04,4482.79,4539.6602,4451.5,4500.5298,3673700000.0,0.005143690985837567,2.6457556957786644e-05,19.03,23.77,26.26,22.07,23.22,False,0.008858359,0.0
2022-02-07,4505.75,4521.8599,4471.4702,4483.8701,3291600000.0,-0.0037085880592355146,1.375362539310424e-05,19.06,24.09,24.82,22.02,22.86,True,0.009283181,0.0
2022-02-08,4480.02,4531.3198,4465.3999,4521.54,3509330000.0,0.008366108660616054,6.999177412123494e-05,19.22,23.09,23.48,21.32,21.44,True,0.009016786,0.0
2022-02-09,4547.0,4590.0298,4547.0,4587.1802,3662810000.0,0.01441285599812677,0.00020773041802273878,19.85,21.27,21.3,19.93,19.96,True,0.0084852595,0.0
2022-02-10,4553.2402,4588.9199,4484.3101,4504.0801,4490500000.0,-0.018281824908007893,0.0003342251219670578,20.59,20.37,24.77,20.18,23.91,True,0.008419745,0.0
2022-02-11,4506.27,4526.3301,4401.4102,4418.6401,4164960000.0,-0.01915169580476044,0.0003667874521980786,21.69,24.39,30.99,23.33,27.36,False,0.011471431,0.0
2022-02-14,4412.6099,4426.2202,4364.8398,4401.6699,3466170000.0,-0.003847987415366838,1.4807007148821558e-05,21.21,29.17,32.04,28.33,28.33,True,0.020157516,0.0
2022-02-15,4429.2798,4472.77,4429.2798,4471.0698,3363200000.0,0.015643717199000595,0.00024472588780230704,21.88,28.09,28.09,25.33,25.7,True,0.01755571,0.0
2022-02-16,4455.75,4489.5498,4429.6802,4475.0098,3478750000.0,0.0008808328185996869,7.758664543222689e-07,21.02,25.19,27.09,23.88,24.29,True,0.014948922,0.0
2022-02-17,4456.0601,4456.0601,4373.8101,4380.2598,3596510000.0,-0.02140050397077605,0.00045798157020320154,22.01,24.83,28.37,24.76,28.11,True,0.0134685775,0.0
2022-02-18,4384.5698,4394.6001,4327.2202,4348.8701,3871340000.0,-0.007191973463750329,5.17244823032889e-05,21.78,26.66,29.71,26.38,27.75,False,0.016022842,0.0
2022-02-22,4332.7402,4362.1201,4267.1099,4304.7598,4007780000.0,-0.010194723497493289,0.0001039323871903418,21.03,31.8,32.04,28.4,28.81,True,0.0251463,0.0
2022-02-23,4324.9302,4341.5098,4221.5098,4225.5,3814340000.0,-0.018583743734135204,0.00034535553117600947,21.88,28.04,31.07,27.2,31.02,True,0.016384855,0.0
2022-02-24,4155.77,4294.73,4114.6499,4288.7002,5070560000.0,0.014846106345712727,0.00022040687362821171,21.97,37.5,37.79,29.45,30.32,True,0.01585113,0.0
2022-02-25,4298.3799,4385.3398,4286.8301,4384.6499,3941780000.0,0.022126078923741972,0.0004895633685396587,23.29,31.68,32.0,26.93,27.59,False,0.014053056,0.0
2022-02-28,4354.1699,4388.8398,4315.1201,4373.9399,4594010000.0,-0.0024456003951703748,5.9809612928574936e-06,23.25,32.44,33.51,28.43,30.15,True,0.014487544,0.0
2022-03-01,4363.1401,4378.4502,4279.54,4306.2598,4679400000.0,-0.015594450337468245,0.00024318688132776348,22.31,29.45,35.19,29.44,33.32,True,0.01740804,0.0
2022-03-02,4322.5601,4401.48,4322.5601,4386.54,4409090000.0,0.018471029893004472,0.0003411789453082648,22.32,34.2,34.41,30.12,30.74,True,0.01744744,0.0
2022-03-03,4401.3101,4416.7798,4345.5601,4363.4902,4062080000.0,-0.005268519717031241,2.7757300008746946e-05,22.26,30.52,32.01,29.31,30.48,True,0.016016435,0.0
2022-03-04,4342.1201,4342.1201,4284.98,4328.8701,4558250000.0,-0.007965680635569444,6.345206798788602e-05,22.18,31.9,34.65,31.47,31.98,False,0.015294434,0.0
2022-03-07,4327.0098,4327.0098,4199.8501,4201.0898,5506330000.0,-0.02996259325794548,0.00089775699474108,23.08,35.88,36.55,32.59,36.45,True,0.015544089,0.0
2022-03-08,4202.6602,4276.9399,4157.8701,4170.7002,6237000000.0,-0.00726003243782159,5.2708070998221704e-05,23.19,36.19,37.52,32.78,35.13,True,0.01590439,0.0
2022-03-09,4223.1001,4299.3999,4223.1001,4277.8799,4220180000.0,0.02537360101599016,0.0006438196285186568,26.39,33.74,34.12,31.39,32.45,True,0.022595918,0.0
2022-03-10,4252.5498,4268.2798,4209.7998,4259.52,4008690000.0,-0.004301058523325394,1.849910442107002e-05,24.71,33.03,34.03,30.23,30.23,True,0.015890324,0.0
2022-03-11,4279.5,4291.0098,4200.4902,4204.3101,3877430000.0,-0.013046264499396922,0.00017020501738822442,24.67,30.43,31.04,28.84,30.75,False,0.014748278,0.0
2022-03-14,4202.75,4247.5698,4161.7202,4173.1099,4757600000.0,-0.007448676145163794,5.548277631553215e-05,23.96,31.03,33.18,30.06,31.77,True,0.015904576,0.0
2022-03-15,4188.8198,4271.0498,4187.8999,4262.4502,4331170000.0,0.021182622024970933,0.00044870347585278367,24.12,33.13,33.83,29.57,29.83,True,0.016385108,0.0
2022-03-16,4288.1401,4358.8999,4251.9902,4357.8599,5002240000.0,0.022136928974541403,0.0004900436244238906,25.32,29.02,29.8,26.29,26.67,True,0.013133079,0.0
2022-03-17,4345.1099,4412.6699,4335.6499,4411.6699,4174170000.0,0.012272191684392812,0.00015060668873848008,25.19,26.51,27.47,25.25,25.67,True,0.009764371,0.0
2022-03-18,4407.3398,4465.3999,4390.5698,4463.1201,6681510000.0,0.011594815519322477,0.00013443974692712137,25.36,26.36,26.82,23.85,23.87,False,0.008921633,0.0
2022-03-21,4462.3999,4481.75,4424.2998,4461.1802,3961050000.0,-0.0004347455745195577,1.890037145643403e-07,24.24,25.14,25.36,22.99,23.53,True,0.010060712,0.0
2022-03-22,4469.1001,4522.0,4469.1001,4511.6099,3962880000.0,0.011240702264022406,0.00012635338738839846,24.46,24.02,24.02,22.7,22.94,True,0.011949671,0.0
2022-03-23,4493.1001,4501.0698,4455.8101,4456.2402,4014360000.0,-0.012348646105121793,0.00015248906062953962,24.63,23.04,24.03,22.64,23.57,True,0.0096549615,0.0
2022-03-24,4469.98,4520.5801,4465.1699,4520.1602,3573430000.0,0.0142420296743806,0.00020283540924593757,24.37,23.61,23.79,21.49,21.67,True,0.0105399685,0.0
2022-03-25,4522.9102,4546.0298,4501.0698,4543.0601,3577520000.0,0.00505338013955333,2.5536650834832036e-05,23.97,21.87,22.86,20.8,20.81,False,0.00996285,0.0
2022-03-28,4541.0898,4575.6499,4517.6899,4575.52,3696850000.0,0.007119537637225959,5.0687816167876994e-05,22.8,22.14,23.33,19.54,19.63,True,0.010101352,0.0
2022-03-29,4602.8599,4637.2998,4589.6602,4631.6001,4239660000.0,0.012182048876066111,0.0001484023148188636,23.19,19.7,19.73,18.67,18.9,True,0.009073474,0.0
2022-03-30,4624.2002,4627.77,4581.3198,4602.4502,3665390000.0,-0.006313588486644048,3.9861399578684285e-05,22.82,19.38,20.51,18.72,19.33,True,0.00929247,0.0
2022-03-31,4599.02,4603.0698,4530.4102,4530.4102,3782040000.0,-0.015776326588398722,0.0002488924806238165,22.5,19.68,21.48,19.54,20.56,True,0.0112180775,0.0
2022-04-01,4540.3198,4548.7002,4507.5698,4545.8599,3828290000.0,0.0034044193819054934,1.1590071327893782e-05,22.34,20.62,20.86,19.41,19.63,False,0.012130138,0.0
2022-04-04,4547.9702,4583.5,4539.21,4582.6401,3833500000.0,0.008058366442153127,6.493726971601965e-05,20.07,20.75,20.78,18.45,18.57,True,0.0120764775,0.0
2022-04-05,4572.4502,4593.4502,4514.1699,4525.1201,3906230000.0,-0.012631154859671487,0.00015954607308900262,20.37,18.79,21.57,18.55,21.03,True,0.008933551,0.0
2022-04-06,4494.1699,4503.9399,4450.04,4481.1499,4137080000.0,-0.009764430637262157,9.534410566990386e-05,18.63,21.27,24.78,21.24,22.1,True,0.011190182,0.0
2022-04-07,4474.6499,4521.1602,4450.2998,4500.21,4054010000.0,0.004244374755211923,1.801471706268027e-05,18.64,21.97,23.82,21.12,21.55,True,0.014848296,0.0
2022-04-08,4494.1499,4520.4102,4474.6001,4488.2798,3453040000.0,-0.00265455204847812,7.046646578079384e-06,18.04,21.25,22.34,20.28,21.16,False,0.013352374,0.0
2022-04-11,4462.6401,4464.3501,4408.3799,4412.5298,3452540000.0,-0.0170213345279209,0.00028972582911139224,18.87,23.09,24.42,22.09,24.37,True,0.013949185,0.0
2022-04-12,4437.5898,4471.0,4381.3398,4397.4502,3451990000.0,-0.0034233028284936023,1.1719002255572298e-05,17.39,24.94,25.38,22.27,24.26,True,0.0122902235,0.0
2022-04-13,4394.2998,4453.9199,4392.7002,4446.5898,3273140000.0,0.011112592363942507,0.00012348970904715333,16.05,23.52,24.45,21.37,21.82,True,0.016849075,0.0
2022-04-14,4449.1201,4460.46,4390.77,4392.5898,3634740000.0,-0.012218480504463256,0.00014929126583794868,16.49,21.72,22.7,20.85,22.7,False,0.012080282,0.0
2022-04-18,4385.6299,4410.3101,4370.2998,4391.6899,3509340000.0,-0.00020488874076888134,4.197939609385786e-08,16.22,24.52,24.6,21.98,22.17,True,0.010607488,0.0
2022-04-19,4390.6299,4471.0298,4390.6299,4462.21,3197930000.0,0.015930062931775152,0.00025376690501031674,16.62,22.55,22.92,20.36,21.37,True,0.012172675,0.0
2022-04-20,4472.2598,4488.29,4448.7598,4459.4502,3678040000.0,-0.0006186741091143356,3.8275765328841676e-07,15.97,21.13,21.32,19.75,20.32,True,0.008975041,0.0
2022-04-21,4489.1699,4512.9399,4384.4702,4393.6602,3833570000.0,-0.014862846644920295,0.00022090421039041848,15.91,20.24,23.28,19.81,22.68,True,0.01094215,0.0
2022-04-22,4385.8301,4385.8301,4267.6201,4271.7798,3930660000.0,-0.02813208286005661,0.0007914140860450908,18.49,22.71,28.27,22.62,28.21,False,0.008391559,0.0
2022-04-25,4255.3398,4299.02,4200.8198,4296.1201,4061070000.0,0.005681757668569282,3.2282370204345844e-05,18.42,30.04,31.6,26.8,27.02,True,0.013531049,0.0
2022-04-26,4278.1401,4278.1401,4175.04,4175.2002,3760420000.0,-0.02855000380519426,0.0008151027172766067,20.57,27.38,33.81,27.06,33.52,True,0.014930603,0.0
2022-04-27,4186.52,4240.71,4162.8999,4183.96,3876340000.0,0.0020958572385146486,4.3926175642342485e-06,20.46,31.11,32.77,29.82,31.6,True,0.016289053,0.0
2022-04-28,4222.5801,4308.4502,4188.6299,4287.5,3969440000.0,0.02444564600458133,0.0005975896085813031,22.14,29.91,32.0,28.0,29.99,True,0.022892801,0.0
2022-04-29,4253.75,4269.6802,4124.2798,4131.9302,3943480000.0,-0.03695915392332947,0.00136597905872836,25.12,28.97,34.34,28.54,33.4,False,0.017294168,0.0
2022-05-02,4130.6099,4169.8101,4062.51,4155.3799,4474060000.0,0.005659197568658232,3.202651712110724e-05,25.19,33.35,36.64,31.74,32.34,True,0.026412789,0.0
2022-05-03,4159.7798,4200.1001,4147.0801,4175.48,3877530000.0,0.004825465616761077,2.3285118418543365e-05,25.06,31.76,32.82,29.06,29.25,True,0.023725517,0.0
2022-05-04,4181.1802,4307.6602,4148.9102,4300.1699,4236210000.0,0.029425211792711823,0.000865843089045947,26.77,29.12,29.42,24.94,25.42,True,0.015994666,0.0
2022-05-05,4270.4302,4270.4302,4106.0098,4146.8701,4197620000.0,-0.036300676621782775,0.0013177391231992464,29.28,25.97,33.2,25.78,31.2,True,0.013733174,0.0
2022-05-06,4128.1699,4157.6899,4067.9099,4123.3398,4254300000.0,-0.005690390879591651,3.238054836253985e-05,29.31,32.23,35.34,29.83,30.19,False,0.013086089,0.0
2022-05-09,4081.27,4081.27,3975.48,3991.24,4746120000.0,-0.03256150648250866,0.0010602517044104537,31.35,31.9,35.48,31.9,34.75,True,0.024290694,0.0
2022-05-10,4035.1799,4068.8201,3958.1699,4001.05,4630150000.0,0.0024548671098168664,6.026372526860615e-06,30.78,33.66,34.84,32.24,32.99,True,0.019172434,0.0
2022-05-11,3990.0801,4049.0901,3928.8201,3935.1799,4683220000.0,-0.016600227932322038,0.00027556756740504477,31.25,32.87,34.39,30.69,32.56,True,0.021034747,0.0
2022-05-12,3903.95,3964.8,3858.8701,3930.0801,4964130000.0,-0.001296791387616073,1.68166790299522e-06,31.0,33.74,34.76,31.7,31.77,True,0.01884214,0.0
2022-05-13,3963.8999,4038.8799,3963.8999,4023.8899,4142950000.0,0.023589264235278046,0.000556453387161768,31.68,31.09,31.2,28.78,28.87,False,0.024909066,0.0
2022-05-16,4013.02,4046.46,3983.99,4008.01,3824320000.0,-0.003954212798702348,1.5635798857421452e-05,31.41,30.01,30.23,27.36,27.47,True,0.021559227,0.0
2022-05-17,4052.0,4090.72,4033.9299,4088.8501,3846580000.0,0.019968922591194902,0.0003987578694531341,32.15,27.07,27.17,25.51,26.1,True,0.017191568,0.0
2022-05-18,4051.98,4051.98,3911.9099,3923.6799,4428960000.0,-0.04123381792847181,0.0017002277409583634,34.62,26.74,31.49,26.21,30.96,True,0.01445886,0.0
2022-05-19,3899.0,3945.96,3876.5801,3900.79,4212140000.0,-0.005850866727327065,3.4232641460942916e-05,34.71,31.24,33.11,29.06,29.35,True,0.015386337,0.0
2022-05-20,3927.76,3943.4199,3810.3201,3901.3601,4278520000.0,0.00014613920360614753,2.1356666830639045e-08,34.36,28.78,32.91,28.06,29.43,False,0.023207577,0.0
2022-05-23,3919.4199,3981.8799,3909.04,3973.75,3392770000.0,0.01838499731444223,0.000338008126252048,33.6,28.98,30.39,28.29,28.48,True,0.02126541,0.0
2022-05-24,3942.9399,3955.6799,3875.1299,3941.48,3901640000.0,-0.008153945948249348,6.648683452697195e-05,33.65,29.43,31.07,29.04,29.45,True,0.013529627,0.0
2022-05-25,3929.5901,3999.3301,3925.03,3978.73,4322190000.0,0.009406385602538606,8.848009010364557e-05,32.25,29.33,30.23,28.16,28.37,True,0.02078859,0.0
2022-05-26,3984.6001,4075.1399,3984.6001,4057.8401,3961940000.0,0.01968816408299731,0.00038762380495902535,32.89,28.42,28.46,27.11,27.5,True,0.019874416,0.0
2022-05-27,4077.4299,4158.4902,4077.4299,4158.2402,3560560000.0,0.024441118944911626,0.000597368295279318,32.81,27.5,27.54,25.57,25.72,False,0.018312406,0.0
2022-05-31,4151.0898,4168.3398,4104.8799,4132.1499,5192220000.0,-0.006294127494147463,3.9616040912583015e-05,30.23,27.47,28.35,25.94,26.19,True,0.014899595,0.0
2022-06-01,4149.7798,4166.54,4073.8501,4101.23,4145710000.0,-0.007510899711666156,5.641361447870675e-05,30.29,26.05,27.73,25.38,25.69,True,0.0153896175,0.0
2022-06-02,4095.4099,4177.5098,4074.3701,4176.8198,3604930000.0,0.018263214854883702,0.00033354501683564473,30.94,25.73,26.5,24.33,24.72,True,0.017616566,0.0
2022-06-03,4137.5698,4142.6699,4098.6699,4108.54,3107080000.0,-0.01648240931908153,0.00027166981696174564,29.7,24.91,25.96,24.76,24.79,False,0.014086454,0.0
2022-06-06,4134.7202,4168.7798,4109.1802,4121.4302,3852050000.0,0.003132504790968752,9.812586265442184e-06,27.03,25.37,25.81,24.82,25.07,True,0.01509867,0.0
2022-06-07,4096.4702,4164.8599,4080.1899,4160.6802,3476470000.0,0.009478331476285417,8.983876757434289e-05,27.14,25.54,26.24,23.88,24.02,True,0.013180465,0.0
2022-06-08,4147.1201,4160.1401,4107.2002,4115.77,3090180000.0,-0.010852633606485144,0.00011777965619661073,25.01,24.37,24.78,23.74,23.96,True,0.012910784,0.0
2022-06-09,4101.6499,4119.1001,4017.1699,4017.8201,3192330000.0,-0.02408644504461616,0.0005801568348873143,26.39,24.29,26.24,23.82,26.09,True,0.013956171,0.0
2022-06-10,3974.3899,3974.3899,3900.1599,3900.8601,3936120000.0,-0.029542424589107386,0.0008727548506030966,27.77,26.26,29.63,26.05,27.75,False,0.01524115,0.0
2022-06-13,3838.1499,3838.1499,3734.3,3749.6299,4572820000.0,-0.03953992550362897,0.0015634057088325286,30.89,31.37,35.05,31.29,34.02,True,0.019863134,0.0
2022-06-14,3763.52,3778.1799,3705.6799,3735.48,4126400000.0,-0.0037808173946970044,1.4294580172043444e-05,29.9,33.01,34.0,32.06,32.69,True,0.022866664,0.0
2022-06-15,3764.05,3837.5601,3722.3,3789.99,4474610000.0,0.014487056184644877,0.00020987479689705738,30.29,32.39,32.77,27.76,29.62,True,0.030003916,0.0
2022-06-16,3728.1799,3728.1799,3639.77,3666.77,4511200000.0,-0.033052215017083934,0.0010924489175355488,31.59,30.35,34.82,30.35,32.95,True,0.021022953,0.0
2022-06-17,3665.8999,3707.71,3636.8701,3674.8401,6954110000.0,0.002198455962779235,4.8332086202795735e-06,28.34,32.84,33.31,30.47,31.13,False,0.023445934,0.0
2022-06-21,3715.3101,3779.6499,3715.3101,3764.79,4124600000.0,0.02418246128971606,0.0005847914340286157,29.56,30.63,30.65,29.33,30.19,True,0.028250732,0.0
2022-06-22,3733.8899,3801.79,3717.6899,3759.8899,4342270000.0,-0.0013024077456519265,1.6962659359341333e-06,29.57,31.45,31.57,28.78,28.95,True,0.017328534,0.0
2022-06-23,3774.71,3802.5801,3743.52,3795.73,4078100000.0,0.009487075657180464,9.000460452506613e-05,29.09,29.29,29.77,28.74,29.05,True,0.021968815,0.0
2022-06-24,3821.75,3913.6499,3821.75,3911.74,6742870000.0,0.030105537080807647,0.0009063433629238842,30.91,29.07,29.72,26.83,27.23,False,0.012885887,0.0
2022-06-27,3920.76,3927.72,3889.6599,3900.1101,3385120000.0,-0.002977504289823121,8.865531795915088e-06,30.76,28.3,28.66,26.93,26.95,True,0.013902067,0.0
2022-06-28,3913.0,3945.8601,3820.1399,3821.55,3590980000.0,-0.020348684023550882,0.00041406894149031493,30.89,26.9,28.68,26.47,28.36,True,0.016860357,0.0
2022-06-29,3825.0901,3836.5,3799.02,3818.8301,3458850000.0,-0.0007119803149314159,5.069159688498381e-07,29.71,28.8,29.36,27.85,28.16,True,0.015395077,0.0
2022-06-30,3785.99,3818.99,3738.6699,3785.3799,4032260000.0,-0.008797867434066409,7.740247138740626e-05,29.75,29.42,30.22,28.28,28.71,True,0.020367118,0.0
2022-07-01,3781.0,3829.8201,3752.1001,3825.3301,3268240000.0,0.010498512474604482,0.00011021876417942592,29.78,29.53,29.59,26.69,26.7,False,0.017823715,0.0
2022-07-05,3792.6101,3832.1899,3742.0601,3831.3899,4427900000.0,0.001582871324856268,2.505481631052237e-06,29.09,27.37,29.82,27.3,27.54,True,0.016972382,0.0
2022-07-06,3831.98,3870.9099,3809.3701,3845.0801,3613120000.0,0.003566799457030911,1.2722058366676e-05,28.53,27.84,28.07,26.43,26.73,True,0.014351535,0.0
2022-07-07,3858.8501,3910.6299,3858.8501,3902.6201,3337710000.0,0.014853713087749605,0.0002206327924931839,28.94,26.73,26.79,25.66,26.08,True,0.016022837,0.0
2022-07-08,3888.26,3918.5,3869.3401,3899.3799,2844620000.0,-0.0008306075842827254,6.899089590679848e-07,28.76,26.41,26.61,24.43,24.64,False,0.014511184,0.0
2022-07-11,3880.9399,3880.9399,3847.22,3854.4299,3023830000.0,-0.01159443027717642,0.00013443081345230527,28.79,26.42,26.74,25.79,26.17,True,0.018759798,0.0
2022-07-12,3851.95,3873.4099,3802.3601,3818.8,3138460000.0,-0.009286873074843084,8.624601150824543e-05,27.69,27.14,27.75,25.82,27.29,True,0.014590161,0.0
2022-07-13,3779.6699,3829.4399,3759.0701,3801.78,3166580000.0,-0.004466859031662644,1.9952829608746132e-05,25.78,27.35,29.06,26.23,26.82,True,0.017157799,0.0
2022-07-14,3763.99,3796.4099,3721.5601,3790.3799,3447500000.0,-0.003003126572164298,9.018769208439288e-06,21.96,27.47,28.45,26.2,26.4,True,0.018459802,0.0
2022-07-15,3818.0,3863.6201,3817.1799,3863.1599,3537130000.0,0.019019223989550024,0.00036173088116467513,22.85,26.72,26.72,24.13,24.23,False,0.014920831,0.0
2022-07-18,3883.79,3902.4399,3818.6299,3830.8501,3414470000.0,-0.008398738739448835,7.05388124135186e-05,22.46,24.83,25.91,24.38,25.3,True,0.01204587,0.0
2022-07-19,3860.73,3939.8101,3860.73,3936.6899,3160350000.0,0.027253506513884546,0.0007427536173023474,21.5,25.12,25.41,24.23,24.5,True,0.011902721,0.0
2022-07-20,3935.3201,3974.1299,3922.03,3959.8999,3452150000.0,0.0058785038672229985,3.455680771695575e-05,21.63,24.23,24.73,23.4,23.88,True,0.011625896,0.0
2022-07-21,3955.47,3999.29,3927.6399,3998.95,3586030000.0,0.009813079491612175,9.629652910869947e-05,20.07,24.07,24.67,22.92,23.11,True,0.010576841,0.0
2022-07-22,3998.4299,4012.4399,3938.8601,3961.6299,3246220000.0,-0.009376295165558251,8.791491103167103e-05,20.31,23.3,23.81,22.41,23.03,False,0.0089533385,0.0
2022-07-25,3965.72,3975.3,3943.46,3966.8401,2988650000.0,0.001314301687463995,1.7273889256707045e-06,20.0,24.33,24.57,23.19,23.36,True,0.010861825,0.0
2022-07-26,3953.22,3953.22,3910.74,3921.05,3083420000.0,-0.011610358104732104,0.00013480041532011846,17.37,23.95,25.31,23.82,24.69,True,0.010103435,0.0
2022-07-27,3951.4299,4039.5601,3951.4299,4023.6101,3584170000.0,0.025820059386866705,0.0006666754667413235,19.56,24.27,24.41,23.02,23.24,True,0.010801612,0.0
2022-07-28,4026.1299,4078.95,3992.97,4072.4299,3882850000.0,0.012060313867023076,0.0001454511705711091,18.64,23.33,23.54,22.22,22.33,True,0.010282185,0.0
2022-07-29,4087.3301,4140.1499,4079.22,4130.29,3817740000.0,0.014107774093655833,0.00019902928987762666,19.33,22.13,22.16,21.21,21.33,False,0.008787085,0.0
2022-08-01,4112.3799,4144.9502,4096.02,4118.6299,3540960000.0,-0.0028270629142373442,7.992284721056145e-06,19.19,22.41,23.27,22.26,22.84,True,0.009366219,0.0
2022-08-02,4104.21,4140.4702,4079.8101,4091.1899,3880790000.0,-0.006684702672815086,4.4685249823941146e-05,19.06,24.08,24.68,22.67,23.93,True,0.011349649,0.0
2022-08-03,4107.96,4167.6602,4107.96,4155.1699,3544410000.0,0.015517461126397614,0.00024079159980926112,19.76,23.86,23.92,21.68,21.95,True,0.013362934,0.0
2022-08-04,4154.8501,4161.29,4135.4199,4151.9399,3565810000.0,-0.0007776471578055255,6.047351020430119e-07,19.74,22.06,22.66,21.44,21.44,True,0.011112472,0.0
2022-08-05,4115.8701,4151.5801,4107.3101,4145.1899,3540260000.0,-0.001627069035158774,2.6473536451725035e-06,19.11,21.5,22.58,20.76,21.15,False,0.0115649635,0.0
2022-08-08,4155.9302,4186.6201,4128.9702,4140.0601,3604650000.0,-0.0012382971317690986,1.5333797865475765e-06,19.12,21.74,22.01,20.83,21.29,True,0.012451874,0.0
2022-08-09,4133.1099,4137.2998,4112.0898,4122.4702,3337150000.0,-0.004257757837984153,1.8128501806915485e-05,18.77,21.41,22.23,21.41,21.77,True,0.012399819,0.0
2022-08-10,4181.02,4211.0298,4177.2598,4210.2402,3998590000.0,0.021067153896483275,0.0004438249732981104,19.85,22.28,22.34,19.54,19.74,True,0.012804314,0.0
2022-08-11,4227.3999,4257.9102,4201.4102,4207.27,3925060000.0,-0.0007057193998464985,4.98039871319702e-07,19.76,19.84,20.85,19.71,20.2,True,0.009972905,0.0
2022-08-12,4225.02,4280.4702,4219.7798,4280.1499,3252290000.0,0.017174051046168808,0.0002949480293364119,20.52,20.34,20.35,19.12,19.53,False,0.010488373,0.0
2022-08-15,4269.3701,4301.79,4256.8999,4297.1401,3087740000.0,0.00396167605889174,1.5694877195595993e-05,19.56,20.74,21.16,19.81,19.95,True,0.010350766,0.0
2022-08-16,4290.46,4325.2798,4277.77,4305.2002,3792010000.0,0.0018739324596749468,3.511622863423396e-06,19.37,20.23,20.39,19.5,19.69,True,0.009531453,0.0
2022-08-17,4280.3999,4302.1802,4253.0801,4274.04,3293430000.0,-0.007264125095926922,5.276751340927532e-05,17.22,19.74,20.63,19.41,19.9,True,0.010842969,0.0
2022-08-18,4273.1299,4292.5298,4261.98,4283.7402,2871990000.0,0.0022669907213344587,5.1392469306165295e-06,17.09,20.51,20.61,19.43,19.56,True,0.010440412,0.0
2022-08-19,4266.3101,4266.3101,4218.7002,4228.48,3210680000.0,-0.012983916069532885,0.00016858207650067428,17.4,20.16,21.27,20.08,20.6,False,0.009450886,0.0
2022-08-22,4195.0801,4195.0801,4129.8599,4137.9902,3365220000.0,-0.021632379392643838,0.0004679598381872818,18.56,22.41,24.62,22.39,23.8,True,0.011092026,0.0
2022-08-23,4133.0898,4159.77,4124.0298,4128.73,3117800000.0,-0.0022403573966938675,5.0192012649209235e-06,18.58,24.13,24.21,23.07,24.11,True,0.012524544,0.0
2022-08-24,4126.5498,4156.5601,4119.9702,4140.77,3056910000.0,0.002911907251337381,8.479203840391221e-06,18.16,24.37,24.86,22.73,22.82,True,0.01796577,0.0
2022-08-25,4153.2598,4200.54,4147.5898,4199.1201,2976050000.0,0.013993242459803342,0.0001958108345388431,16.44,22.41,23.13,21.77,21.78,True,0.013201371,0.0
2022-08-26,4198.7402,4203.04,4057.6599,4057.6599,3175260000.0,-0.034268575208244896,0.0011743352468031366,19.91,22.07,25.9,21.67,25.56,False,0.010105587,0.0
2022-08-29,4034.5801,4062.99,4017.4199,4030.6101,2963020000.0,-0.006688674054377682,4.4738360605705186e-05,19.37,26.86,27.67,25.47,26.21,True,0.014708107,0.0
2022-08-30,4041.25,4044.98,3965.21,3986.1599,3190580000.0,-0.011089417688594195,0.0001229751846721058,19.74,25.75,27.69,25.13,26.21,True,0.01890474,0.0
2022-08-31,4000.6699,4015.3701,3954.53,3955.0,3797860000.0,-0.007847735170298194,6.158694730313522e-05,19.79,25.86,26.62,25.31,25.87,True,0.017808627,0.0
2022-09-01,3936.73,3970.23,3903.6499,3966.8501,3754570000.0,0.0029917528580290054,8.950585163524722e-06,19.1,26.88,27.45,25.25,25.56,True,0.015051744,0.0
2022-09-02,3994.6599,4018.4299,3906.21,3924.26,4134920000.0,-0.010794555650084825,0.00011652243168277822,19.45,25.51,26.28,23.19,25.47,False,0.012225837,0.0
2022-09-06,3930.8899,3942.55,3886.75,3908.1899,2209800080.0,-0.004103472797107165,1.6838488996598503e-05,19.48,25.46,27.8,25.33,26.91,True,0.014798674,0.0
2022-09-07,3909.4299,3987.8899,3906.03,3979.8701,2290057541.0,0.018174854942300117,0.000330325352173651,20.43,26.93,27.15,24.54,24.64,True,0.016364884,0.0
2022-09-08,3959.9399,4010.5,3944.8101,4006.1799,3966850000.0,0.006588963301096609,4.3414437383197926e-05,20.49,24.7,25.9,23.56,23.61,True,0.011851781,0.0
2022-09-09,4022.9399,4076.8101,4022.9399,4067.3601,3901940000.0,0.015156021054425109,0.0002297049742021772,19.91,23.49,23.57,22.64,22.79,False,0.00977727,0.0
2022-09-12,4083.6699,4119.2798,4083.6699,4110.4102,3814200000.0,0.010528663952442601,0.00011085276462346425,20.64,23.58,24.23,23.16,23.87,True,0.009425817,0.0
2022-09-13,4037.1201,4037.1201,3921.28,3932.6899,4224550000.0,-0.04419918420441579,0.0019535678843358786,25.03,23.67,28.15,23.53,27.27,True,0.009435944,0.0
2022-09-14,3940.73,3961.9399,3912.1799,3946.01,4293240000.0,0.003381297132769869,1.1433170300077738e-05,25.04,26.73,27.56,26.16,26.16,True,0.014982331,0.0
2022-09-15,3932.4099,3959.1399,3888.28,3901.3501,4441830000.0,-0.011382269092585887,0.00012955604969603596,25.23,26.1,26.93,25.42,26.27,True,0.017121814,0.0
2022-09-16,3880.95,3880.95,3837.0801,3873.3301,7954650000.0,-0.0072080447288216,5.1955908812692846e-05,25.36,27.47,28.45,26.14,26.3,False,0.0151216835,0.0
2022-09-19,3849.9099,3900.45,3838.5,3899.8899,3766850000.0,0.00683369398020931,4.6699373415148955e-05,25.07,27.69,27.95,25.56,25.76,True,0.01978995,0.0
2022-09-20,3875.23,3876.01,3827.54,3855.9299,4058050000.0,-0.011336124845404432,0.00012850772651059564,24.33,25.65,27.81,25.61,27.16,True,0.01573586,0.0
2022-09-21,3871.3999,3907.0701,3789.49,3789.9299,4078330000.0,-0.01726467424140515,0.0002980689766618385,25.07,28.03,30.18,25.55,27.99,True,0.018479196,0.0
2022-09-22,3782.3601,3790.8999,3749.45,3757.99,4284600000.0,-0.00846328288321987,7.162715716140243e-05,25.22,28.16,28.38,26.71,27.35,True,0.020383846,0.0
2022-09-23,3727.1399,3727.1399,3647.47,3693.23,5144270000.0,-0.017382826077567966,0.00030216264244297693,25.45,27.68,32.31,27.58,29.92,False,0.017551485,0.0
2022-09-26,3682.72,3715.6699,3644.76,3655.04,4886140000.0,-0.010394376865970473,0.00010804307043182214,22.75,31.74,32.88,29.83,32.26,True,0.018367471,0.0
2022-09-27,3686.4399,3717.53,3623.29,3647.29,4577740000.0,-0.0021226109775338642,4.505477361947266e-06,22.65,31.2,34.14,30.3,32.6,True,0.018318648,0.0
2022-09-28,3651.9399,3736.74,3640.6101,3719.04,4684850000.0,0.019481144387776417,0.00037951498665739263,23.26,34.5,34.88,30.03,30.18,True,0.02180527,0.0
2022-09-29,3687.01,3687.01,3610.3999,3640.47,4681810000.0,-0.02135277627216209,0.0004559410545290083,24.19,31.67,33.46,31.16,31.84,True,0.016023705,0.0
2022-09-30,3633.48,3671.4399,3584.1299,3585.6201,5645360000.0,-0.015181364387214813,0.0002304738246573942,24.6,31.61,33.25,29.39,31.62,False,0.016175214,0.0
2022-10-03,3609.78,3698.3501,3604.9299,3678.4299,4806680000.0,0.025554573722716883,0.0006530362381497722,25.62,33.0,33.06,29.63,30.1,True,0.019898428,0.0
2022-10-04,3726.46,3791.9199,3726.46,3790.9299,5146580000.0,0.0301253416720636,0.0009075362108585716,27.58,29.52,29.62,28.56,29.07,True,0.015032304,0.0
2022-10-05,3753.25,3806.9099,3722.6599,3783.28,4293180000.0,-0.0020199869563126836,4.08034730367338e-06,26.88,29.36,30.11,28.5,28.55,True,0.013467202,0.0
2022-10-06,3771.97,3797.9299,3739.22,3744.52,4252100000.0,-0.010297920383574249,0.00010604716422643402,27.07,28.6,30.74,28.56,30.52,True,0.016248027,0.0
2022-10-07,3706.74,3706.74,3620.73,3639.6599,4449660000.0,-0.02840319464258475,0.000806741465904555,28.31,30.37,32.02,29.88,31.36,False,0.01564143,0.0
2022-10-10,3647.51,3652.1699,3588.1001,3612.3899,3834320000.0,-0.007520667752029659,5.6560443436418844e-05,28.16,32.93,33.99,32.05,32.45,True,0.020343928,0.0
2022-10-11,3595.8601,3640.6599,3568.45,3588.8401,4759030000.0,-0.006540517092709575,4.277836384002612e-05,27.99,33.56,34.43,32.45,33.63,True,0.018435864,0.0
2022-10-12,3590.8301,3608.3401,3573.8601,3577.03,4006830000.0,-0.0032962112146206366,1.0865008371390852e-05,23.46,33.54,34.53,33.11,33.57,True,0.020160807,0.0
2022-10-13,3520.3701,3685.4099,3491.5801,3669.9099,5021680000.0,0.025634264198272128,0.0006571155009868162,25.07,33.6,33.87,31.63,31.94,True,0.019256575,0.0
2022-10-14,3690.4099,3712.0,3579.6799,3583.0701,4243030000.0,-0.023947108614299654,0.0005734640109850647,25.98,31.89,32.98,31.14,32.02,False,0.015734456,0.0
2022-10-17,3638.6499,3689.73,3638.6499,3677.95,4352780000.0,0.02613552900287911,0.0006830658762603352,27.25,32.27,32.59,30.7,31.37,True,0.018114086,0.0
2022-10-18,3746.26,3762.79,3686.53,3719.98,4483740000.0,0.011362760181543908,0.00012911231894327974,27.42,31.1,31.93,30.42,30.5,True,0.01452558,0.0
2022-10-19,3703.1101,3728.5801,3666.51,3695.1599,4223800000.0,-0.006694463767139565,4.4815845129544455e-05,27.24,30.94,31.9,30.76,30.76,True,0.014110102,0.0
2022-10-20,3689.05,3736.0,3656.4399,3665.78,4496620000.0,-0.007982691453665232,6.372336284441994e-05,26.69,31.3,31.32,29.76,29.98,True,0.016137203,0.0
2022-10-21,3657.1001,3757.8899,3647.4199,3752.75,5078020000.0,0.02344776785243657,0.0005497978172617579,27.74,30.21,30.44,29.24,29.69,False,0.015886217,0.0
2022-10-24,3762.01,3810.74,3741.6499,3797.3401,4747930000.0,0.01181194339402132,0.00013952200674356387,27.43,30.65,30.95,29.78,29.85,True,0.013808998,0.0
2022-10-25,3799.4399,3862.8501,3799.4399,3859.1101,4843120000.0,0.01613576490375625,0.000260362909029292,27.76,29.8,30.0,28.22,28.46,True,0.012743904,0.0
2022-10-26,3825.97,3886.1499,3824.0701,3830.6001,4817310000.0,-0.007415137863931564,5.498426954111156e-05,27.85,28.44,28.52,27.27,27.28,True,0.013332555,0.0
2022-10-27,3834.6899,3859.95,3803.79,3807.3,4687320000.0,-0.006101198489902984,3.7224623013194455e-05,27.13,27.51,27.67,26.94,27.39,True,0.015301896,0.0
2022-10-28,3808.26,3905.4199,3808.26,3901.0601,4459410000.0,0.024328060209827685,0.000591854513573001,27.39,27.43,27.59,25.75,25.75,False,0.015476532,0.0
2022-10-31,3881.8501,3893.73,3863.1799,3871.98,4820620000.0,-0.0074823326001846775,5.59853011397864e-05,27.12,26.91,27.07,25.84,25.88,True,0.013085353,0.0
2022-11-01,3901.79,3911.79,3843.8,3856.1001,4481210000.0,-0.004109668156809684,1.6889372359095503e-05,25.94,25.96,26.35,25.66,25.81,True,0.013578552,0.0
2022-11-02,3852.8999,3894.4399,3758.6799,3759.6899,4899000000.0,-0.025319855358494996,0.0006410950753751078,25.38,26.04,26.62,25.39,25.86,True,0.015063877,0.0
2022-11-03,3733.25,3750.5901,3698.1499,3719.8899,4625290000.0,-0.010642409523561058,0.0001132608804671831,25.65,25.98,26.87,25.1,25.3,True,0.013422865,0.0
2022-11-04,3766.98,3796.3401,3708.8401,3770.55,3025947000.0,0.013526808340509369,0.00018297454388087382,25.82,25.63,25.71,24.0,24.55,False,0.014786818,0.0
2022-11-07,3780.71,3813.95,3764.7,3806.8,4341620000.0,0.009568061802673562,9.154780665978085e-05,24.13,25.67,25.67,24.34,24.35,True,0.0130049065,0.0
2022-11-08,3817.02,3859.3999,3786.28,3828.1101,4607640000.0,0.005582293716530953,3.116200313762096e-05,24.06,24.71,26.16,24.24,25.54,True,0.010750115,0.0
2022-11-09,3810.9399,3818.2,3744.22,3748.5701,4645010000.0,-0.020996774332801834,0.0004408645323826059,25.03,25.34,26.35,25.02,26.09,True,0.01256848,0.0
2022-11-10,3859.8899,3958.3301,3859.8899,3956.3701,5781260000.0,0.053952502879819245,0.002910872566996904,31.03,26.51,26.59,22.84,23.53,True,0.0156140085,0.0
2022-11-11,3963.72,4001.48,3944.8201,3992.9299,5593310000.0,0.009198308724866527,8.460888339795567e-05,29.92,23.89,23.91,22.37,22.52,False,0.015377486,0.0
2022-11-14,3977.97,4008.97,3956.3999,3957.25,4561930000.0,-0.008975932620755751,8.056736641234722e-05,29.0,23.99,24.33,22.86,23.73,True,0.013768961,0.0
2022-11-15,4006.4099,4028.8401,3953.1699,3991.73,5015310000.0,0.008675381307597811,7.52622408322175e-05,27.83,23.77,26.22,23.18,24.54,True,0.01535561,0.0
2022-11-16,3976.8201,3983.0901,3954.3401,3958.79,4165320000.0,-0.00828629787208508,6.866273242492171e-05,27.65,24.29,24.72,23.99,24.11,True,0.016200917,0.0
2022-11-17,3919.26,3954.3301,3906.54,3946.5601,4051780000.0,-0.0030940842852146917,9.57335756401251e-06,27.58,24.05,25.18,23.81,23.93,True,0.018910652,0.0
2022-11-18,3966.3899,3979.8899,3935.98,3965.3401,4037360000.0,0.004747288210231315,2.2536745351001238e-05,27.47,24.03,24.12,22.98,23.12,False,0.018191436,0.0
2022-11-21,3956.23,3962.0,3933.3401,3949.9399,3850690000.0,-0.003891263336834974,1.5141930356596055e-05,26.27,24.05,24.12,22.3,22.36,True,0.015173371,0.0
2022-11-22,3965.51,4005.8799,3956.8799,4003.5801,3887990000.0,0.01348862221644268,0.00018194292929791104,26.36,22.59,22.71,21.28,21.29,True,0.014946724,0.0
2022-11-23,4000.3,4033.78,3998.6599,4027.26,3279720000.0,0.005897258152997836,3.4777653723099446e-05,25.86,21.49,21.78,20.32,20.35,False,0.013424964,0.0
2022-11-25,4023.3401,4034.02,4020.76,4026.1201,1706460000.0,-0.0002830861063201677,8.01377435915133e-08,25.75,20.61,21.11,20.46,20.5,False,0.012544832,0.0
2022-11-28,4005.3601,4012.27,3955.77,3963.9399,3615430000.0,-0.015564702970797472,0.00024225997856915164,24.95,22.09,22.5,21.65,22.21,True,0.0146514755,0.0
2022-11-29,3964.1899,3976.77,3937.6499,3957.6299,3546040000.0,-0.0015931189130163933,2.5380278710105346e-06,24.83,22.09,22.57,21.83,21.89,True,0.012519458,0.0
2022-11-30,3957.1799,4080.1101,3938.5801,4080.1101,6579360000.0,0.03047863735937998,0.000928947335284593,26.89,21.7,22.63,20.31,20.58,True,0.016959298,0.0
2022-12-01,4087.1399,4100.5098,4050.8701,4076.5701,4527130000.0,-0.0008680002489885575,7.534244322441978e-07,25.43,20.83,21.06,19.8,19.84,True,0.012408366,0.0
2022-12-02,4040.1699,4080.48,4026.6299,4071.7,4012620000.0,-0.001195370433268135,1.4289104727316487e-06,25.16,20.42,20.96,18.95,19.06,False,0.015144616,0.0
2022-12-05,4052.02,4052.45,3984.49,3998.8401,4280820000.0,-0.01805625859482373,0.00032602847444314587,25.44,20.3,21.29,19.78,20.75,True,0.016746115,0.0
2022-12-06,3996.6299,4001.51,3918.3899,3941.26,4368380000.0,-0.01450387492900042,0.00021036238795608692,25.71,20.69,22.6,20.38,22.17,True,0.0141513245,0.0
2022-12-07,3933.28,3957.5701,3922.6799,3933.9199,4118050000.0,-0.0018641103362005025,3.4749073455295504e-06,25.65,22.32,23.01,22.18,22.68,True,0.01823315,0.0
2022-12-08,3947.79,3974.1899,3935.8301,3963.51,4006900000.0,0.0074936375106618896,5.615460314119892e-05,24.74,22.81,23.28,22.06,22.29,True,0.01960553,0.0
2022-12-09,3954.1699,3977.02,3933.04,3934.3799,3888260000.0,-0.007376712631789228,5.4415889251998765e-05,16.78,22.55,23.21,22.18,22.83,False,0.014483703,0.0
2022-12-12,3939.29,3990.71,3935.3,3990.5601,3904130000.0,0.014178313307158883,0.00020102456823595867,17.18,24.4,25.05,24.18,25.0,True,0.012929462,0.0
2022-12-13,4069.3799,4100.96,3993.03,4019.6499,5079360000.0,0.00726321229633422,5.2754252861620616e-05,17.14,25.24,25.84,21.46,22.55,True,0.011919282,0.0
2022-12-14,4015.54,4053.76,3965.6499,3995.3201,4472340000.0,-0.006071108121340974,3.685835382101233e-05,17.04,22.83,23.47,21.07,21.14,True,0.013101998,0.0
2022-12-15,3958.3701,3958.3701,3879.45,3895.75,4493900000.0,-0.025237485821247796,0.0006369306905776835,18.89,21.52,23.67,21.25,22.83,True,0.010827076,0.0
2022-12-16,3890.9099,3890.9099,3827.9099,3852.3601,7493660000.0,-0.011200241872590382,0.0001254454180045269,19.33,23.26,23.83,22.09,22.62,False,0.010197258,0.0
2022-12-19,3853.79,3854.8601,3800.04,3817.6599,3969610000.0,-0.009048330186461504,8.187227916323049e-05,19.5,22.63,22.86,21.61,22.42,True,0.013045719,0.0
2022-12-20,3810.47,3838.24,3795.6201,3821.6201,3985370000.0,0.0010367993723891533,1.0749529385865422e-06,19.46,23.17,23.39,21.35,21.48,True,0.012075124,0.0
2022-12-21,3839.49,3889.8201,3839.49,3878.4399,3775200000.0,0.014758542490485688,0.0002178145764434715,19.59,21.25,21.29,19.94,20.07,True,0.011738158,0.0
2022-12-22,3853.26,3853.26,3764.49,3822.3899,3956950000.0,-0.014557129880454565,0.00021191003035642315,20.11,20.08,24.3,20.01,21.97,True,0.008555696,0.0
2022-12-23,3815.1101,3845.8,3797.01,3844.8201,2819280000.0,0.0058509585596468175,3.423371606670436e-05,20.19,22.17,22.64,20.78,20.87,False,0.010894598,0.0
2022-12-27,3843.3401,3846.6499,3813.22,3829.25,3030300000.0,-0.004057852264075677,1.64661649970641e-05,20.23,21.67,22.8,21.59,21.65,True,0.013628973,0.0
2022-12-28,3829.5601,3848.3201,3780.78,3783.22,3083520000.0,-0.01209346269904926,0.00014625184005329583,19.95,21.47,22.26,20.96,22.14,True,0.011524162,0.0
2022-12-29,3805.45,3858.1899,3805.45,3849.28,3003680000.0,0.017310618960093668,0.00029965752878155434,20.79,22.25,22.31,21.36,21.44,True,0.012735138,0.0
2022-12-30,3829.0601,3839.8501,3800.3401,3839.5,2979870000.0,-0.0025439680351095257,6.471773363659021e-06,18.02,21.83,22.4,21.59,21.67,False,0.011236758,0.0
2023-01-03,3853.29,3878.46,3794.3301,3824.1399,3959140000.0,-0.004008570540477626,1.6068637777985083e-05,18.07,23.09,23.76,22.73,22.9,True,0.012705904,0.0
2023-01-04,3840.3601,3873.1599,3815.77,3852.97,4414080000.0,0.007510700225055215,5.641061787064446e-05,18.26,22.93,23.27,21.94,22.01,True,0.013878938,0.0
2023-01-05,3839.74,3839.74,3802.4199,3808.1001,3893450000.0,-0.01171387612470488,0.00013721489386493103,17.68,22.2,22.92,21.97,22.46,True,0.011117193,0.0
2023-01-06,3823.3701,3906.1899,3809.5601,3895.0801,3923560000.0,0.02258384058962552,0.0005100298557776171,18.63,22.69,22.9,21.0,21.13,False,0.011592506,0.0
2023-01-09,3910.8201,3950.5701,3890.4199,3892.0901,4311770000.0,-0.0007679298307715868,5.89716224988878e-07,18.62,21.75,21.98,21.27,21.97,True,0.010653192,0.0
2023-01-10,3888.5701,3919.8301,3877.29,3919.25,3851030000.0,0.006953994859315529,4.835804450338681e-05,18.6,22.22,22.46,20.58,20.58,True,0.011642693,0.0
2023-01-11,3932.3501,3970.0701,3928.54,3969.6101,4303360000.0,0.012767569322620258,0.00016301082640791392,18.94,20.8,21.25,20.62,21.09,True,0.0105885,0.0
2023-01-12,3977.5701,3997.76,3937.5601,3983.1699,4440260000.0,0.0034100812898591065,1.1628654403447148e-05,18.29,21.56,21.8,18.83,18.83,True,0.0093380995,0.0
2023-01-13,3960.6001,4003.95,3947.6699,3999.0901,3939700000.0,0.003988900664545887,1.591132851161462e-05,18.15,19.0,19.41,18.01,18.35,False,0.009525985,0.0
2023-01-17,3999.28,4015.3899,3984.5701,3990.97,4235560000.0,-0.0020325511182382617,4.131264048251608e-06,18.02,19.89,20.22,19.21,19.36,True,0.008365238,0.0
2023-01-18,4002.25,4014.1599,3926.5901,3928.8601,4298710000.0,-0.015684976207600933,0.00024601847863300733,16.75,19.28,20.58,18.71,20.34,True,0.009652373,0.0
2023-01-19,3911.8401,3922.9399,3885.54,3898.8501,3991500000.0,-0.007667669411607896,5.8793154205707385e-05,16.38,20.43,21.71,20.17,20.52,True,0.01029587,0.0
2023-01-20,3909.04,3972.96,3897.8601,3972.6101,4013360000.0,0.01874167108295153,0.00035125023498154155,17.24,20.28,20.7,19.41,19.85,False,0.010606114,0.0
2023-01-23,3978.1399,4039.3101,3971.6399,4019.8101,3945210000.0,0.01181132812013917,0.0001395074719615903,17.75,20.21,20.33,19.55,19.81,True,0.009516284,0.0
2023-01-24,4001.74,4023.9199,3989.79,4016.95,3320430000.0,-0.0007117545093184377,5.065944815351299e-07,16.99,19.89,20.47,18.91,19.2,True,0.008457811,0.0
2023-01-25,3982.71,4019.55,3949.0601,4016.22,3724020000.0,-0.00018174643434897735,3.303176639856713e-08,16.24,19.56,20.9,18.99,19.08,True,0.012488714,0.0
2023-01-26,4036.0801,4061.5701,4013.29,4060.4299,3809590000.0,0.010947692942043265,0.00011985198075326391,16.55,19.05,19.48,18.67,18.73,True,0.0123038925,0.0
2023-01-27,4053.72,4094.21,4048.7,4070.5601,3907760000.0,0.002491751986262078,6.2088279610410115e-06,16.52,18.9,19.0,17.97,18.51,False,0.009013422,0.0
2023-01-30,4049.27,4063.8501,4015.55,4017.77,3802000000.0,-0.013053584348635272,0.00017039606434693572,16.55,19.76,20.25,19.54,19.94,True,0.00911041,0.0
2023-01-31,4020.8501,4077.1599,4020.4399,4076.6001,4679320000.0,0.014536309852563684,0.00021130430412974002,16.24,20.12,20.7,19.13,19.4,True,0.009230688,0.0
2023-02-01,4070.0701,4148.9502,4037.2,4119.21,4856930000.0,0.010398065204964965,0.00010811976000670309,16.64,19.62,20.04,17.7,17.87,True,0.009420226,0.0
2023-02-02,4158.6802,4195.4399,4141.8799,4179.7598,5624360000.0,0.014592383368003585,0.00021293765235878763,17.3,17.74,19.25,17.06,18.73,True,0.008572089,0.0
2023-02-03,4136.6899,4182.3599,4123.3599,4136.48,4694510000.0,-0.01040859613973452,0.00010833887360009635,17.5,18.57,19.3,17.93,18.33,False,0.008204841,0.0
2023-02-06,4119.5698,4124.6299,4093.3799,4111.0801,4114240000.0,-0.006159392594660956,3.793811713516423e-05,17.12,19.23,19.81,19.21,19.43,True,0.011780386,0.0
2023-02-07,4105.3501,4176.54,4088.3899,4164.0,4355860000.0,0.012790358716411092,0.0001635932760944732,15.89,19.54,19.99,18.43,18.66,True,0.011113023,0.0
2023-02-08,4153.4702,4156.8501,4111.6699,4117.8599,4029820000.0,-0.011142564095461467,0.00012415673462146703,16.3,18.88,20.12,18.55,19.63,True,0.0098472275,0.0
2023-02-09,4144.25,4156.23,4069.6699,4081.5,4270200000.0,-0.008869018747987324,7.865949355215064e-05,16.43,19.24,21.08,19.02,20.71,True,0.009823444,0.0
2023-02-10,4068.9199,4094.3601,4060.79,4090.46,3891520000.0,0.002192865258876484,4.80865804358743e-06,15.83,20.74,21.94,20.44,20.53,False,0.011657888,0.0
2023-02-13,4096.6201,4138.8999,4092.6699,4137.29,3448620000.0,0.011383550959928976,0.0001295852324572999,16.31,21.66,21.69,20.33,20.34,True,0.012208413,0.0
2023-02-14,4126.7002,4159.77,4095.01,4136.1299,3929200000.0,-0.0002804402584723827,7.864673857205681e-08,16.27,20.72,20.75,18.48,18.91,True,0.009474665,0.0
2023-02-15,4119.5,4148.1099,4103.98,4147.6001,4075980000.0,0.0027693339427078125,7.669210486233598e-06,16.3,19.37,19.41,18.11,18.23,True,0.012608327,0.0
2023-02-16,4114.75,4136.54,4089.49,4090.4099,4143660000.0,-0.013884692730397922,0.0001927846922175649,16.17,18.26,20.27,18.23,20.17,True,0.008795872,0.0
2023-02-17,4077.3899,4081.51,4047.95,4079.0901,4045480000.0,-0.0027712362432060133,7.679750315658578e-06,16.0,20.94,21.3,19.82,20.02,False,0.010055466,0.0
2023-02-21,4052.3501,4052.3501,3995.1899,3997.3401,4121590000.0,-0.020244783912759655,0.00040985127567433213,16.27,21.8,23.34,21.8,22.87,True,0.013150806,0.0
2023-02-22,4001.8301,4017.3701,3976.8999,3991.05,4079320000.0,-0.001574810749407133,2.480028896448256e-06,15.71,23.03,23.63,22.02,22.29,True,0.010114702,0.0
2023-02-23,4018.6001,4028.3,3969.1899,4012.3201,3952940000.0,0.005315298383510954,2.8252396905754163e-05,15.78,21.96,22.43,20.89,21.14,True,0.014124927,0.0
2023-02-24,3973.24,3978.25,3943.0801,3970.04,3877700000.0,-0.010593482344963268,0.00011222186819304845,16.23,21.35,22.9,21.32,21.67,False,0.009844712,0.0
2023-02-27,3992.3601,4018.05,3973.55,3982.24,3836950000.0,0.0030683048311681872,9.414494536970038e-06,15.86,21.99,22.02,20.68,20.95,True,0.011783408,0.0
2023-02-28,3977.1899,3997.5,3968.98,3970.1499,5043400000.0,-0.0030406228735850335,9.245387459368506e-06,15.89,21.3,21.37,20.1,20.7,True,0.0112439245,0.0
2023-03-01,3963.3401,3971.73,3939.05,3951.3899,4249480000.0,-0.0047364617348550206,2.2434069765745832e-05,15.35,20.39,21.32,20.22,20.58,True,0.011135908,0.0
2023-03-02,3938.6799,3990.8401,3928.1599,3981.3501,4244900000.0,0.00755359244158347,5.705675877354693e-05,14.72,21.41,21.42,19.55,19.59,True,0.010852754,0.0
2023-03-03,3998.02,4048.29,3995.1699,4045.6399,4084730000.0,0.016018750422337764,0.0002566003650931463,15.24,19.76,19.76,18.16,18.49,False,0.007651985,0.0
2023-03-06,4055.1499,4078.49,4044.6101,4048.4199,4000870000.0,0.0006869235409689211,4.7186395113728104e-07,14.43,19.05,19.19,18.49,18.61,True,0.0072257705,0.0
2023-03-07,4048.26,4050.0,3980.3101,3986.3701,3922500000.0,-0.015445589387486485,0.00023856623152683512,14.92,18.64,19.74,18.51,19.59,True,0.0073323436,0.0
2023-03-08,3987.55,4000.4099,3969.76,3992.01,3535570000.0,0.0014137960008770059,1.998819132095815e-06,14.81,19.71,20.01,19.0,19.11,True,0.008201516,0.0
2023-03-09,3998.6599,4017.8101,3908.7,3918.3201,4445260000.0,-0.01863184742414116,0.0003471457384364756,15.6,19.33,23.14,18.88,22.61,True,0.008618167,0.0
2023-03-10,3912.77,3934.05,3846.3201,3861.5901,5518190000.0,-0.014583974375263167,0.0002126923085783327,16.04,23.34,28.97,21.79,24.8,False,0.009146525,0.0
2023-03-13,3835.1201,3905.05,3808.8601,3855.76,6558020000.0,-0.0015109075093273313,2.2828415017417197e-06,15.72,24.05,30.81,23.85,26.52,True,0.0142237535,0.0
2023-03-14,3894.01,3937.29,3873.6299,3919.29,5665870000.0,0.016342380801371525,0.0002670734102570366,16.63,26.85,27.24,22.27,23.73,True,0.015956359,0.0
2023-03-15,3876.74,3894.26,3838.24,3891.9299,6594010000.0,-0.007005362092428368,4.9075098046032366e-05,16.23,23.21,29.91,23.19,26.14,True,0.0140293,0.0
2023-03-16,3878.9299,3964.46,3864.1101,3960.28,5695790000.0,0.01740957698115753,0.0003030933706628501,17.21,26.19,27.49,22.97,22.99,True,0.013730495,0.0
2023-03-17,3958.6899,3958.9099,3901.27,3916.6399,9354280000.0,-0.01108061198131624,0.00012277996188048902,17.61,22.92,26.14,22.58,25.51,False,0.013894033,0.0
2023-03-20,3917.47,3956.6201,3916.8899,3951.5701,5347140000.0,0.008878875748083027,7.883443454989695e-05,17.17,27.77,28.91,24.0,24.15,True,0.014048097,0.0
2023-03-21,3975.8899,4009.0801,3971.1899,4002.8701,4920240000.0,0.012898635217663082,0.00016637479047833836,17.74,24.16,24.16,21.29,21.38,True,0.011699213,0.0
2023-03-22,4002.04,4039.49,3936.1699,3936.97,4533010000.0,-0.016600236904571027,0.00027556786528788187,18.31,21.8,22.38,19.94,22.26,True,0.008873964,0.0
2023-03-23,3959.21,4007.6599,3919.05,3948.72,4991600000.0,0.0029800838470393862,8.880899735385067e-06,18.25,21.54,24.91,20.16,22.61,True,0.008498479,0.0
2023-03-24,3939.21,3972.74,3909.1599,3970.99,4583970000.0,0.005623958124210314,3.1628904982871196e-05,18.0,22.11,25.21,21.6,21.74,False,0.0103398375,0.0
2023-03-27,3982.9299,4003.8301,3970.49,3977.53,4233540000.0,0.0016455897389303137,2.707965588872738e-06,17.97,22.05,22.93,20.57,20.6,True,0.009195964,0.0
2023-03-28,3974.1299,3979.2,3951.53,3971.27,4014600000.0,-0.001575080840930101,2.480879655465074e-06,17.94,20.53,21.4,19.91,19.97,True,0.00920373,0.0
2023-03-29,3999.53,4030.5901,3999.53,4027.8101,4145250000.0,0.014136885973273916,0.0001998515450213488,18.59,19.39,19.45,19.09,19.12,True,0.009361567,0.0
2023-03-30,4046.74,4057.8501,4032.1001,4050.8301,3930860000.0,0.005698994319520591,3.2478536253927965e-05,18.52,19.12,20.08,18.85,19.02,True,0.007997254,0.0
2023-03-31,4056.1799,4110.75,4056.1799,4109.3101,4525120000.0,0.014333332458113465,0.00020544441935480898,18.29,19.21,19.43,18.52,18.7,False,0.008795963,0.0
2023-04-03,4102.2002,4127.6602,4098.79,4124.5098,4234700000.0,0.0036920208239218416,1.3631017764272514e-05,18.36,19.79,19.83,18.54,18.55,True,0.00859454,0.0
2023-04-04,4128.0298,4133.1299,4086.8701,4100.6001,4227800000.0,-0.005813847507923722,3.380082284539087e-05,17.66,18.79,20.03,18.58,19.0,True,0.008293265,0.0
2023-04-05,4094.5,4099.6899,4072.5601,4090.3799,3968020000.0,-0.002495478026751627,6.227410582000194e-06,17.68,19.42,20.08,19.0,19.08,True,0.009743816,0.0
2023-04-06,4081.1499,4107.3198,4069.8401,4105.02,3486690000.0,0.00357276417297688,1.276464383570717e-05,16.45,19.3,19.88,18.35,18.4,False,0.01153067,0.0
2023-04-10,4085.2,4109.5,4072.55,4109.1099,3423650000.0,0.0009958207108417179,9.916588881413043e-07,15.61,19.39,20.05,18.93,18.97,True,0.009504194,0.0
2023-04-11,4110.29,4124.2598,4102.6099,4108.9399,3665830000.0,-4.137234603381265e-05,1.7116710163415333e-09,15.61,19.08,19.28,18.56,19.1,True,0.008709479,0.0
2023-04-12,4121.7202,4134.3701,4086.9399,4091.95,3633120000.0,-0.004143434313621296,1.716804791129438e-05,14.68,19.38,19.98,18.25,19.09,True,0.01133652,0.0
2023-04-13,4100.04,4150.2598,4099.3999,4146.2202,3596590000.0,0.013175494985035908,0.00017359366810070637,15.19,18.83,19.06,17.77,17.8,True,0.010286492,0.0
2023-04-14,4140.1099,4163.1899,4113.2002,4137.6401,3575690000.0,-0.0020715228788319236,4.2912070375241005e-06,14.1,17.94,18.12,17.07,17.07,False,0.008476424,0.0
2023-04-17,4137.1699,4151.7202,4123.1802,4151.3198,3611180000.0,0.0033007066229486497,1.089466421077708e-05,13.67,17.58,17.79,16.9,16.95,True,0.008761191,0.0
2023-04-18,4164.2598,4169.48,4140.3599,4154.8701,3536640000.0,0.0008548565007422538,7.30779636861291e-07,12.5,16.94,17.34,16.58,16.83,True,0.007036656,0.0
2023-04-19,4139.3301,4162.5698,4134.4902,4154.52,3572560000.0,-8.426611243268408e-05,7.100777704517754e-09,11.09,17.3,17.72,16.17,16.46,True,0.007159849,0.0
2023-04-20,4130.48,4148.5698,4114.5698,4129.79,3772080000.0,-0.005970339945819703,3.564495906865041e-05,9.78,16.85,17.69,16.33,17.17,True,0.0073872753,0.0
2023-04-21,4132.1401,4138.02,4113.8599,4133.52,3611750000.0,0.000902785990925368,8.150225454110987e-07,9.78,17.51,17.71,16.58,16.77,False,0.006294141,0.0
2023-04-24,4132.0698,4142.4102,4117.77,4137.04,3290940000.0,0.0008512120612239251,7.245619731730832e-07,9.52,18.22,18.24,16.74,16.89,True,0.0062263138,0.0
2023-04-25,4126.4302,4126.4302,4071.3799,4071.6299,3978640000.0,-0.015937170155156718,0.000253993392554418,10.96,17.62,19.86,17.33,18.76,True,0.0058059036,0.0
2023-04-26,4087.78,4089.6699,4049.3501,4055.99,3837030000.0,-0.00384858531692303,1.481160894163554e-05,11.04,18.66,19.61,17.87,18.84,True,0.0071066464,0.0
2023-04-27,4075.29,4138.2402,4075.29,4135.3501,3750550000.0,0.019377191561751744,0.000375475552820823,11.91,18.43,18.43,16.72,17.03,True,0.008968482,0.0
2023-04-28,4129.6299,4170.0601,4127.1802,4169.48,4087800000.0,0.008219335430820908,6.755747492434793e-05,12.09,17.21,17.65,15.72,15.78,False,0.007379678,0.0
2023-05-01,4166.79,4186.9199,4164.1201,4167.8701,3321370000.0,-0.00038618985665675237,1.4914260538456293e-07,11.17,16.41,16.62,15.53,16.08,True,0.0069310335,0.0
2023-05-02,4164.1001,4164.1001,4089.72,4119.5801,4486130000.0,-0.011653897246755664,0.00013581332103793924,11.73,16.27,19.81,16.26,17.78,True,0.0074765147,0.0
2023-05-03,4122.25,4148.2998,4088.8601,4090.75,4246510000.0,-0.0070229133649001955,4.932131213089379e-05,11.82,17.82,18.83,17.19,18.34,True,0.0081592165,0.0
2023-05-04,4082.55,4082.6101,4048.28,4061.22,4920090000.0,-0.007244906241251436,5.2488666444524014e-05,12.06,19.17,21.33,18.67,20.09,True,0.009610131,0.0
2023-05-05,4084.73,4147.02,4084.73,4136.25,4186270000.0,0.018306159168068423,0.00033511546348665556,13.5,19.5,19.63,16.69,17.19,False,0.00865869,0.0
2023-05-08,4136.98,4142.2998,4123.8101,4138.1201,3641640000.0,0.0004520223314260987,2.043241881078858e-07,13.5,17.73,17.88,16.83,16.98,True,0.0085352985,0.0
2023-05-09,4124.25,4130.3501,4116.6499,4119.1699,3810140000.0,-0.004589940106139578,2.10675501779486e-05,13.58,17.29,17.86,17.22,17.71,True,0.007433866,0.0
2023-05-10,4143.7402,4154.2798,4098.9199,4137.6401,4057160000.0,0.004473938678128501,2.0016127295654194e-05,13.61,17.58,18.31,16.36,16.94,True,0.010009657,0.0
2023-05-11,4132.2402,4132.7998,4109.29,4130.6201,3752900000.0,-0.0016980601763822356,2.883408362615269e-06,12.93,16.8,18.19,16.63,16.93,True,0.0094195455,0.0
2023-05-12,4138.54,4143.7402,4099.1201,4124.0801,3533740000.0,-0.0015845521242282676,2.510805434396315e-06,12.91,16.83,17.92,16.38,17.03,False,0.008751409,0.0
2023-05-15,4126.6499,4141.25,4110.27,4136.2798,3562170000.0,0.0029537959647754713,8.724910601523857e-06,12.9,17.44,18.16,17.08,17.12,True,0.00912435,0.0
2023-05-16,4127.9502,4135.54,4109.8599,4109.8999,3654200000.0,-0.0063981118408584,4.093583512813247e-05,13.03,17.54,18.3,17.26,17.99,True,0.0067978823,0.0
2023-05-17,4122.8501,4164.6699,4113.6201,4158.77,4039080000.0,0.011820684495940275,0.0001397285819525628,13.69,17.96,18.26,16.68,16.87,True,0.008716076,0.0
2023-05-18,4157.6802,4202.2002,4153.5,4198.0498,3980500000.0,0.009400726643537732,8.837366142652019e-05,14.08,16.92,17.15,16.05,16.05,True,0.008387095,0.0
2023-05-19,4204.1499,4212.9102,4180.2002,4191.98,4041900000.0,-0.0014469081048911299,2.0935430639996407e-06,13.88,16.13,17.36,15.85,16.81,False,0.0071987696,0.0
2023-05-22,4190.7798,4209.2202,4179.6802,4192.6299,3728520000.0,0.00015502212006342895,2.4031857708960178e-08,13.86,17.45,18.13,16.82,17.21,True,0.009365862,0.0
2023-05-23,4176.7998,4185.6802,4142.54,4145.5801,4155320000.0,-0.011285467591035648,0.00012736177874831596,14.38,17.35,19.31,17.3,18.53,True,0.008966001,0.0
2023-05-24,4132.96,4132.96,4103.98,4115.2402,2275689000.0,-0.00734552630810634,5.395675674308235e-05,13.51,18.8,20.81,18.8,20.03,True,0.009799772,0.0
2023-05-25,4155.71,4165.7402,4129.73,4151.2798,4147760000.0,0.008719468007813189,7.602912233927769e-05,13.72,19.54,19.95,18.7,19.14,True,0.0110379765,0.0
2023-05-26,4156.1602,4212.8701,4156.1602,4205.4502,3715460000.0,0.012964678470561307,0.0001680828878450359,12.71,19.07,19.56,17.27,17.95,False,0.009552198,0.0
2023-05-30,4226.71,4231.1001,4192.1802,4205.52,4228510000.0,1.6597371847132615e-05,2.754727522319903e-10,12.41,17.56,18.34,16.98,17.46,True,0.008121667,0.0
2023-05-31,4190.7402,4195.4399,4166.1499,4179.8301,5980670000.0,-0.006127348308554056,3.754439729434025e-05,12.54,18.04,18.4,17.12,17.94,True,0.008301022,0.0
2023-06-01,4183.0298,4232.4302,4171.6401,4221.02,4391860000.0,0.009806205225247602,9.616166091967338e-05,12.28,17.24,17.59,15.58,15.65,True,0.00871002,0.0
2023-06-02,4241.0098,4290.6699,4241.0098,4282.3701,4454200000.0,0.014429813003698591,0.00020821950332170896,12.97,15.65,15.65,14.42,14.6,False,0.0074279667,0.0
2023-06-05,4282.9902,4299.2798,4266.8198,4273.79,3813290000.0,-0.0020055966171231535,4.022417790615837e-06,12.72,15.28,15.29,14.66,14.73,True,0.005931781,0.0
2023-06-06,4271.3398,4288.3301,4263.0898,4283.8501,3996560000.0,0.0023511399209773416,5.52785892801334e-06,11.14,14.91,14.97,13.95,13.96,True,0.0063406574,0.0
2023-06-07,4285.4702,4299.1899,4263.96,4267.52,4537800000.0,-0.003819299050254716,1.4587045235276577e-05,11.19,14.14,14.29,13.77,13.94,True,0.005781578,0.0
2023-06-08,4268.6899,4298.0098,4261.0698,4293.9302,3826740000.0,0.006169581824473739,3.8063739888876706e-05,11.25,14.14,14.21,13.53,13.65,True,0.0062246206,0.0
2023-06-09,4304.8799,4322.6201,4291.7002,4298.8599,3786510000.0,0.0011474039243306734,1.3165357655694296e-06,11.15,13.78,14.14,13.5,13.83,False,0.0057569984,0.0
2023-06-12,4308.3198,4340.1299,4304.3701,4338.9302,3945670000.0,0.00927797202197809,8.608076484060821e-05,11.58,14.44,15.02,14.32,15.01,True,0.005885764,0.0
2023-06-13,4352.6099,4375.3701,4349.3101,4369.0098,4275400000.0,0.006908573012091412,4.772838106339781e-05,11.79,14.99,15.06,14.47,14.61,True,0.006189911,0.0
2023-06-14,4366.29,4391.8198,4337.8501,4372.5898,4252110000.0,0.0008190721066989003,6.708791159721747e-07,11.74,14.48,14.73,13.83,13.88,True,0.0073803323,0.0
2023-06-15,4365.3301,4439.2002,4362.6001,4425.8398,4176690000.0,0.012104580613972495,0.00014652087184015874,12.23,14.09,14.52,13.79,14.5,True,0.0071394984,0.0
2023-06-16,4440.9502,4448.4702,4407.4399,4409.5898,6848600000.0,-0.0036783765041793633,1.3530453706498794e-05,11.58,14.49,14.54,13.48,13.54,False,0.0069156424,0.0
2023-06-20,4396.1099,4400.1499,4367.1899,4388.71,4055790000.0,-0.0047463350129989534,2.2527696055619775e-05,11.2,14.36,14.67,13.86,13.88,True,0.008927931,0.0
2023-06-21,4380.0098,4386.2202,4360.1401,4365.6899,3709330000.0,-0.005259104752073192,2.7658182793278827e-05,11.31,13.88,13.89,13.1,13.2,True,0.0076760827,0.0
2023-06-22,4355.3999,4382.25,4351.8198,4381.8901,3511000000.0,0.003703931492143101,1.371910849848942e-05,11.37,13.88,13.98,12.73,12.91,True,0.008158188,0.0
2023-06-23,4354.1699,4366.5498,4341.3398,4348.3301,6053620000.0,-0.007688274646174999,5.910956703501731e-05,11.05,13.24,13.8,12.88,13.44,False,0.006207426,0.0
2023-06-26,4344.8398,4362.0601,4328.0801,4328.8198,3415030000.0,-0.004496944988568732,2.0222514230213435e-05,10.86,14.43,14.71,13.78,14.25,True,0.0069438624,0.0
2023-06-27,4337.3599,4384.4199,4335.0,4378.4102,3573500000.0,0.011390749111161978,0.00012974916531343739,11.13,14.11,14.34,13.59,13.74,True,0.0077689365,0.0
2023-06-28,4367.48,4390.3501,4360.2202,4376.8599,3739330000.0,-0.00035414099131051867,1.2541584172639687e-07,10.27,13.9,13.96,13.36,13.43,True,0.006778914,0.0
2023-06-29,4374.9399,4398.3901,4371.9702,4396.4399,3696660000.0,0.00446355030706766,1.99232813437238e-05,10.35,13.64,13.85,13.41,13.54,True,0.007669687,0.0
2023-06-30,4422.4399,4458.48,4422.4399,4450.3799,3923450000.0,0.012194363542047098,0.00014870250219560743,10.87,13.51,13.59,12.96,13.59,False,0.006397315,0.0
2023-07-03,4450.48,4456.46,4442.29,4455.5898,2034280000.0,0.0011699794115172667,1.3688518233742896e-06,10.47,13.85,13.85,13.47,13.57,False,0.006789583,0.0
2023-07-05,4442.04,4454.0601,4436.6099,4446.8198,3482620000.0,-0.001970253724794079,3.8818997400649415e-06,9.33,14.19,14.74,14.05,14.18,True,0.007203049,0.0
2023-07-06,4422.6201,4422.6201,4385.0498,4411.5898,3682020000.0,-0.007954065646646679,6.326716031116484e-05,9.71,14.85,17.08,14.79,15.44,True,0.007171959,0.0
2023-07-07,4404.54,4440.3901,4397.3999,4398.9502,3630480000.0,-0.0028692018130783976,8.232319044172364e-06,9.71,15.97,16.06,14.33,14.83,False,0.0073484266,0.0
2023-07-10,4394.23,4412.6001,4389.9199,4409.5298,3429600000.0,0.0024021409113198465,5.770280957836542e-06,9.57,16.08,16.21,15.04,15.07,True,0.0085541755,0.0
2023-07-11,4415.5498,4443.6401,4408.46,4439.2598,3624220000.0,0.006719588375374019,4.5152867934461644e-05,9.81,15.02,15.25,14.63,14.84,True,0.0067058494,0.0
2023-07-12,4467.6899,4488.3398,4463.23,4472.1602,3920290000.0,0.007383907274726066,5.452208664175252e-05,9.7,14.82,14.82,13.51,13.54,True,0.0067910845,0.0
2023-07-13,4491.5,4517.3799,4489.3599,4510.04,3839530000.0,0.008434464545651308,7.114019217184892e-05,9.78,13.44,13.61,13.12,13.61,True,0.0064014397,0.0
2023-07-14,4514.6099,4527.7598,4499.5601,4505.4199,3647450000.0,-0.0010249283909394152,1.0504782065536587e-06,9.78,13.72,13.76,13.22,13.34,False,0.0058785183,0.0
2023-07-17,4508.8599,4532.8501,4504.8999,4522.79,3538240000.0,0.0038479657928689906,1.480684074308988e-05,8.97,13.78,14.0,13.43,13.48,True,0.007380425,0.0
2023-07-18,4521.7798,4562.2998,4514.5898,4554.98,4090010000.0,0.007092079866132413,5.029759682760074e-05,9.21,13.61,13.67,13.29,13.3,True,0.005477319,0.0
2023-07-19,4563.8701,4578.4302,4557.48,4565.7202,4115670000.0,0.002355127288214308,5.5466245436916805e-06,9.13,13.32,13.84,13.12,13.76,True,0.0056671663,0.0
2023-07-20,4554.3799,4564.7402,4527.5601,4534.8701,3761770000.0,-0.006779827935203091,4.5966066830960206e-05,9.23,13.96,14.23,13.58,13.99,True,0.005642031,0.0
2023-07-21,4550.1602,4555.0,4535.79,4536.3398,3570190000.0,0.00032403616034929714,1.0499943321391541e-07,9.16,13.87,13.89,13.37,13.6,False,0.0064521944,0.0
2023-07-24,4543.3901,4563.4102,4541.29,4554.6401,3856250000.0,0.004026040079380466,1.6208998720777867e-05,8.88,14.29,14.3,13.73,13.91,True,0.0067090443,0.0
2023-07-25,4555.1899,4580.6201,4552.4199,4567.46,3812470000.0,0.0028107361900185906,7.900237929880222e-06,8.83,14.02,14.09,13.82,13.86,True,0.0058301347,0.0
2023-07-26,4558.96,4582.4702,4547.5801,4566.75,3990290000.0,-0.00015545953102232801,2.4167665785682166e-08,8.01,13.86,14.16,13.15,13.19,True,0.006239649,0.0
2023-07-27,4598.2598,4607.0698,4528.5601,4537.4102,4553210000.0,-0.006445383413132824,4.154296734228773e-05,8.37,13.14,15.02,12.74,14.41,True,0.00670255,0.0
2023-07-28,4565.75,4590.1602,4564.0098,4582.23,3981010000.0,0.009829370430759215,9.66165230650836e-05,8.85,14.03,14.18,13.27,13.33,False,0.00626967,0.0
2023-07-31,4584.8198,4594.2202,4573.1401,4588.96,4503600000.0,0.001467639686456588,2.1539662492623917e-06,8.05,13.98,14.09,13.57,13.63,True,0.006295791,0.0
2023-08-01,4578.8301,4584.6201,4567.5298,4576.73,4042370000.0,-0.002668649552448092,7.121690433781402e-06,8.09,13.75,14.3,13.75,13.93,True,0.0053999117,0.0
2023-08-02,4550.9302,4550.9302,4505.75,4513.3901,4270710000.0,-0.013936213041362479,0.00019421803393424164,9.34,15.7,16.48,14.95,16.09,True,0.006490043,0.0
2023-08-03,4494.27,4519.4902,4485.54,4501.8901,4149120000.0,-0.002551225471073565,6.508751404254534e-06,9.4,16.77,17.42,15.72,15.92,True,0.006879392,0.0
2023-08-04,4513.96,4540.3398,4474.5498,4478.0298,4143310000.0,-0.005314157902846691,2.8240274216387946e-05,9.15,16.01,17.39,14.57,17.1,False,0.008852216,0.0
2023-08-07,4491.5801,4519.8398,4491.1499,4518.4399,3493920000.0,0.008983606486224115,8.070518549932798e-05,9.59,16.9,17.36,15.77,15.77,True,0.008605952,0.0
2023-08-08,4498.0298,4503.3101,4464.3901,4499.3799,3884910000.0,-0.0042271921162503985,1.786915318768952e-05,9.65,16.28,18.14,15.96,15.99,True,0.00732644,0.0
2023-08-09,4501.5698,4502.4399,4461.3301,4467.71,3803100000.0,-0.007063614178722384,4.98946452658479e-05,9.67,15.81,16.87,15.38,15.96,True,0.0078461915,0.0
2023-08-10,4487.1602,4527.3701,4457.9199,4468.8301,4504370000.0,0.00025067867280430234,6.283979699892647e-08,9.24,15.58,16.86,14.6,15.85,True,0.008452205,0.0
2023-08-11,4450.6899,4476.23,4443.98,4464.0498,3753290000.0,-0.001070270844302202,1.1454796801633485e-06,8.87,15.53,16.51,14.84,14.84,False,0.0074196905,0.0
2023-08-14,4458.1299,4490.3301,4453.4399,4489.7202,3896410000.0,0.005734002623310711,3.287878608413412e-05,9.1,15.88,16.06,14.77,14.82,True,0.0069544027,0.0
2023-08-15,4478.8701,4478.8701,4432.1899,4437.8599,3832250000.0,-0.01161812781595577,0.0001349808939478852,9.86,14.95,16.57,14.91,16.46,True,0.005553605,0.0
2023-08-16,4433.79,4449.9502,4403.5498,4404.3301,3753910000.0,-0.007584085099898291,5.751834680249927e-05,9.86,16.54,16.93,15.8,16.78,True,0.006264895,0.0
2023-08-17,4416.3198,4421.1699,4364.8301,4370.3599,3943700000.0,-0.007742807942464193,5.995107483388658e-05,10.23,16.96,18.13,16.4,17.89,True,0.007843003,0.0
2023-08-18,4344.8799,4381.8198,4335.3101,4369.71,3940400000.0,-0.00014871734634479337,2.2116849103837227e-08,9.98,17.8,18.88,17.14,17.3,False,0.007871361,0.0
2023-08-21,4380.2798,4407.5498,4360.2998,4399.77,3726850000.0,0.006855621481266927,4.699954589440853e-05,10.26,18.03,18.11,16.88,17.13,True,0.009304496,0.0
2023-08-22,4415.3301,4418.5898,4382.77,4387.5498,3522760000.0,-0.0027813276757572996,7.735783639933502e-06,10.18,16.96,17.58,16.61,16.97,True,0.006808032,0.0
2023-08-23,4396.4399,4443.1802,4396.4399,4436.0098,3837270000.0,0.010984339528236568,0.00012065571487158035,10.88,16.64,17.1,15.91,15.98,True,0.008584878,0.0
2023-08-24,4455.1602,4458.2998,4375.5498,4376.3101,3723470000.0,-0.013549352271636728,0.00018358494698090736,11.9,15.57,17.32,15.48,17.2,True,0.007412746,0.0
2023-08-25,4389.3799,4418.46,4356.29,4405.71,3296180000.0,0.0066955004651777115,4.482972647919495e-05,11.86,17.21,17.36,15.45,15.68,False,0.0075270557,0.0
2023-08-28,4426.0298,4439.5601,4414.98,4433.3101,2957230000.0,0.006245079067666134,3.900101256140171e-05,11.64,16.24,16.28,15.0,15.08,True,0.0077970657,0.0
2023-08-29,4432.75,4500.1401,4431.6802,4497.6299,3354820000.0,0.014404063193709078,0.00020747703648836457,12.65,15.08,15.3,14.34,14.45,True,0.0060100984,0.0
2023-08-30,4500.3398,4521.6499,4493.5898,4514.8701,3064110000.0,0.003825846552871078,1.463710184611551e-05,12.71,14.53,14.7,13.83,13.88,True,0.0063275397,0.0
2023-08-31,4517.0098,4532.2598,4507.3901,4507.6602,3946360000.0,-0.0015981994617744674,2.5542415196161974e-06,11.83,13.98,14.0,13.44,13.57,True,0.0064302534,0.0
2023-09-01,4530.6001,4541.25,4501.3501,4515.77,3246260000.0,0.0017974987346973908,3.231001701238721e-06,11.79,13.56,13.56,13.02,13.09,False,0.007048458,0.0
2023-09-05,4510.0601,4514.29,4496.0098,4496.8301,3526250000.0,-0.004202988631722878,1.7665113438391755e-05,11.72,14.15,14.47,13.7,14.01,True,0.0066633346,0.0
2023-09-06,4490.3501,4490.3501,4442.3799,4465.48,3418850000.0,-0.006996014982140269,4.8944225630331114e-05,11.54,14.27,15.3,14.13,14.45,True,0.006318346,0.0
2023-09-07,4434.5498,4457.8101,4430.46,4451.1401,3763760000.0,-0.0032164457388538853,1.0345523190991316e-05,11.51,14.81,15.69,14.4,14.4,True,0.007578525,0.0
2023-09-08,4451.2998,4473.5298,4448.3799,4457.4902,3259290000.0,0.0014256065998095636,2.0323541774205852e-06,11.29,14.22,14.87,13.58,13.84,False,0.008122553,0.0
2023-09-11,4480.98,4490.77,4467.8901,4487.46,3369920000.0,0.006700967914687292,4.490297099366855e-05,11.53,14.17,14.33,13.74,13.8,True,0.007300551,0.0
2023-09-12,4473.27,4487.1099,4456.8301,4461.8999,3435740000.0,-0.005712178253097675,3.2628980395162006e-05,11.68,14.02,14.42,13.71,14.23,True,0.0065827984,0.0
2023-09-13,4462.6499,4479.3901,4453.52,4467.4399,3529430000.0,0.0012408533743639763,1.5397170966704664e-06,11.5,14.42,14.68,13.41,13.48,True,0.008183296,0.0
2023-09-14,4487.7798,4511.9902,4478.6899,4505.1001,3648720000.0,0.008394595322361255,7.046923062620946e-05,11.12,13.39,13.46,12.79,12.82,True,0.008041228,0.0
2023-09-15,4497.98,4497.98,4447.21,4450.3198,6932230000.0,-0.01223415180476216,0.0001496744703819652,11.68,12.7,14.17,12.68,13.79,False,0.00632586,0.0
2023-09-18,4445.1299,4466.3599,4442.1099,4453.5298,3161230000.0,0.0007210364692304275,5.198935899602812e-07,11.34,14.4,14.75,13.86,14.0,True,0.0071119545,0.0
2023-09-19,4445.4102,4449.8501,4416.6099,4443.9502,3614880000.0,-0.0021533296397587003,4.636828537463334e-06,11.36,14.11,14.88,13.86,14.11,True,0.007352146,0.0
2023-09-20,4452.8101,4461.0298,4401.3799,4402.2002,3308450000.0,-0.00943920419628743,8.909857585921023e-05,11.55,14.18,15.15,13.57,15.14,True,0.0083698975,0.0
2023-09-21,4374.3599,4375.7002,4329.1699,4330.0,3662340000.0,-0.016536919383296593,0.0002734697026896506,12.91,15.49,17.54,15.1,17.54,True,0.008300735,0.0
2023-09-22,4341.7402,4357.3999,4316.4902,4320.0601,3349570000.0,-0.002298227818114063,5.281851103953327e-06,12.34,17.31,17.41,15.93,17.2,False,0.009891918,0.0
2023-09-25,4310.6201,4338.5098,4302.7002,4337.4399,3195650000.0,0.004014975072918378,1.6120024836155937e-05,11.47,17.25,18.41,16.79,16.9,True,0.013715438,0.0
2023-09-26,4312.8799,4313.0098,4265.98,4273.5298,3472340000.0,-0.01484415246260651,0.0002203488623331069,13.39,18.03,19.5,17.17,18.94,True,0.009505555,0.0
2023-09-27,4282.6299,4292.0698,4238.6299,4274.5098,3875880000.0,0.00022929234073573945,5.2574977520074446e-08,12.22,18.29,19.71,18.03,18.22,True,0.011143603,0.0
2023-09-28,4269.6499,4317.27,4264.3799,4299.7002,3846230000.0,0.005875870191335131,3.452585050542075e-05,12.26,18.22,18.77,17.06,17.34,True,0.011846483,0.0
2023-09-29,4328.1802,4333.1499,4274.8599,4288.0498,3865960000.0,-0.0027132618316359543,7.361789767012494e-06,12.28,16.87,17.74,15.83,17.52,False,0.009323275,0.0
2023-10-02,4284.52,4300.5801,4260.21,4288.3901,3938660000.0,7.93569369450002e-05,6.297523441292738e-09,12.28,17.31,18.55,16.93,17.61,True,0.0101551805,0.0
2023-10-03,4269.75,4281.1499,4216.4502,4229.4502,3953830000.0,-0.013839386192786596,0.0001915286101930923,13.05,17.81,20.48,17.52,19.78,True,0.0078789545,0.0
2023-10-04,4233.8301,4268.5,4220.48,4263.75,3777600000.0,0.008077046499528945,6.523868015555278e-05,13.12,20.72,20.88,18.3,18.58,True,0.008913986,0.0
2023-10-05,4259.3101,4267.1299,4225.9102,4258.1899,3581470000.0,-0.001304890870903706,1.7027401849678326e-06,13.07,18.67,19.58,18.26,18.49,True,0.00973786,0.0
2023-10-06,4234.79,4324.1001,4219.5498,4308.5,3902030000.0,0.011745651817869686,0.00013796033662662546,13.65,18.73,19.93,17.19,17.45,False,0.008804688,0.0
2023-10-09,4289.02,4341.73,4283.79,4335.6602,3174630000.0,0.006284078210122863,3.9489638950940965e-05,13.64,19.54,19.6,17.56,17.7,True,0.008054121,0.0
2023-10-10,4339.75,4385.46,4339.6401,4358.2402,3520240000.0,0.005194458121892151,2.698239518009133e-05,13.64,17.7,17.86,16.51,17.03,True,0.007590104,0.0
2023-10-11,4366.5898,4378.6401,4345.3398,4376.9502,3601660000.0,0.004283828458404049,1.835118626103241e-05,13.7,16.95,17.78,16.09,16.09,True,0.008148326,0.0
2023-10-12,4380.9399,4385.8501,4325.4302,4349.6099,3713140000.0,-0.00626601756975706,3.926297618450417e-05,13.6,16.08,18.08,15.44,16.69,True,0.0076100663,0.0
2023-10-13,4360.4902,4377.1001,4311.9702,4327.7798,2302663000.0,-0.005031500672192469,2.5315999014273264e-05,13.02,16.53,20.78,16.5,19.32,False,0.0073289857,0.0
2023-10-16,4342.3701,4383.3301,4342.3701,4373.6299,3409960000.0,0.010538642802515675,0.00011106299211901543,13.53,19.1,19.57,17.14,17.21,True,0.009033273,0.0
2023-10-17,4345.23,4393.5698,4337.54,4373.2002,3794850000.0,-9.825273737632877e-05,9.653600401941833e-09,13.51,17.41,18.54,16.97,17.88,True,0.008602503,0.0
2023-10-18,4357.3501,4364.2002,4303.8398,4314.6001,3686030000.0,-0.0134904087798078,0.00018199112904631538,13.9,18.36,20.15,17.88,19.22,True,0.00890638,0.0
2023-10-19,4321.3599,4339.54,4269.6899,4278.0,3969730000.0,-0.00851903287127158,7.257392106180571e-05,13.02,19.73,21.4,18.55,21.4,True,0.009632887,0.0
2023-10-20,4273.8501,4276.5601,4223.0298,4224.1602,4004030000.0,-0.012665138839067619,0.00016040574181285907,13.7,21.59,21.83,20.42,21.71,False,0.011066678,0.0
2023-10-23,4210.3999,4255.8398,4189.2202,4217.04,3776100000.0,-0.0016870116855371607,2.8460084271389317e-06,13.61,21.83,23.08,19.48,20.37,True,0.014335269,0.0
2023-10-24,4235.79,4259.3799,4219.4302,4247.6802,3821820000.0,0.00723953848428428,5.241091746543312e-05,12.85,20.03,20.24,18.65,18.97,True,0.012981506,0.0
2023-10-25,4232.4199,4232.4199,4181.4199,4186.77,3869370000.0,-0.0144434450238718,0.00020861310415760706,12.69,19.39,21.24,18.86,20.19,True,0.0077514336,0.0
2023-10-26,4175.9902,4183.6001,4127.8999,4137.23,4277640000.0,-0.011903071819740901,0.00014168311874590997,13.41,21.78,21.96,20.22,20.68,True,0.008930637,0.0
2023-10-27,4152.9302,4156.7002,4103.7798,4117.3701,4019500000.0,-0.004811847473860467,2.3153876111697354e-05,13.39,20.39,22.07,19.72,21.27,False,0.010748161,0.0
2023-10-30,4139.3901,4177.4702,4132.9399,4166.8198,3911140000.0,0.011938472662387473,0.00014252712951057304,14.0,21.13,21.16,19.55,19.75,True,0.01064395,0.0
2023-10-31,4171.3301,4195.5498,4153.1201,4193.7998,4249470000.0,0.006454089516253103,4.165527148380822e-05,14.17,19.86,19.86,17.97,18.14,True,0.007845007,0.0
2023-11-01,4201.27,4245.6401,4197.7402,4237.8599,4224900000.0,0.01045120477236935,0.00010922768119399587,13.9,18.02,18.42,16.63,16.87,True,0.0069336337,0.0
2023-11-02,4268.2598,4319.7202,4268.2598,4317.7798,4669780000.0,0.018682933707450767,0.0003490520119170001,15.09,16.59,16.62,15.58,15.66,True,0.0066330926,0.0
2023-11-03,4334.23,4373.6201,4334.23,4358.3398,4570960000.0,0.009349870068505359,8.74200702979324e-05,15.4,15.7,15.83,14.91,14.91,False,0.0069350502,0.0
2023-11-06,4364.27,4372.21,4347.5298,4365.98,3656340000.0,0.0017514722358354287,3.0676549929023553e-06,14.92,15.39,15.58,14.84,14.89,True,0.0067105144,0.0
2023-11-07,4366.21,4386.2598,4355.4102,4378.3799,3791230000.0,0.002836092853742051,8.043422675046731e-06,14.77,15.1,15.17,14.71,14.81,True,0.0063983514,0.0
2023-11-08,4384.3701,4391.2002,4359.7598,4382.7798,3729510000.0,0.0010044104937159237,1.0088404398866656e-06,14.65,14.91,15.09,14.3,14.45,True,0.006399066,0.0
2023-11-09,4391.4102,4393.3999,4343.9399,4347.3501,3900780000.0,-0.008116693546781866,6.588071413237038e-05,14.85,14.61,15.57,14.13,15.29,True,0.0067682555,0.0
2023-11-10,4364.1499,4418.0298,4353.3398,4415.2402,3665080000.0,0.015495750946117397,0.00024011829738409822,15.63,15.09,15.45,14.16,14.17,False,0.0076821893,0.0
2023-11-13,4406.6602,4421.7598,4393.8198,4411.5498,3326240000.0,-0.0008361817183885554,6.991998661672374e-07,15.51,15.16,15.19,14.58,14.76,True,0.008248604,0.0
2023-11-14,4458.9702,4508.6699,4458.9702,4495.7002,4700350000.0,0.018895372579792118,0.00035703510492915983,16.44,14.83,14.86,13.91,14.16,True,0.009171756,0.0
2023-11-15,4505.2998,4521.1699,4495.3101,4502.8799,4347170000.0,0.0015957409821857353,2.5463892822270952e-06,16.46,14.21,14.35,13.97,14.18,True,0.008911068,0.0
2023-11-16,4497.0801,4511.9902,4487.8301,4508.2402,3964520000.0,0.0011897079547857176,1.4154050176804151e-06,15.82,14.12,14.42,13.68,14.32,True,0.00906208,0.0
2023-11-17,4509.5498,4520.1201,4499.6602,4514.02,3777240000.0,0.001281231235307117,1.641553478326601e-06,15.48,14.18,14.19,13.67,13.8,False,0.009211456,0.0
2023-11-20,4511.7002,4557.1099,4510.3599,4547.3799,3644790000.0,0.007363111900241855,5.4215416855483226e-05,15.11,14.26,14.31,13.39,13.41,True,0.009724088,0.0
2023-11-21,4538.77,4542.1401,4525.5098,4538.1899,3511080000.0,-0.0020229888353639485,4.092483828007185e-06,15.12,13.45,14.31,13.13,13.35,True,0.007410282,0.0
2023-11-22,4553.04,4568.4302,4545.0498,4556.6201,3042810000.0,0.0040529104462859586,1.6426083085613847e-05,14.96,13.08,13.25,12.82,12.85,False,0.0096222535,0.0
2023-11-24,4555.8398,4560.3101,4552.7998,4559.3398,1639500000.0,0.0005966897859418467,3.560387006473269e-07,14.19,13.03,13.17,12.45,12.46,False,0.008165958,0.0
2023-11-27,4554.8599,4560.52,4546.3198,4550.4302,3403990000.0,-0.0019560543989118767,3.826148811502503e-06,13.51,13.14,13.28,12.64,12.69,True,0.0077088145,0.0
2023-11-28,4545.5498,4568.1401,4540.5098,4554.8901,3586240000.0,0.0009796251443603633,9.596654234630627e-07,13.41,12.78,14.3,12.56,12.69,True,0.00795798,0.0
2023-11-29,4571.8398,4587.6401,4547.1499,4550.5801,4418760000.0,-0.0009466837466314408,8.962101161361421e-07,12.73,12.71,13.1,12.48,12.98,True,0.007500607,0.0
2023-11-30,4554.8701,4569.8901,4537.2402,4567.7998,5399300000.0,0.0037769254317097426,1.4265165716695825e-05,12.59,13.07,13.39,12.82,12.92,True,0.008353664,0.0
2023-12-01,4559.4302,4599.3901,4554.71,4594.6299,4397120000.0,0.005856563720831881,3.4299338616164166e-05,12.19,12.94,12.96,12.48,12.63,False,0.0074511617,0.0
2023-12-04,4564.3701,4572.3701,4546.7202,4569.7798,4369910000.0,-0.005423188556365092,2.941097411788929e-05,10.48,13.28,13.7,12.98,13.08,True,0.007081965,0.0
2023-12-05,4557.25,4578.5601,4551.6802,4567.1802,2322321000.0,-0.0005690295393971211,3.2379461670649984e-07,10.0,13.26,13.76,12.81,12.85,True,0.0072213416,0.0
2023-12-06,,,,4549.34,,-0.003913822902081326,1.5318009708856296e-05,10.05,12.78,13.03,12.64,12.97,True,0.0082189385,0.0
2023-12-07,,,,4585.59,,0.007936610413312938,6.298978485270736e-05,10.29,13.17,13.28,12.95,13.06,True,0.0072493763,0.0
2023-12-08,,,,4604.37,,0.004087074621006593,1.6704178957676184e-05,10.39,13.14,13.24,12.35,12.35,False,0.0064220275,0.0
2023-12-11,,,,4622.44,,0.003916851675081129,1.5341727044585846e-05,10.11,13.05,13.14,12.61,12.63,True,0.0065475116,0.0
2023-12-12,,,,4643.7,,0.004588758060085738,2.1056700534001823e-05,8.72,12.69,12.74,11.81,12.07,True,0.005942623,0.0
2023-12-13,,,,4707.09,,0.013558420429298217,0.00018383076453761123,9.99,12.2,12.46,11.82,12.19,True,0.0059312205,0.0
2023-12-14,,,,4719.55,,0.0026435733742609306,6.988480185101323e-06,7.58,11.96,12.74,11.84,12.48,True,0.005712241,0.0
2023-12-15,,,,4719.19,,-7.628136810104926e-05,5.8188471193677755e-09,7.57,12.12,12.54,12.01,12.28,False,0.005459866,0.0
2023-12-18,,,,4740.56,,0.004518097487249544,2.0413204904290644e-05,7.84,12.62,12.64,12.4,12.56,True,0.006389657,0.0
2023-12-19,,,,4768.37,,0.005849255234901429,3.4213786803021775e-05,8.09,12.6,12.6,12.33,12.53,True,0.0052540535,0.0
2023-12-20,,,,4698.35,,-0.014793144174519959,0.00021883711456813378,9.03,12.63,13.93,12.29,13.67,True,0.0055745146,0.0
2023-12-21,,,,4746.75,,0.01024879009249407,0.00010503769836000462,9.59,13.4,14.49,13.34,13.65,True,0.006323105,0.0
2023-12-22,,,,4754.63,,0.0016587067997896167,2.7513082476683117e-06,9.54,13.72,13.96,13.0,13.03,False,0.0069917045,0.0
2023-12-26,,,,4774.75,,0.004222736399949838,1.7831502703461323e-05,9.66,13.77,13.8,12.96,12.99,True,0.00699821,0.0
2023-12-27,,,,4781.58,,0.001429419277681746,2.0432394714082046e-06,9.7,13.02,13.04,12.37,12.43,True,0.0063999547,0.0
2023-12-28,,,,4783.35,,0.00037010203319937546,1.3697551497831162e-07,9.7,12.44,12.65,12.38,12.47,True,0.006852224,0.0
2023-12-29,,,,4769.83,,-0.0028304729998547477,8.011577402906734e-06,9.77,12.55,13.19,12.36,12.45,False,0.006510675,0.0
