,True_Return,Pred_Mean,Pred_Std,Pred_LB_95,Pred_UB_95
2020-01-01,0.015292349,-0.00067498744,0.0019977945,-0.0047726845,0.0028462645
2020-01-02,0.0050095636,-0.000642273,0.0018194837,-0.00407348,0.0035280564
2020-01-03,0.0045309705,-0.0005168157,0.0018628526,-0.002900091,0.0041005663
2020-01-06,0.015756931,-0.00021213312,0.002426092,-0.0041643963,0.0046589836
2020-01-07,-0.010877478,-0.00069994933,0.0023923959,-0.0050101066,0.0045558508
2020-01-08,0.007796986,-0.0006292984,0.0023244568,-0.0046034316,0.0048458856
2020-01-09,-0.0056595914,-0.0008649014,0.0021918656,-0.005965188,0.0036967692
2020-01-10,0.01041181,-0.0002935975,0.0020749797,-0.0030500193,0.006204618
2020-01-13,-0.009406645,-0.00064375845,0.001899548,-0.0042222976,0.0034203483
2020-01-14,0.013317301,-0.00086461497,0.0025092063,-0.006454406,0.0036404557
2020-01-15,0.009041057,-0.0005059149,0.0019345592,-0.0036162639,0.00403699
2020-01-16,-0.0034119154,-0.00081004645,0.0019588845,-0.0044902326,0.0034475552
2020-01-17,0.0028445625,-0.0006788976,0.0020177457,-0.004336581,0.0044472367
2020-01-20,0.008371797,-0.00035175012,0.001980158,-0.0032158461,0.005194262
2020-01-21,0.0016776293,-0.0007357047,0.0019181451,-0.0046140375,0.003541805
2020-01-22,0.005730631,-0.0007117718,0.0013103434,-0.0027752216,0.002183442
2020-01-23,-0.012396378,-0.00046788214,0.0016669738,-0.0028705692,0.0031722342
2020-01-24,-0.00620964,-0.0007074824,0.0020319526,-0.0042976453,0.0043443656
2020-01-27,0.0073679285,-0.00092644064,0.0016426776,-0.0041301986,0.0024585193
2020-01-28,-0.0064944355,-0.00085509056,0.0015215843,-0.0034593616,0.003053215
2020-01-29,0.012351783,-0.0007891552,0.0016489883,-0.002826961,0.003215606
2020-01-30,-0.0037573015,-0.00095742167,0.001570152,-0.0030970494,0.0027149885
2020-01-31,0.0076412363,-0.00067069917,0.0016546835,-0.0032881058,0.0026232013
2020-02-03,0.0071553625,-0.00092513976,0.0013798057,-0.0030555085,0.0027953212
2020-02-04,0.0036054233,-0.00087823434,0.0014094099,-0.0031738752,0.0020793474
2020-02-05,0.0064091603,-0.000933557,0.0013896317,-0.002920206,0.0020560534
2020-02-06,0.006407126,-0.0009238207,0.0015092241,-0.0034543928,0.0024487346
2020-02-07,0.0006328292,-0.0011953164,0.0012413148,-0.0031629237,0.0012168278
2020-02-10,0.0027384656,-0.0009520287,0.0015279244,-0.0030620382,0.0030700066
2020-02-11,-0.008001056,-0.0011909284,0.0010026632,-0.0027152484,0.0012403316
2020-02-12,0.013899502,-0.0011423188,0.0012776282,-0.003009846,0.0020098896
2020-02-13,-0.0020492726,-0.0012011357,0.0012881831,-0.0030508111,0.0013824364
2020-02-14,-0.0001718974,-0.0013657124,0.0011624447,-0.0033656354,0.0018786244
2020-02-17,0.0027061773,-0.0011090705,0.0012917308,-0.0031545276,0.002186089
2020-02-18,0.0023007405,-0.0013850603,0.0013163146,-0.002999884,0.0017814512
2020-02-19,-0.004414123,-0.001436708,0.001033147,-0.003061134,0.0010477748
2020-02-20,0.0031536547,-0.0013967291,0.0011985144,-0.0032878052,0.0013538817
2020-02-21,0.0034351998,-0.0013500225,0.0012410092,-0.0035022194,0.0011201783
2020-02-24,0.009993616,-0.0014892631,0.0009860569,-0.0033054634,0.00091121095
2020-02-25,0.0035898997,-0.0013120717,0.0013424134,-0.00320815,0.002114232
2020-02-26,0.010144001,-0.0014663715,0.0011466006,-0.0029439256,0.00089255825
2020-02-27,0.0016716463,-0.0013022732,0.0012466331,-0.0030836584,0.001095561
2020-02-28,0.0067100027,-0.0013882248,0.0012099443,-0.0032466382,0.0012401348
2020-03-02,-0.002197375,-0.0013272881,0.001252257,-0.0031521781,0.0017206015
2020-03-03,0.007496831,-0.00142994,0.0011104156,-0.0032924395,0.0011581181
2020-03-04,0.01524905,-0.0014687645,0.0011576777,-0.003263285,0.0011756938
2020-03-05,-0.035757594,-0.0012846948,0.0013846555,-0.0032453279,0.002336688
2020-03-06,-0.008166281,-0.0012780204,0.0012214816,-0.0032659185,0.0011246818
2020-03-09,-0.02814883,-0.0011809946,0.0013608728,-0.0029984412,0.0019123761
2020-03-10,0.019944761,-0.0010455796,0.0013670817,-0.0029519703,0.0023033556
2020-03-11,-0.017741246,-0.0011301078,0.0013894557,-0.0028309713,0.0019124971
2020-03-12,0.00053293037,-0.0009668176,0.0013723848,-0.0029813163,0.002093334
2020-03-13,0.012661335,-0.0011995443,0.0012041802,-0.0030055018,0.0023338434
2020-03-16,0.005205786,-0.0012666403,0.001268605,-0.003105743,0.0013560889
2020-03-17,-0.004629647,-0.001157162,0.001371339,-0.0031639044,0.0021887806
2020-03-18,-0.00844795,-0.0009926553,0.0012991752,-0.0032855996,0.0022659006
2020-03-19,-0.011245577,-0.00077334634,0.0014693013,-0.002678783,0.0024398274
2020-03-20,-0.011638564,-0.0007860205,0.0013983008,-0.0026773866,0.0027675244
2020-03-23,0.010463016,-0.0010969406,0.0013385587,-0.0029725279,0.002252386
2020-03-24,-0.024007339,-0.0009845921,0.0014563965,-0.0032502625,0.0024243612
2020-03-25,0.0029830055,-0.0009254909,0.0015509175,-0.003449997,0.0027099722
2020-03-26,0.01585044,-0.0009813014,0.001615471,-0.0036867019,0.003724998
2020-03-27,0.015982192,-0.0005630208,0.0019091244,-0.0035467339,0.0037782537
2020-03-30,-0.0048242826,-0.00087920425,0.0014823471,-0.003601829,0.0023714686
2020-03-31,0.008219843,-0.00075214147,0.001991564,-0.0045211,0.0048627304
2020-04-01,0.0052789496,-0.000549743,0.0017453047,-0.0028971515,0.0040308447
2020-04-02,-0.0096238125,-0.00091508107,0.0015366704,-0.0033496586,0.0031928343
2020-04-03,0.017813109,-0.00059836055,0.0016157333,-0.0026997877,0.003181228
2020-04-06,-0.014072064,-0.00061470235,0.0016924554,-0.0031799322,0.00362846
2020-04-07,0.017247163,-0.0008128315,0.001756837,-0.003681386,0.0036258071
2020-04-08,0.007978213,-0.0008336056,0.0017263637,-0.0041665565,0.0029048098
2020-04-09,0.008755095,-0.0007864276,0.0017801486,-0.003746227,0.003672468
2020-04-10,0.01628253,-0.000644578,0.002031668,-0.0044899234,0.003150804
2020-04-13,-0.0063268915,-0.0004876597,0.002240486,-0.003643639,0.004064187
2020-04-14,-0.0066451724,-0.0005159583,0.0018750731,-0.004126715,0.003450827
2020-04-15,-0.0015289235,-0.0007153158,0.0018480461,-0.004208686,0.0028637059
2020-04-16,0.00013491054,-0.0005616086,0.0015533254,-0.003073674,0.0032482105
2020-04-17,-0.016464664,-0.0007588098,0.001526585,-0.0030153901,0.0030869506
2020-04-20,0.004716195,-0.00065456127,0.0017439403,-0.003377237,0.0030848745
2020-04-21,-0.0021981138,-0.00092799676,0.0014015875,-0.0026339886,0.0027275218
2020-04-22,0.0052053537,-0.0008446963,0.001545494,-0.0035403257,0.0022174031
2020-04-23,0.0034398385,-0.000848383,0.0013926878,-0.0027911048,0.002296735
2020-04-24,-0.018764473,-0.0010293733,0.0012993333,-0.003283085,0.0013979587
2020-04-27,-0.0030302054,-0.0008740454,0.0018248361,-0.0035666407,0.0028022507
2020-04-28,-0.03592554,-0.0008807095,0.0014268032,-0.0031418954,0.0028186357
2020-04-29,0.011876525,-0.0008435522,0.0016636418,-0.00367252,0.003701297
2020-04-30,-0.012203713,-0.000721523,0.0015027088,-0.0028316195,0.00247937
2020-05-01,0.0122429505,-0.00066320854,0.001705344,-0.003499494,0.0038383906
2020-05-04,0.017642738,-0.00047511703,0.0018917819,-0.0030509597,0.00441621
2020-05-05,0.021807525,-0.00065656495,0.0016764326,-0.0038966786,0.002880699
2020-05-06,0.01927328,-0.00078014575,0.0018794636,-0.0042019505,0.003958693
2020-05-07,-0.00028778228,-0.0007263203,0.001778633,-0.0035280532,0.0033714573
2020-05-08,0.011631986,-0.00041430307,0.0017176464,-0.0032384533,0.0036735607
2020-05-11,-0.0014007835,-0.0008491467,0.0015566996,-0.0039058714,0.002470006
2020-05-12,0.0076227332,-0.00084329414,0.001471269,-0.0033688988,0.0022878465
2020-05-13,-0.010028651,-0.0006976301,0.0016031589,-0.0033855292,0.002791098
2020-05-14,0.013518549,-0.0009161175,0.0015688977,-0.0039710645,0.0017520243
2020-05-15,0.011580733,-0.000619031,0.0016135392,-0.0032470308,0.0037223513
2020-05-18,-0.0048034484,-0.0008421735,0.0015467753,-0.0031630155,0.003306881
2020-05-19,-0.011631213,-0.0008077499,0.0014468599,-0.0030025635,0.0021076046
2020-05-20,0.003938682,-0.0009699425,0.0015788256,-0.004296007,0.0025719788
2020-05-21,-0.0068157436,-0.0009973065,0.0015499723,-0.0045997864,0.0021287424
2020-05-22,0.0056201224,-0.0006076503,0.0017676955,-0.0037991041,0.0033409593
2020-05-25,0.016032452,-0.00089387747,0.0014807346,-0.003599867,0.0020020597
2020-05-26,-0.001585672,-0.00093429355,0.0017171816,-0.0039162925,0.002314199
2020-05-27,0.0023941123,-0.0006821719,0.00140479,-0.0031359256,0.0022105176
2020-05-28,-0.0046061366,-0.0006751576,0.0013784755,-0.0024925955,0.002624584
2020-05-29,0.01120815,-0.0008760777,0.001481659,-0.0032230718,0.0026637977
2020-06-01,0.0017895486,-0.0008912126,0.0016118764,-0.0030560808,0.0027911966
2020-06-02,-0.0006243414,-0.0008595522,0.0012562178,-0.0027984865,0.0020680141
2020-06-03,0.008797451,-0.00088278356,0.0014178358,-0.0030863115,0.002005791
2020-06-04,-0.0019374982,-0.0009465358,0.0014407655,-0.0031040825,0.001666136
2020-06-05,0.0027832605,-0.00078207836,0.0017011472,-0.002786801,0.0041508456
2020-06-08,-0.007980957,-0.0010826066,0.0011482469,-0.0027299086,0.0017579225
2020-06-09,-0.0012859425,-0.0010117318,0.0013202088,-0.0030600042,0.0022757933
2020-06-10,-0.0012657881,-0.0010559796,0.0012694257,-0.0030088604,0.002149247
2020-06-11,-0.004368796,-0.0010608279,0.0013906306,-0.0031567542,0.002187282
2020-06-12,0.0128384745,-0.0012789086,0.0014180518,-0.0033989474,0.0023826703
2020-06-15,0.0017712243,-0.0012056245,0.0014261333,-0.0033310864,0.0024872026
2020-06-16,0.005741154,-0.0013122533,0.0011345429,-0.003225105,0.001198944
2020-06-17,-0.0035173055,-0.0011661865,0.0013577007,-0.00324147,0.0017715701
2020-06-18,-0.003913931,-0.0011939151,0.0014925587,-0.0031135587,0.0035457541
2020-06-19,-0.0020752414,-0.0012925771,0.0012397706,-0.0032883352,0.0014704511
2020-06-22,0.00074553327,-0.0013346795,0.0011797413,-0.003220906,0.0016202722
2020-06-23,0.0035303638,-0.0015389998,0.0009706993,-0.0030375244,0.00064330816
2020-06-24,0.008684695,-0.0013853227,0.001329106,-0.0031594208,0.0023419473
2020-06-25,-0.0022298733,-0.0013836041,0.0012140556,-0.003014328,0.0011951302
2020-06-26,0.0013406482,-0.0014241043,0.0010721723,-0.0034378232,0.0009873131
2020-06-29,0.0064182235,-0.0015382236,0.0010113438,-0.003112333,0.0009220145
2020-06-30,-0.014864772,-0.0014200276,0.0013346365,-0.0035074041,0.0014018747
2020-07-01,0.00705763,-0.0014589927,0.0011141644,-0.0029417495,0.0012308105
2020-07-02,0.0056936075,-0.0013796022,0.0014738454,-0.0035281233,0.0023706343
2020-07-03,0.014738248,-0.0014066222,0.0011047891,-0.0032366072,0.00089151267
2020-07-06,0.0054768394,-0.001275279,0.0013248825,-0.0032153875,0.00136916
2020-07-07,-0.006576321,-0.0012802078,0.0011472686,-0.003005153,0.0015789582
2020-07-08,0.0004156931,-0.0015109276,0.0011001043,-0.003096501,0.0011554675
2020-07-09,0.0022730704,-0.0014026216,0.0012271943,-0.0033381912,0.001501251
2020-07-10,-0.0037605267,-0.0014665925,0.0011570541,-0.003063279,0.0015652037
2020-07-13,-0.0072159907,-0.0015428832,0.0012569609,-0.0031906303,0.001241265
2020-07-14,0.0081034545,-0.0014120581,0.0011059758,-0.0031440994,0.000946906
2020-07-15,0.013839421,-0.0014595388,0.0010780995,-0.002886312,0.0011656284
2020-07-16,0.00031668076,-0.0012871686,0.001273406,-0.0031367869,0.0018268318
2020-07-17,-0.0030151533,-0.001290802,0.001162397,-0.003180275,0.001399201
2020-07-20,0.003609308,-0.001530046,0.0011751202,-0.0031730654,0.0012706618
2020-07-21,-0.0014899457,-0.001361196,0.0011514578,-0.002955307,0.0013627387
2020-07-22,-0.026013317,-0.0014120068,0.0010356932,-0.0028623322,0.0011604334
2020-07-23,0.009713309,-0.0010131348,0.0016244132,-0.0034423552,0.002864431
2020-07-24,-0.01950038,-0.0012605307,0.0011498835,-0.0033592645,0.001602721
2020-07-27,0.015924295,-0.0011214258,0.0013379159,-0.003067045,0.0013436639
2020-07-28,0.013802541,-0.0012209334,0.0011870757,-0.0032232334,0.0013202607
2020-07-29,0.0010082441,-0.0012488157,0.0014262017,-0.0030774043,0.0024567097
2020-07-30,0.010794856,-0.0011479717,0.0014802427,-0.0029488197,0.0022675497
2020-07-31,0.0038899228,-0.0010197832,0.0013667359,-0.0029021956,0.0017125462
2020-08-03,0.007372105,-0.0011008974,0.0012987916,-0.0028290586,0.0021616297
2020-08-04,-0.0011141435,-0.0011092942,0.0014279287,-0.002940147,0.002353568
2020-08-05,-0.00034524512,-0.0012979815,0.0010740266,-0.0027774505,0.0018510574
2020-08-06,0.0016610748,-0.0011584928,0.0011940069,-0.0028048395,0.0019042229
2020-08-07,0.004699972,-0.0012271157,0.0012294917,-0.002915712,0.0019127378
2020-08-10,-0.000569437,-0.0012079101,0.0013144945,-0.0029700447,0.0017635681
2020-08-11,-0.00032045087,-0.0011752625,0.0012303693,-0.002780818,0.0011812102
2020-08-12,-0.0044256123,-0.001295028,0.0012798273,-0.0034680336,0.0018205692
2020-08-13,-0.0018566166,-0.0012989949,0.0012153945,-0.0031173136,0.0018799591
2020-08-14,-0.007762903,-0.0011258845,0.0014083855,-0.0028844397,0.0026875576
2020-08-17,0.0012555252,-0.0010960221,0.0014042557,-0.0030435785,0.0019770695
2020-08-18,0.011287664,-0.0011186255,0.0014340123,-0.002850534,0.0025769419
2020-08-19,-0.024783384,-0.0011546958,0.0012654554,-0.002967896,0.0018258947
2020-08-20,-0.004761536,-0.0010334735,0.001582515,-0.003452641,0.0023962895
2020-08-21,0.023512183,-0.0011931936,0.001228612,-0.003154145,0.0015556412
2020-08-24,-0.008113697,-0.0009064682,0.0015983433,-0.0036334342,0.0029621047
2020-08-25,-0.013152318,-0.0011563556,0.0013319792,-0.0032926567,0.001963597
2020-08-26,-0.013508038,-0.0007788343,0.0014249749,-0.0028610793,0.0026423514
2020-08-27,0.019308338,-0.0007190729,0.0016023943,-0.0030668576,0.0034114057
2020-08-28,-0.0053736316,-0.0007596795,0.0017479677,-0.0031878601,0.0037211773
2020-08-31,0.01405539,-0.0008429387,0.0012940246,-0.0028279526,0.00237577
2020-09-01,0.006012225,-0.00066354126,0.0017095415,-0.0034292848,0.0035409674
2020-09-02,0.0103418175,-0.00091482414,0.0013957667,-0.002900794,0.0019118665
2020-09-03,0.0010148833,-0.0009778508,0.0014815464,-0.0030208381,0.0025574456
2020-09-04,0.006470926,-0.0010129274,0.0015258674,-0.0030879609,0.0033785019
2020-09-07,-0.0015708967,-0.0011080106,0.0014526871,-0.0031623216,0.0028114389
2020-09-08,0.0028752305,-0.001167635,0.0012881766,-0.0033594186,0.0014741357
2020-09-09,-0.014870546,-0.0011649536,0.0013424725,-0.0033548956,0.0022289942
2020-09-10,-0.00060289504,-0.0010696807,0.0015002191,-0.00303142,0.0035040854
2020-09-11,0.0070005595,-0.0010915741,0.0012507415,-0.0033101074,0.001833447
2020-09-14,-0.0076601263,-0.001119246,0.0013833409,-0.003044709,0.0027783227
2020-09-15,-0.0054823295,-0.0010951639,0.0013912781,-0.0030716222,0.0016759977
2020-09-16,0.0052265767,-0.0009249536,0.0013387997,-0.0026324086,0.0026929532
2020-09-17,0.016494414,-0.00095018715,0.0015322951,-0.0033893199,0.0024323752
2020-09-18,-0.00086837675,-0.0010204149,0.001451308,-0.003414246,0.0018866834
2020-09-21,-0.0031628448,-0.0008627073,0.0014251736,-0.0027988537,0.0029053402
2020-09-22,0.0036159677,-0.0010197358,0.0018400343,-0.003282359,0.0027105066
2020-09-23,0.011755824,-0.0010500706,0.0013029174,-0.002936677,0.002087125
2020-09-24,0.014334989,-0.000931669,0.0014527452,-0.003128764,0.0029573452
2020-09-25,-0.00097401213,-0.0010495001,0.0013484925,-0.0028540806,0.0015573693
2020-09-28,0.0014741678,-0.0009220237,0.001473938,-0.0029273233,0.0033577676
2020-09-29,0.0042117336,-0.0012822179,0.0011889015,-0.003096375,0.0017508352
2020-09-30,0.0076902923,-0.0011399019,0.0013504227,-0.0029029849,0.0022294833
2020-10-01,-0.00019610526,-0.001229743,0.0014575628,-0.0031074076,0.0030365412
2020-10-02,0.0032890697,-0.0012258431,0.0013837104,-0.0031771285,0.0021184895
2020-10-05,-0.0040960833,-0.0013944915,0.001139704,-0.0030574868,0.0015070451
2020-10-06,0.011033085,-0.0012987433,0.0012275137,-0.0031154258,0.001734261
2020-10-07,0.003602325,-0.0013488433,0.0015032241,-0.0036534672,0.0021658605
2020-10-08,-0.005320678,-0.0013432726,0.001033033,-0.0032105576,0.0008138019
2020-10-09,-0.0068255793,-0.0012496862,0.0012152371,-0.003220188,0.0019054648
2020-10-12,0.009263026,-0.0012298609,0.001478574,-0.0034954962,0.0018647334
2020-10-13,-0.009253328,-0.0013200692,0.0012356495,-0.003421317,0.0017950692
2020-10-14,0.0108694,-0.0013485578,0.0011938222,-0.0034819047,0.0016421324
2020-10-15,0.0017806857,-0.0011120774,0.0011525548,-0.0029410182,0.0016600408
2020-10-16,-0.00021491843,-0.00113589,0.0014180811,-0.0028055392,0.0026577879
2020-10-19,-0.0008458883,-0.0014279335,0.0011806502,-0.0033715004,0.0015044376
2020-10-20,0.006740032,-0.0013265118,0.0012255468,-0.002932906,0.0019322907
2020-10-21,-0.0072207153,-0.0012872202,0.0011436662,-0.0030754264,0.0009946233
2020-10-22,0.0027443373,-0.0012145635,0.0012497267,-0.003073903,0.0016630082
2020-10-23,-0.0067007374,-0.0013619551,0.001147445,-0.0032214995,0.001480201
2020-10-26,0.00070319546,-0.0012954518,0.0012197368,-0.003163451,0.0016871043
2020-10-27,0.008132306,-0.0013850656,0.0011154274,-0.0030401554,0.0010575186
2020-10-28,0.007346296,-0.0014482987,0.0011993019,-0.0034354222,0.0014798827
2020-10-29,-0.010490475,-0.0014113623,0.0012279929,-0.0032266497,0.0016650807
2020-10-30,-0.008711755,-0.0013220774,0.0011298647,-0.0030366713,0.0012447671
2020-11-02,-0.021682793,-0.0013894641,0.0011181323,-0.0032634456,0.0013338318
2020-11-03,0.012099654,-0.0013447262,0.0013394214,-0.003158628,0.0022352962
2020-11-04,0.014807779,-0.0012754649,0.0013766187,-0.0032352097,0.0017180893
2020-11-05,-0.0025332682,-0.0012450069,0.0011189074,-0.0029956352,0.0011158691
2020-11-06,-0.008553757,-0.0014030955,0.0010018141,-0.0029808225,0.00092090614
2020-11-09,-0.0029477512,-0.0012868753,0.0011727827,-0.0031173497,0.0013345543
2020-11-10,0.01049942,-0.0012760459,0.001252523,-0.003316803,0.001662337
2020-11-11,-0.0007841751,-0.0013378003,0.0012391956,-0.0032165577,0.0018428755
2020-11-12,0.009862487,-0.0011707481,0.0011387581,-0.0027902026,0.0014617814
2020-11-13,-0.00212754,-0.0011310885,0.0012167222,-0.002925507,0.0017495113
2020-11-16,0.0018750452,-0.0012962809,0.0010086165,-0.0031297666,0.0008260178
2020-11-17,0.0011646483,-0.0013655726,0.0011539387,-0.0030276028,0.0016616845
2020-11-18,0.00076859107,-0.0012533775,0.0012545821,-0.0032530641,0.0020138726
2020-11-19,-0.0004924728,-0.0013627522,0.0010776621,-0.0029329164,0.0010760367
2020-11-20,0.0014458942,-0.0013886887,0.0011574499,-0.003439123,0.0011719174
2020-11-23,-0.0036352985,-0.001458647,0.0010721578,-0.0033270877,0.0006798821
2020-11-24,0.008795294,-0.0015233901,0.0011392288,-0.003382414,0.000937572
2020-11-25,-0.0007970522,-0.0012873096,0.0011424344,-0.003063211,0.0011401185
2020-11-26,0.0001750223,-0.0012678172,0.0010713226,-0.003042433,0.0011149843
2020-11-27,-0.0018255418,-0.0013208758,0.0012003394,-0.0030921763,0.001100548
2020-11-30,0.0046414617,-0.0013008527,0.0011958913,-0.0028916392,0.0016245531
2020-12-01,0.0019465234,-0.0013345755,0.0014143905,-0.0032244902,0.0019017174
2020-12-02,0.0018135656,-0.0013960479,0.0012245409,-0.0033242044,0.0016301678
2020-12-03,-0.0020137297,-0.0014466955,0.0011111237,-0.0033467321,0.0008845035
2020-12-04,-0.005404692,-0.0013125581,0.0012462772,-0.0032167896,0.0011346514
2020-12-07,-0.00043580297,-0.0013409755,0.0012723829,-0.003238513,0.0016037135
2020-12-08,-0.013211363,-0.0013653451,0.0011288906,-0.0031288438,0.0011468009
2020-12-09,0.013905153,-0.0014226853,0.0011388962,-0.0032069124,0.0012004222
2020-12-10,0.005111406,-0.0014159012,0.0011809374,-0.0033118948,0.0013285407
2020-12-11,-0.0010838711,-0.0013100298,0.0012708427,-0.0030390264,0.001342553
2020-12-14,0.005794432,-0.0014383799,0.0010636739,-0.0032367953,0.0010069534
2020-12-15,0.0033250723,-0.0013231045,0.0012053844,-0.003366148,0.0016729175
2020-12-16,0.0023122963,-0.0013537455,0.0012444492,-0.0033966315,0.0011676295
2020-12-17,0.00027728808,-0.0015448355,0.0010086678,-0.0032508762,0.0006497935
2020-12-18,0.0013272795,-0.001448634,0.0010496074,-0.0031480687,0.0011138654
2020-12-21,0.0052080317,-0.0015100193,0.0011233309,-0.003462986,0.00080736144
2020-12-22,0.0074720955,-0.0014756046,0.0012206305,-0.0032555487,0.0016631577
2020-12-23,-0.0020239018,-0.0011672449,0.0011405735,-0.0029375432,0.0014211407
2020-12-24,0.0033533594,-0.0013921973,0.0012560585,-0.0030790141,0.0022455032
2020-12-25,-0.008597891,-0.0013695983,0.0011490136,-0.003235186,0.0009806063
2020-12-28,0.01121483,-0.0013186154,0.0011882329,-0.0032970477,0.0014865092
2020-12-29,0.0034452376,-0.0011723351,0.0012248916,-0.0032251547,0.0016537079
2020-12-30,-0.003523006,-0.0013856154,0.0010630386,-0.003445504,0.0012500557
2020-12-31,0.0011642466,-0.0014238367,0.0010157643,-0.003247081,0.00043089536
2021-01-01,-0.003267569,-0.0014236772,0.0011518578,-0.0033040517,0.0009147551
2021-01-04,-0.0075674085,-0.0013883392,0.0011724193,-0.003260641,0.0013700731
2021-01-05,-0.015996799,-0.0014283538,0.001146284,-0.0032352372,0.0010337932
2021-01-06,0.015048823,-0.0013952489,0.0012470211,-0.0033195303,0.0013574925
2021-01-07,0.008208022,-0.0012105308,0.0011879088,-0.0032139001,0.0015774878
2021-01-08,0.0020146533,-0.0014312867,0.0012648775,-0.0032328265,0.0017560791
2021-01-11,0.0100943195,-0.001514362,0.0011492475,-0.003094445,0.0014346523
2021-01-12,0.0023793748,-0.0012141422,0.0013322727,-0.0031420025,0.0020407552
2021-01-13,-0.0047235736,-0.0014079186,0.0011515247,-0.0030517702,0.0013436112
2021-01-14,-0.00018629646,-0.0013391194,0.0012007093,-0.0029821575,0.0016900883
2021-01-15,0.0041973395,-0.0012264833,0.0012789747,-0.0028447383,0.0022716715
2021-01-18,-0.0054207053,-0.0013459763,0.0012212775,-0.0029848267,0.0021844604
2021-01-19,-0.0018445036,-0.0013033497,0.0013163508,-0.003342392,0.0016723507
2021-01-20,0.008169951,-0.001346254,0.0013240508,-0.0035140398,0.0016358782
2021-01-21,-0.0046431404,-0.0011468846,0.0013174785,-0.0032650293,0.0019985253
2021-01-22,0.0059874766,-0.0014309027,0.0011345509,-0.0030910973,0.0015506252
2021-01-25,0.0016738597,-0.0012230427,0.0013549005,-0.002970336,0.0014547382
2021-01-26,-0.00094034534,-0.0013758678,0.0012493258,-0.0030589195,0.0013402477
2021-01-27,0.0009921864,-0.0014325434,0.0011395421,-0.0029314745,0.0013064276
2021-01-28,0.0012749406,-0.0015047413,0.000994223,-0.003141603,0.00073629955
2021-01-29,0.004137803,-0.0014272332,0.0012022898,-0.0029715355,0.0020405
2021-02-01,0.0016060114,-0.0013213253,0.0011738023,-0.0031778454,0.0013083344
2021-02-02,0.0026174309,-0.001472353,0.0011411695,-0.003366079,0.0013388079
2021-02-03,-0.007085747,-0.0013622574,0.001314182,-0.003477647,0.0017106833
2021-02-04,-0.010806662,-0.0013004687,0.0013450471,-0.0031296154,0.0025344442
2021-02-05,0.0012559067,-0.0012926651,0.0012241451,-0.0030872084,0.001494414
2021-02-08,0.0081086,-0.0014813414,0.0012347979,-0.0033967595,0.0015073167
2021-02-09,0.008487676,-0.0012745432,0.0011795197,-0.0032684407,0.000988911
2021-02-10,0.0014946199,-0.0011839825,0.001347938,-0.003168651,0.0018777469
2021-02-11,0.002217644,-0.0013526055,0.0013504334,-0.0033344573,0.0018183579
2021-02-12,-0.0058419406,-0.0014272925,0.0011694338,-0.0034028068,0.0013716132
2021-02-15,0.008769068,-0.0014349476,0.0011359906,-0.0032194904,0.0012198689
2021-02-16,0.0042973193,-0.0014780727,0.0011639275,-0.0034121277,0.00083534006
2021-02-17,-0.001350013,-0.0017291135,0.0010035534,-0.0032703562,0.0003668682
2021-02-18,0.00031162504,-0.0014483097,0.0010883838,-0.0031449022,0.0009114717
2021-02-19,0.0028386165,-0.0014068506,0.001161009,-0.0031817625,0.0013587145
2021-02-22,-0.00033508296,-0.0015121751,0.0010961927,-0.003320246,0.0007471214
2021-02-23,-0.0034013544,-0.0012195009,0.0012016429,-0.0030993372,0.0019084939
2021-02-24,-0.0013194454,-0.0014714744,0.0012118247,-0.0034660134,0.0016502674
2021-02-25,-0.0046162386,-0.0013311371,0.0012445089,-0.0031593037,0.0016176866
2021-02-26,-0.0077525508,-0.0012825445,0.001223289,-0.002904428,0.0017833324
2021-03-01,0.0022738997,-0.0013795285,0.0012086106,-0.0031662013,0.0015613317
2021-03-02,-0.005763219,-0.0013945949,0.0010800621,-0.0030938443,0.0008240279
2021-03-03,0.008438297,-0.0013359374,0.0010996881,-0.0030339141,0.0010524325
2021-03-04,-0.0015523458,-0.0013636685,0.0011779339,-0.0033456462,0.0015679135
2021-03-05,-0.009152638,-0.0015324885,0.0011070768,-0.0032887198,0.0012362205
2021-03-08,-0.017123066,-0.0010685481,0.0012995139,-0.0029374233,0.0019590536
2021-03-09,-0.00081270264,-0.0013360579,0.0011230457,-0.0032273438,0.0011854932
2021-03-10,0.009474587,-0.0014343931,0.0011308888,-0.0031545754,0.0010789981
2021-03-11,0.012061693,-0.0013743454,0.0012010445,-0.0032844674,0.0015179305
2021-03-12,0.0014599428,-0.0014442614,0.0010324274,-0.003116464,0.00035171636
2021-03-15,-0.00278024,-0.001355917,0.001229145,-0.0034869262,0.0013140553
2021-03-16,-0.020574322,-0.0014334655,0.001018732,-0.003085747,0.00070731324
2021-03-17,0.0015679593,-0.0014100539,0.0011802912,-0.0033087288,0.0020911698
2021-03-18,-0.011981221,-0.0015231711,0.0010943353,-0.003355334,0.0010576216
2021-03-19,0.011425952,-0.0014356253,0.0011687056,-0.003168173,0.0010869551
2021-03-22,-0.013070934,-0.0013413,0.0012832166,-0.0030571194,0.0014062229
2021-03-23,0.010469505,-0.0012435297,0.0012872439,-0.0031713496,0.0020017335
2021-03-24,0.004094402,-0.0011083637,0.0013285254,-0.0029230334,0.0020153709
2021-03-25,0.008264048,-0.0012416814,0.001506119,-0.0031791176,0.00247696
2021-03-26,-0.0019155744,-0.0010909679,0.0012781582,-0.003122439,0.0017764913
2021-03-29,-0.006889441,-0.001185451,0.0013044878,-0.0030192388,0.0014507675
2021-03-30,-0.0024196967,-0.0012216015,0.0012342358,-0.002895504,0.0018558844
2021-03-31,0.0030179552,-0.0012297949,0.0012332886,-0.0028842066,0.0018634847
2021-04-01,0.016919171,-0.0011941991,0.0012455431,-0.0029506863,0.0017612065
2021-04-02,0.007432509,-0.001060415,0.001453987,-0.0031217197,0.0018965977
2021-04-05,0.0033691004,-0.0011552428,0.0012782272,-0.003352596,0.0018965498
2021-04-06,0.007366138,-0.0012178238,0.0012455008,-0.0031192482,0.0017372654
2021-04-07,0.0036573207,-0.0011962825,0.0013845168,-0.0031409964,0.0018602735
2021-04-08,0.0029914055,-0.0010541122,0.0014572021,-0.0031152857,0.0026755652
2021-04-09,-0.001073133,-0.0012283967,0.0012314871,-0.0029782213,0.0021399644
2021-04-12,0.004736964,-0.0012025952,0.0010578232,-0.0027592208,0.0014085277
2021-04-13,0.0018181286,-0.0010607275,0.0013702417,-0.0029974591,0.0023929733
2021-04-14,-0.0050643566,-0.0012965747,0.0012631734,-0.002928975,0.0017336447
2021-04-15,0.009781279,-0.0013011374,0.0010948123,-0.0029288093,0.001161363
2021-04-16,0.0019474457,-0.0013702251,0.0011975548,-0.0033344284,0.0013108886
2021-04-19,0.0017984505,-0.001219145,0.0012160995,-0.003143346,0.0022195324
2021-04-20,0.0036736114,-0.0012593195,0.0011744014,-0.0029481936,0.0015994929
2021-04-21,0.00644049,-0.0012136333,0.001134961,-0.0028739655,0.001537228
2021-04-22,0.0041732364,-0.0014296866,0.0011709526,-0.0034400313,0.0014743911
2021-04-23,0.0037258444,-0.0012494937,0.0012000087,-0.0030688534,0.0015015003
2021-04-26,0.0008873919,-0.0012978523,0.0011865279,-0.0031006825,0.0015087883
2021-04-27,-0.003504912,-0.0014082757,0.0012040288,-0.0029211694,0.0020437574
2021-04-28,-0.008259834,-0.0015514045,0.0009944645,-0.0030912182,0.00055395486
2021-04-29,0.00055077573,-0.0014509786,0.0012417884,-0.0036601375,0.0011789822
2021-04-30,0.007196702,-0.001310065,0.0013040394,-0.0031994027,0.0017412861
2021-05-03,-1.074138e-05,-0.0014147606,0.0011580059,-0.0033657204,0.0012626076
2021-05-04,0.0038577795,-0.0014895541,0.001192332,-0.0032527586,0.0011555329
2021-05-05,-0.0026050196,-0.0013040667,0.001251853,-0.0031909691,0.0014904824
2021-05-06,0.0033790611,-0.0014996767,0.0011242877,-0.0030418525,0.0014439165
2021-05-07,-0.001399628,-0.0014979452,0.001355718,-0.0032605317,0.0019070327
2021-05-10,-0.0032022754,-0.0014975503,0.0010355798,-0.0030585807,0.0012238449
2021-05-11,0.0016557713,-0.0013808314,0.0010209774,-0.003006484,0.0010966485
2021-05-12,0.0022912312,-0.0016004301,0.0011247826,-0.0033937076,0.0009169754
2021-05-13,-0.022987023,-0.0013448116,0.001260035,-0.0032857244,0.0016528892
2021-05-14,0.013113836,-0.0013902104,0.0011626118,-0.003188545,0.001681387
2021-05-17,-0.019143376,-0.0012439179,0.0012162214,-0.0029734029,0.0013080577
2021-05-18,-0.01188555,-0.0015145295,0.0011506149,-0.0034070187,0.0011061094
2021-05-19,0.014094648,-0.0013980302,0.0010863757,-0.0030451547,0.0012391086
2021-05-20,-0.00848445,-0.0013044626,0.0012995803,-0.0033224104,0.0025624072
2021-05-21,0.011662589,-0.0013720543,0.0011525813,-0.003255141,0.0010159651
2021-05-24,0.020495608,-0.0011360634,0.0014073097,-0.0034051097,0.0024686726
2021-05-25,0.0030805438,-0.0011240019,0.001378227,-0.002914377,0.0021601273
2021-05-26,-0.0072069955,-0.0012632371,0.0011679974,-0.002925784,0.0015500445
2021-05-27,0.009503764,-0.0011973095,0.0012171157,-0.003194281,0.0013106585
2021-05-28,-0.009178157,-0.0010803278,0.0013252416,-0.0028377553,0.0024948898
2021-05-31,-0.007498729,-0.0012944028,0.0013660721,-0.0029764234,0.0017375444
2021-06-01,0.016216278,-0.0010203135,0.0012437403,-0.002840461,0.002095946
2021-06-02,-0.008781868,-0.0011702355,0.0012827538,-0.0030189196,0.0017723221
2021-06-03,-0.010340968,-0.0009531051,0.0013913541,-0.0031593363,0.0020591845
2021-06-04,-0.011453395,-0.0009975956,0.0014885471,-0.0032570052,0.0026425659
2021-06-07,0.017621763,-0.0006682849,0.0017416163,-0.002884404,0.0034820137
2021-06-08,0.010128733,-0.0007802476,0.0016711758,-0.0029731304,0.003617447
2021-06-09,0.0062043956,-0.0008751792,0.001582894,-0.0029917075,0.003125612
2021-06-10,0.013744052,-0.0008693475,0.0012889917,-0.0031252406,0.001733893
2021-06-11,-0.0010106562,-0.000998031,0.0014366903,-0.0031002287,0.0019432793
2021-06-14,0.0014009215,-0.0009986352,0.0017360233,-0.0042059193,0.002688672
2021-06-15,-0.0029942384,-0.00097004644,0.0014810708,-0.0033335343,0.0031303426
2021-06-16,-0.0026296333,-0.0011768361,0.0011922024,-0.0030445296,0.00186729
2021-06-17,0.0063538277,-0.00093622564,0.0015064048,-0.0030271527,0.003024976
2021-06-18,-0.00062983704,-0.0012398385,0.0010836647,-0.0031764035,0.0010258383
2021-06-21,-0.019583251,-0.0010522079,0.0011885881,-0.0033671996,0.0020203954
2021-06-22,-0.0009642394,-0.001128398,0.0012744751,-0.002906025,0.0014249585
2021-06-23,-0.004058437,-0.0010354576,0.0013283418,-0.0031611293,0.0016161335
2021-06-24,-0.0014420821,-0.00092557014,0.0012750997,-0.002819868,0.0024028025
2021-06-25,0.00911829,-0.0010793848,0.001318628,-0.0035205206,0.0018839379
2021-06-28,0.0028137977,-0.0010678862,0.0014010685,-0.0030958226,0.0023972513
2021-06-29,-0.014346027,-0.0011927275,0.0012048373,-0.0032163612,0.0018885954
2021-06-30,0.0008196416,-0.00096811465,0.0012051896,-0.003019795,0.0016584841
2021-07-01,-0.018559098,-0.0011642699,0.0011432827,-0.003457221,0.0017233619
2021-07-02,-0.009736791,-0.0009117995,0.0014570444,-0.0033843454,0.0027121142
2021-07-05,-0.011098745,-0.0010580469,0.001348667,-0.0030284068,0.0023615723
2021-07-06,-0.01909601,-0.00089258625,0.0015381724,-0.0033967486,0.0028472412
2021-07-07,0.0027679182,-0.0009113282,0.0013756036,-0.0031886818,0.0023788256
2021-07-08,-0.012246594,-0.00090365997,0.0014378369,-0.0028340467,0.0028293398
2021-07-09,-0.0014977524,-0.00075995317,0.0015704848,-0.0028049403,0.0029650445
2021-07-12,-0.005398633,-0.0008941108,0.0013770566,-0.0029068007,0.0027041114
2021-07-13,0.02405596,-0.0007412303,0.0014776293,-0.0028451218,0.0035403778
2021-07-14,0.018709825,-0.0006659187,0.0019072152,-0.0031484903,0.004503334
2021-07-15,0.006839553,-0.0009421429,0.0015167065,-0.0033559909,0.002900315
2021-07-16,0.009378413,-0.00079160155,0.0013973211,-0.0026750814,0.0024810683
2021-07-19,-0.024693485,-0.0010312105,0.0015091976,-0.0039493525,0.0023716628
2021-07-20,0.005143691,-0.0010587098,0.0016770653,-0.003673179,0.0039963326
2021-07-21,-0.003708588,-0.0009981383,0.0012090479,-0.002842438,0.0013605433
2021-07-22,0.008366109,-0.0010718816,0.0012717934,-0.0027656092,0.0024782517
2021-07-23,0.014412856,-0.0011145426,0.0014180226,-0.0029721875,0.0027140237
2021-07-26,-0.018281825,-0.0008450052,0.0015105548,-0.0030693745,0.0028168159
2021-07-27,-0.019151695,-0.00091481744,0.0014915285,-0.0033312235,0.0023381277
2021-07-28,-0.0038479874,-0.0007442827,0.0016782935,-0.0041586487,0.0034284093
2021-07-29,0.015643718,-0.00091805024,0.0016107204,-0.0031925773,0.0030655542
2021-07-30,0.00088083284,-0.00053843873,0.0018394782,-0.0032231591,0.0043835538
2021-08-02,-0.021400504,-0.0006012639,0.0018382001,-0.0030439121,0.0042071817
2021-08-03,-0.0071919733,-0.0005718233,0.0017096875,-0.0032996528,0.0031917961
2021-08-04,-0.0101947235,-0.00059040205,0.0019597295,-0.0036853023,0.004528215
2021-08-05,-0.018583743,-0.00046397492,0.0017690561,-0.003971614,0.0038759063
2021-08-06,0.014846106,-0.00010350884,0.002320593,-0.0038798412,0.0061440747
2021-08-09,0.022126079,-0.000555543,0.0017721999,-0.0035078938,0.0036701777
2021-08-10,-0.0024456005,-0.000618018,0.0017490612,-0.003989654,0.0042529386
2021-08-11,-0.015594451,-0.000417168,0.0019621472,-0.0034570384,0.004450951
2021-08-12,0.01847103,-0.0006317707,0.0022499638,-0.0044489284,0.0050122677
2021-08-13,-0.0052685197,-0.00023892462,0.0028587636,-0.0044726655,0.004283839
2021-08-16,-0.00796568,-0.00042159692,0.0022491245,-0.0048735184,0.0043607764
2021-08-17,-0.029962594,-0.0006204273,0.0017666891,-0.004146795,0.0036609706
2021-08-18,-0.0072600325,-0.00067215593,0.0018275052,-0.0045131226,0.0031671387
2021-08-19,0.0253736,-0.000657277,0.0022056564,-0.005259905,0.004028639
2021-08-20,-0.0043010586,-0.00038576522,0.0019546319,-0.0043280907,0.0041857073
2021-08-23,-0.013046265,-0.00027984762,0.0018561402,-0.0029432727,0.0050736843
2021-08-24,-0.007448676,-0.0005525164,0.0029311,-0.0062405886,0.0070353183
2021-08-25,0.021182623,-0.0004602234,0.0018272195,-0.0035490335,0.003745343
2021-08-26,0.022136929,-0.00047988427,0.0021747425,-0.00388534,0.0044018924
2021-08-27,0.012272191,-0.0005945879,0.0022984429,-0.004539899,0.0052333935
2021-08-30,0.011594815,-0.0010077473,0.0023354066,-0.005595712,0.0034580128
2021-08-31,-0.00043474557,-0.00071083085,0.002570981,-0.0052551846,0.004124233
2021-09-01,0.011240702,-0.00061750534,0.0018722245,-0.0042812475,0.0032690421
2021-09-02,-0.012348646,-0.0008237783,0.0018307349,-0.0047239927,0.0028751893
2021-09-03,0.01424203,-0.00079660804,0.0024890504,-0.0057014828,0.0041543334
2021-09-06,0.00505338,-0.0008069636,0.0018910409,-0.00470085,0.003223368
2021-09-07,0.007119538,-0.0006538236,0.0019319408,-0.004674468,0.0037678024
2021-09-08,0.0121820485,-0.00083183515,0.0017125666,-0.004249736,0.002414238
2021-09-09,-0.0063135885,-0.00047071464,0.0020214517,-0.0044332077,0.003999304
2021-09-10,-0.015776327,-0.00086462125,0.0015553824,-0.0043982826,0.0027440328
2021-09-13,0.0034044194,-0.0007986401,0.0018599484,-0.005245786,0.0031744342
2021-09-14,0.008058366,-0.0003724645,0.0018281174,-0.0039291466,0.003818803
2021-09-15,-0.012631155,-0.00065056235,0.0018827727,-0.0040923716,0.0033394613
2021-09-16,-0.009764431,-0.0005485977,0.0018526199,-0.0036481165,0.0035694642
2021-09-17,0.0042443746,-0.00072578626,0.0017393726,-0.0034359149,0.0037089398
2021-09-20,-0.002654552,-0.00061205664,0.0016632681,-0.0029538758,0.0032888635
2021-09-21,-0.017021334,-0.00037395325,0.0021464503,-0.003167101,0.0037576878
2021-09-22,-0.003423303,-0.00046645693,0.0020036267,-0.003796817,0.0047247107
2021-09-23,0.011112592,-0.0005997014,0.0017673724,-0.0033547988,0.00362787
2021-09-24,-0.012218481,-0.0009679489,0.0015205556,-0.0038611228,0.0025847813
2021-09-27,-0.00020488874,-0.00052437314,0.001655067,-0.0041313204,0.003397138
2021-09-28,0.015930062,-0.0006607909,0.0018002536,-0.0032864695,0.0038973338
2021-09-29,-0.0006186741,-0.0006900075,0.0017456083,-0.0032616158,0.0028717134
2021-09-30,-0.014862847,-0.0007956682,0.0016919565,-0.0033139398,0.0029701146
2021-10-01,-0.028132083,-0.0005905371,0.0016771216,-0.0029463028,0.0036854867
2021-10-04,0.005681758,-0.00085263274,0.0017041321,-0.004365918,0.003225127
2021-10-05,-0.028550005,-0.00078624743,0.0014292895,-0.0030465005,0.002201625
2021-10-06,0.0020958572,-0.00087075355,0.0015325308,-0.0035531633,0.0022415083
2021-10-07,0.024445646,-0.0008500117,0.0015657524,-0.003162055,0.0031417678
2021-10-08,-0.036959153,-0.0006081202,0.0018954736,-0.0038817737,0.0037459584
2021-10-11,0.0056591975,-0.00069728546,0.0020035373,-0.0049042357,0.003789449
2021-10-12,0.004825466,-0.0003648154,0.0018864387,-0.0031173013,0.004201893
2021-10-13,0.029425211,-0.00071181834,0.0016990302,-0.0034211879,0.0032566602
2021-10-14,-0.036300678,-0.00077089784,0.0019299204,-0.004423619,0.0032244655
2021-10-15,-0.0056903907,-0.00062300096,0.002117717,-0.0039621647,0.0042473213
2021-10-18,-0.032561507,-0.00033060313,0.0021377662,-0.0036220367,0.004037492
2021-10-19,0.0024548671,-0.00064084807,0.0022786334,-0.004639789,0.0042856843
2021-10-20,-0.016600229,-0.00057798444,0.0019093713,-0.004536909,0.0036929245
2021-10-21,-0.0012967914,-0.0007978495,0.0020621035,-0.005545577,0.0033924456
2021-10-22,0.023589265,-0.00029532728,0.0018662824,-0.0034251567,0.0041629346
2021-10-25,-0.0039542126,-0.00056686637,0.0023361747,-0.005114403,0.004821366
2021-10-26,0.019968923,-0.0005537585,0.0022742487,-0.0044490458,0.0033462353
2021-10-27,-0.04123382,-0.0007540216,0.002247503,-0.005267085,0.0040885326
2021-10-28,-0.005850867,-0.00062924623,0.0034279458,-0.006082622,0.0063411444
2021-10-29,0.00014613921,-0.0007677374,0.0027544473,-0.0059557674,0.0066267108
2021-11-01,0.018384997,-9.423141e-05,0.001866222,-0.0027789702,0.0038948797
2021-11-02,-0.008153946,-0.000716616,0.0019191038,-0.0043103932,0.0032583901
2021-11-03,0.009406386,-0.00035646345,0.00200108,-0.0038873446,0.004799123
2021-11-04,0.019688165,-0.0004842567,0.0024130356,-0.0050636814,0.004136812
2021-11-05,0.02444112,-0.00043310336,0.0022742846,-0.004358552,0.004722981
2021-11-08,-0.0062941276,-0.00070811267,0.0027083335,-0.005734846,0.005246827
2021-11-09,-0.0075108996,-0.00074956834,0.00230151,-0.006068538,0.0036765465
2021-11-10,0.018263215,-0.0006956859,0.0028753465,-0.005890984,0.0049889125
2021-11-11,-0.01648241,-0.0007416181,0.0029437786,-0.00589051,0.006097384
2021-11-12,0.0031325049,-0.00068191777,0.0035352712,-0.006511743,0.005589688
2021-11-15,0.009478332,-0.00063721783,0.0021745195,-0.0048152087,0.0044284207
2021-11-16,-0.010852634,-0.00045982335,0.0017577009,-0.003624418,0.0036053108
2021-11-17,-0.024086446,-0.0008721976,0.0023721654,-0.0066990033,0.0033901173
2021-11-18,-0.029542424,-0.0005016942,0.0030417005,-0.006071009,0.0056760027
2021-11-19,-0.039539926,-0.0010101632,0.0032966759,-0.0067311097,0.0047795703
2021-11-22,-0.0037808174,-0.00060440425,0.0030002703,-0.0056377505,0.005372976
2021-11-23,0.014487056,-0.00033647817,0.0023761732,-0.0052095014,0.005741236
2021-11-24,-0.033052213,-0.00050190504,0.0023189855,-0.00568417,0.0037497217
2021-11-25,0.0021984559,-0.00084144576,0.003593354,-0.00793297,0.006705557
2021-11-26,0.024182461,-0.00045571348,0.0023658844,-0.0056972615,0.004544245
2021-11-29,-0.0013024077,-0.0007995436,0.0027713636,-0.0069113974,0.004571107
2021-11-30,0.009487076,-0.0003570056,0.002425717,-0.005593784,0.0047765584
2021-12-01,0.030105537,-0.0006906752,0.0022729267,-0.0049289213,0.003310415
2021-12-02,-0.0029775044,-0.00048279125,0.0031440975,-0.0062438636,0.00518326
2021-12-03,-0.020348685,-0.000698234,0.0023749417,-0.0050258823,0.0037811205
2021-12-06,-0.00071198033,-0.0011048173,0.0027177532,-0.0064377463,0.0039669457
2021-12-07,-0.008797867,-0.00039861488,0.0023748213,-0.005664032,0.0041692364
2021-12-08,0.010498513,-0.00048917066,0.0027627028,-0.005886794,0.004803489
2021-12-09,0.0015828713,-0.0006785414,0.002377654,-0.005540247,0.0039243153
2021-12-10,0.0035667995,-0.00020930149,0.002093128,-0.0043120002,0.0043264744
2021-12-13,0.014853713,-0.00041362867,0.0023105806,-0.0048687896,0.0056350436
2021-12-14,-0.0008306076,-0.0007392598,0.0023754223,-0.0049002427,0.0042413864
2021-12-15,-0.011594431,-5.3992033e-05,0.0022061577,-0.0036201524,0.0042349547
2021-12-16,-0.009286873,-0.0006439912,0.002000873,-0.004970289,0.004408006
2021-12-17,-0.004466859,-0.00043031565,0.002335944,-0.004300602,0.0053312634
2021-12-20,-0.0030031265,-0.0004545778,0.0018826628,-0.003945333,0.0032123881
2021-12-21,0.019019224,-0.0006330788,0.0017547093,-0.0037253874,0.0036660105
2021-12-22,-0.008398739,-0.00042578662,0.0021112429,-0.004415905,0.0042123343
2021-12-23,0.027253507,-0.00055492285,0.001757188,-0.0044087763,0.0034392632
2021-12-24,0.005878504,-0.0007042629,0.002284339,-0.006204163,0.0032900835
2021-12-27,0.00981308,-0.0002248437,0.0019620392,-0.0037853615,0.003585398
2021-12-28,-0.009376295,-0.0005767443,0.0020729676,-0.005163012,0.0045263423
2021-12-29,0.0013143017,-0.00042270368,0.0022201387,-0.004376124,0.004339234
2021-12-30,-0.011610358,-0.0005990384,0.0016657654,-0.0034646506,0.0034479473
2021-12-31,0.02582006,-0.0006155762,0.0019622657,-0.004438276,0.0039766943
2022-01-03,0.0120603135,-0.0007287621,0.001766036,-0.003692429,0.0031623205
2022-01-04,0.014107774,-0.00060067786,0.0017858294,-0.003933243,0.003262827
2022-01-05,-0.002827063,-0.00059492484,0.002211407,-0.004805127,0.004566775
2022-01-06,-0.006684703,-0.0005564271,0.0018368089,-0.003341244,0.0036263096
2022-01-07,0.015517461,-0.0008342804,0.0016973868,-0.004055299,0.0029845056
2022-01-10,-0.00077764713,-0.00043901533,0.0018938697,-0.0032546197,0.004749397
2022-01-11,-0.0016270691,-0.0006683786,0.0019398404,-0.003366908,0.0040427814
2022-01-12,-0.0012382971,-0.00062684744,0.0015236973,-0.0026692557,0.00298707
2022-01-13,-0.0042577577,-0.0008690642,0.0014364338,-0.002910488,0.0021852271
2022-01-14,0.021067154,-0.0009175403,0.0016046382,-0.0031594797,0.0034893989
2022-01-17,-0.0007057194,-0.0010002445,0.0016069141,-0.0036620607,0.0027360125
2022-01-18,0.01717405,-0.0007795453,0.0012795037,-0.0024631368,0.002410529
2022-01-19,0.0039616763,-0.000743136,0.0017168801,-0.0036635357,0.0030724034
2022-01-20,0.0018739324,-0.00093915174,0.0014822286,-0.0031472163,0.00289856
2022-01-21,-0.007264125,-0.00087545067,0.001359639,-0.0028847288,0.0019321457
2022-01-24,0.0022669907,-0.00087382225,0.0016352794,-0.003803297,0.0031379196
2022-01-25,-0.012983916,-0.0010260048,0.0013156134,-0.0029628284,0.0025064733
2022-01-26,-0.021632379,-0.0008214645,0.0020775564,-0.003652744,0.0029252712
2022-01-27,-0.0022403575,-0.00067244365,0.0016267505,-0.002958756,0.0035231283
2022-01-28,0.0029119072,-0.0008345987,0.0015204941,-0.0031663973,0.003011595
2022-01-31,0.013993243,-0.0008453456,0.0016122423,-0.0029591075,0.0026426115
2022-02-01,-0.034268577,-0.0009241866,0.0017251114,-0.0034992194,0.0028740529
2022-02-02,-0.006688674,-0.00076429086,0.0017147353,-0.0034743578,0.0036706876
2022-02-03,-0.011089418,-0.00069050223,0.0017541264,-0.0032345566,0.0037716085
2022-02-04,-0.007847735,-0.0006445524,0.0015846274,-0.003435566,0.0029389376
2022-02-07,0.002991753,-0.0008474916,0.0014222544,-0.0034309505,0.0026393197
2022-02-08,-0.010794556,-0.0007128407,0.0016791611,-0.0030331803,0.0033472413
2022-02-09,-0.004103473,-0.00034954384,0.002273838,-0.0031560424,0.0047557456
2022-02-10,0.018174855,-0.00063471345,0.0016098147,-0.0027049065,0.003130099
2022-02-11,0.0065889633,-0.00097190624,0.0016111555,-0.0040898044,0.0022463659
2022-02-14,0.015156021,-0.00076673436,0.0016954177,-0.0030760975,0.0027363857
2022-02-15,0.010528664,-0.0007680431,0.001513495,-0.003626056,0.0027605481
2022-02-16,-0.044199184,-0.00084460364,0.0014138947,-0.0034022739,0.0028935946
2022-02-17,0.0033812972,-0.0008174923,0.0019407574,-0.0044805594,0.003971906
2022-02-18,-0.011382269,-0.00044341065,0.0019500836,-0.0033345188,0.004284159
2022-02-21,-0.0072080446,-0.000716559,0.0017590461,-0.004384554,0.0035361468
2022-02-22,0.006833694,-0.0005946381,0.0018472956,-0.003322563,0.0035712875
2022-02-23,-0.0113361245,-0.00079682254,0.0017236761,-0.003274763,0.004272029
2022-02-24,-0.017264673,-0.00069063576,0.0018259409,-0.0033223315,0.0045318725
2022-02-25,-0.008463283,-0.0004482593,0.0019755324,-0.004055158,0.003590039
2022-02-28,-0.017382827,-0.00044176917,0.0028979501,-0.0044300053,0.0048896736
2022-03-01,-0.010394377,-0.0007109916,0.0018458269,-0.0041488507,0.0033152082
2022-03-02,-0.002122611,-0.00047009834,0.0020987564,-0.0041654245,0.00465412
2022-03-03,0.019481145,-0.00053365884,0.0018899905,-0.0040246537,0.0039796396
2022-03-04,-0.021352775,-0.00030610015,0.0019476971,-0.0038677398,0.004020624
2022-03-07,-0.0151813645,-0.00039200723,0.0023967125,-0.005275428,0.004581687
2022-03-08,0.025554573,-0.00059022824,0.0029814427,-0.006792363,0.0052871644
2022-03-09,0.030125342,-0.00015413426,0.0026677377,-0.0045599854,0.005998506
2022-03-10,-0.002019987,-0.0005885524,0.0028014265,-0.006913887,0.0048227003
2022-03-11,-0.010297921,-0.00047723754,0.0021637338,-0.004370044,0.0033723556
2022-03-14,-0.028403195,-0.00064336805,0.0019293384,-0.0042884974,0.003230596
2022-03-15,-0.0075206677,-0.0008510527,0.002722736,-0.0055096643,0.0045629013
2022-03-16,-0.0065405173,-0.00034461508,0.002064887,-0.0035512676,0.005278532
2022-03-17,-0.0032962111,-0.00039708393,0.0022331984,-0.0046216245,0.005187226
2022-03-18,0.025634265,-0.00043096364,0.0021130557,-0.0041739186,0.0049197553
2022-03-21,-0.023947109,-0.0005074086,0.002197167,-0.0048371586,0.0050386027
2022-03-22,0.026135528,-0.00078995957,0.0027182978,-0.0067397314,0.0042233556
2022-03-23,0.01136276,-0.0002586933,0.0025895871,-0.0050342595,0.0050196494
2022-03-24,-0.0066944635,-0.00044513826,0.0024113266,-0.0051818257,0.0039259824
2022-03-25,-0.007982692,-0.0005050936,0.002209953,-0.004818713,0.003943932
2022-03-28,0.023447769,-0.0005910384,0.0025377697,-0.005230482,0.0044694007
2022-03-29,0.011811944,-0.00061185914,0.0024347075,-0.0050788927,0.0045948382
2022-03-30,0.016135765,-0.00026914332,0.0027276073,-0.0049313046,0.0056849904
2022-03-31,-0.0074151377,-0.000956476,0.002500678,-0.00647108,0.0039309133
2022-04-01,-0.0061011985,-0.00035176435,0.0026361058,-0.004679451,0.0051818853
2022-04-04,0.02432806,-0.00072338723,0.0020237027,-0.004472353,0.0036633485
2022-04-05,-0.0074823326,-0.00079120806,0.0023366464,-0.005805308,0.003702054
2022-04-06,-0.004109668,-0.0006184697,0.0025877212,-0.0057702875,0.004987984
2022-04-07,-0.025319856,-0.00064908504,0.0022228216,-0.0051863147,0.0033665674
2022-04-08,-0.010642409,-0.0008660273,0.0025197868,-0.0058355057,0.0048998566
2022-04-11,0.0135268085,-0.00091820565,0.0021077406,-0.0054798964,0.003089436
2022-04-12,0.009568062,-0.0008953924,0.0022269192,-0.006778241,0.0033464264
2022-04-13,0.0055822935,-0.0007877113,0.0026271413,-0.0059916535,0.00300633
2022-04-14,-0.020996774,-0.00035785142,0.0019810416,-0.003986402,0.0040182415
2022-04-15,0.053952504,-0.0004089898,0.0028784513,-0.0040686275,0.004137271
2022-04-18,0.009198309,-0.0009555104,0.0025133488,-0.006131847,0.004081864
2022-04-19,-0.008975932,-0.00054992497,0.0021136133,-0.0052918433,0.0042853644
2022-04-20,0.008675382,-0.0006269682,0.0025980333,-0.005733364,0.0059678108
2022-04-21,-0.008286298,-0.00088742934,0.0024390197,-0.005601853,0.0043891557
2022-04-22,-0.0030940843,-0.0009095007,0.0022420702,-0.0048258244,0.003666933
2022-04-25,0.0047472883,-0.00029485844,0.0019239777,-0.0035992102,0.003792521
2022-04-26,-0.0038912634,-0.00044565563,0.0020422484,-0.003923465,0.005273159
2022-04-27,0.013488622,-0.00041352594,0.0020286655,-0.0033273888,0.0043617883
2022-04-28,0.005897258,-0.00050048693,0.0018284639,-0.0036779442,0.003457488
2022-04-29,-0.00028308612,-0.0005964001,0.0023928597,-0.0049071736,0.004745095
2022-05-02,-0.015564703,-0.00027763855,0.0019640513,-0.0038188947,0.0037038296
2022-05-03,-0.0015931189,-0.0008509447,0.0018391561,-0.0043497416,0.0028937163
2022-05-04,0.030478638,-0.00035958327,0.0017153067,-0.0029943464,0.0035531071
2022-05-05,-0.00086800026,-0.0007080628,0.002136388,-0.0042996425,0.0046717688
2022-05-06,-0.0011953705,-0.00046137843,0.0020010173,-0.0048052236,0.0037419244
2022-05-09,-0.018056259,-0.00042430416,0.0017733654,-0.0030029304,0.00336055
2022-05-10,-0.014503875,-0.00055403897,0.0027906285,-0.004124111,0.004758038
2022-05-11,-0.0018641104,-0.0009852694,0.0019298667,-0.00562014,0.0031614683
2022-05-12,0.0074936375,-0.0004268518,0.0018070865,-0.0032835307,0.0045579784
2022-05-13,-0.0073767127,-0.0007074561,0.0017872328,-0.003674222,0.0035158717
2022-05-16,0.014178313,-0.0006183365,0.0019195129,-0.0042613945,0.003943465
2022-05-17,0.0072632125,-0.0005069871,0.0014805271,-0.0027821842,0.0029148422
2022-05-18,-0.006071108,-0.00058977405,0.001853838,-0.003960004,0.0038891763
2022-05-19,-0.025237486,-0.0003923719,0.002008954,-0.00367316,0.0037826141
2022-05-20,-0.011200242,-0.00042117984,0.002148866,-0.003948779,0.0053113084
2022-05-23,-0.009048331,-0.00040681646,0.0022939644,-0.004478219,0.003870938
2022-05-24,0.0010367994,-0.00031035047,0.0019862198,-0.0037481068,0.004782518
2022-05-25,0.014758542,-0.0004257355,0.0017268953,-0.0026650112,0.0043949317
2022-05-26,-0.01455713,-0.0008655972,0.0016936575,-0.0032752403,0.0035337382
2022-05-27,0.0058509586,-0.00040746745,0.0019524015,-0.003358825,0.0043139183
2022-05-30,-0.004057852,-0.0006777223,0.0017836649,-0.0040006605,0.0033050852
2022-05-31,-0.012093463,-0.00070924714,0.0018440092,-0.004558725,0.004248881
2022-06-01,0.01731062,-0.0006910978,0.0017602945,-0.0035881146,0.003703622
2022-06-02,-0.0025439681,-0.00057558913,0.0017762661,-0.003701277,0.0037461051
2022-06-03,-0.0040085707,-0.00060702744,0.0016774766,-0.0032108638,0.0025718734
2022-06-06,0.0075107003,-0.0010070541,0.0014400273,-0.0034474721,0.0017716271
2022-06-07,-0.011713876,-0.001006071,0.0015830481,-0.0036960414,0.0023484277
2022-06-08,0.02258384,-0.0008229625,0.0015780715,-0.003702662,0.002749563
2022-06-09,-0.0007679298,-0.00075259805,0.0020886925,-0.0045116316,0.004915259
2022-06-10,0.0069539947,-0.00056690053,0.0018054601,-0.0033513068,0.003834497
2022-06-13,0.012767569,-0.0010117831,0.0015972826,-0.003341407,0.0029279112
2022-06-14,0.0034100814,-0.0008819923,0.0017362369,-0.003343825,0.0029579613
2022-06-15,0.0039889007,-0.00085253903,0.0015842159,-0.0037032398,0.0024405038
2022-06-16,-0.0020325512,-0.0008087972,0.0014295803,-0.002924375,0.002495151
2022-06-17,-0.015684975,-0.0009797278,0.0012622859,-0.003015257,0.0013783945
2022-06-20,-0.0076676696,-0.00088489807,0.0016124735,-0.0028627974,0.0036987872
2022-06-21,0.018741671,-0.0007694587,0.0015452158,-0.0028719963,0.0025719157
2022-06-22,0.011811328,-0.00062975095,0.0015506274,-0.0031485958,0.0032249554
2022-06-23,-0.0007117545,-0.0005220709,0.0019866345,-0.0031862862,0.0034920361
2022-06-24,-0.00018174644,-0.00087329454,0.0014736294,-0.002842788,0.0026166355
2022-06-27,0.010947693,-0.0010151629,0.0013761258,-0.0032454845,0.0025282926
2022-06-28,0.002491752,-0.0011117276,0.0013200105,-0.003145629,0.0013621649
2022-06-29,-0.013053584,-0.0008168759,0.0012654446,-0.0026597448,0.002201017
2022-06-30,0.01453631,-0.0010556097,0.0013527081,-0.0028318628,0.0020802717
2022-07-01,0.010398065,-0.0008650914,0.0015261514,-0.0028201647,0.0022717768
2022-07-04,0.014592383,-0.0009649177,0.0014424047,-0.0031987743,0.0021351723
2022-07-05,-0.010408596,-0.0010067989,0.0015211033,-0.0033467105,0.002822418
2022-07-06,-0.0061593927,-0.00063459977,0.001681304,-0.0028430875,0.0046533397
2022-07-07,0.012790359,-0.0009248512,0.0013863787,-0.0028933433,0.0027339952
2022-07-08,-0.011142564,-0.00078237546,0.0015600596,-0.0030533304,0.0031297414
2022-07-11,-0.008869018,-0.0008386105,0.0014865374,-0.0031939168,0.0026160064
2022-07-12,0.0021928654,-0.0007342258,0.0015229303,-0.0031339484,0.002961853
2022-07-13,0.011383551,-0.0007866427,0.0015157931,-0.0029954286,0.002608389
2022-07-14,-0.00028044026,-0.0009925638,0.0015341608,-0.0033128674,0.0022252048
2022-07-15,0.002769334,-0.0009841748,0.0013123519,-0.0029746122,0.0022445773
2022-07-18,-0.013884692,-0.0011221045,0.0012617195,-0.0030037488,0.0019914762
2022-07-19,-0.0027712362,-0.0008784358,0.0015376214,-0.0031382146,0.0027627717
2022-07-20,-0.020244785,-0.0009916583,0.0011742562,-0.0025763868,0.0018587668
2022-07-21,-0.0015748107,-0.0008420624,0.0014690239,-0.003115352,0.0026554265
2022-07-22,0.005315298,-0.0010118329,0.0014572024,-0.0028868811,0.00327445
2022-07-25,-0.010593482,-0.0011333206,0.0012992785,-0.0030192216,0.0024887878
2022-07-26,0.0030683049,-0.0009274437,0.0015775085,-0.003481336,0.0031000674
2022-07-27,-0.003040623,-0.0010765018,0.0013027024,-0.0028651978,0.0024977138
2022-07-28,-0.0047364617,-0.0007547842,0.0015359713,-0.0029108727,0.003170944
2022-07-29,0.0075535923,-0.0010616746,0.0014062594,-0.0030916159,0.0021171283
2022-08-01,0.01601875,-0.0009838421,0.0012593555,-0.0026204993,0.002403397
2022-08-02,0.00068692357,-0.0011092231,0.0016423854,-0.0033972687,0.0037078108
2022-08-03,-0.015445589,-0.0012563958,0.001074967,-0.0030170537,0.0008841959
2022-08-04,0.001413796,-0.0010518625,0.0014556949,-0.0029689528,0.002654961
2022-08-05,-0.018631848,-0.0010569113,0.001436208,-0.003606369,0.0021828949
2022-08-08,-0.014583974,-0.0012138417,0.00127666,-0.0027740202,0.0014307922
2022-08-09,-0.0015109075,-0.0009503598,0.0013832008,-0.003323825,0.0026414713
2022-08-10,0.016342381,-0.0011450828,0.0011967291,-0.0031580864,0.0020187094
2022-08-11,-0.0070053623,-0.001094368,0.0013439554,-0.0032129127,0.0018072554
2022-08-12,0.017409576,-0.00095623016,0.0014540275,-0.0030138167,0.0023034476
2022-08-15,-0.011080612,-0.0007935442,0.0015938415,-0.0031477406,0.0025366182
2022-08-16,0.0088788755,-0.0006085116,0.0018445897,-0.0035873498,0.004393119
2022-08-17,0.012898635,-0.0009456987,0.0014984239,-0.0033925546,0.0024925037
2022-08-18,-0.016600236,-0.00094326976,0.0014299797,-0.0031679687,0.0018171746
2022-08-19,0.002980084,-0.0009055577,0.0015940536,-0.0035335952,0.0026188914
2022-08-22,0.005623958,-0.0010597488,0.0017594934,-0.00333704,0.0024621238
2022-08-23,0.0016455897,-0.0010379016,0.0016202305,-0.0033640321,0.0030474507
2022-08-24,-0.0015750808,-0.0010409644,0.0013424811,-0.0029750334,0.0016894916
2022-08-25,0.014136886,-0.00092454033,0.0015718078,-0.002947532,0.003692033
2022-08-26,0.0056989943,-0.0010581167,0.0013799533,-0.0031854634,0.0018140506
2022-08-29,0.014333333,-0.0010329001,0.0012188813,-0.0030864414,0.002081716
2022-08-30,0.003692021,-0.0007513617,0.0014255831,-0.0028813917,0.0029365302
2022-08-31,-0.0058138473,-0.00091372937,0.0012515225,-0.002573323,0.00246795
2022-09-01,-0.0024954781,-0.0011039778,0.0011770974,-0.0028558027,0.0016501459
2022-09-02,0.003572764,-0.0011030285,0.0011669914,-0.0034626515,0.0015780698
2022-09-05,0.0009958207,-0.001075918,0.0013019581,-0.0032839293,0.0022112732
2022-09-06,-4.1372346e-05,-0.0008347093,0.0017472245,-0.002962443,0.0031522338
2022-09-07,-0.004143434,-0.0008843262,0.0014386178,-0.0029697916,0.002576721
2022-09-08,0.013175495,-0.001260716,0.0011872086,-0.0035574262,0.0016967177
2022-09-09,-0.0020715229,-0.0009359738,0.001462113,-0.0030150758,0.0027107685
2022-09-12,0.0033007066,-0.001162764,0.0014313372,-0.0034172253,0.0023433613
2022-09-13,0.0008548565,-0.0009340002,0.0013355586,-0.002859652,0.0021006442
2022-09-14,-8.426611e-05,-0.0011287209,0.0014529163,-0.003030161,0.0026099724
2022-09-15,-0.0059703398,-0.0011808166,0.0014194836,-0.002903405,0.0022040135
2022-09-16,0.000902786,-0.001132716,0.0013567766,-0.0029905913,0.0023652583
2022-09-19,0.00085121207,-0.0012506347,0.0012912862,-0.0032249964,0.0017158556
2022-09-20,-0.01593717,-0.001358137,0.0013134561,-0.003010561,0.0018471385
2022-09-21,-0.0038485853,-0.0014188305,0.0012087929,-0.0031349096,0.0012778393
2022-09-22,0.019377192,-0.0012484628,0.0011470307,-0.0028351303,0.0014318528
2022-09-23,0.008219335,-0.0012735375,0.0013481068,-0.0031642097,0.0022038964
2022-09-26,-0.00038618984,-0.0012669666,0.0013640971,-0.003283144,0.0019125561
2022-09-27,-0.011653897,-0.0013241112,0.0011853747,-0.0032790415,0.00123212
2022-09-28,-0.0070229135,-0.001365307,0.001175241,-0.003190537,0.0016934663
2022-09-29,-0.0072449064,-0.0013281855,0.0011995628,-0.00294074,0.001690145
2022-09-30,0.018306158,-0.0013105344,0.0011314634,-0.0028855326,0.0016253839
2022-10-03,0.00045202233,-0.0011988775,0.00136496,-0.0033031683,0.0017010875
2022-10-04,-0.00458994,-0.0013507094,0.0012260793,-0.0032280027,0.001330821
2022-10-05,0.0044739386,-0.0014422514,0.0010762865,-0.003276859,0.0011623248
2022-10-06,-0.0016980602,-0.0011415625,0.0014511128,-0.0031698085,0.0025985995
2022-10-07,-0.0015845521,-0.0012840042,0.0012722393,-0.0029663104,0.0020734915
2022-10-10,0.002953796,-0.0014601253,0.0010192223,-0.0033289911,0.00089553127
2022-10-11,-0.006398112,-0.0013738122,0.0011497161,-0.0031257777,0.0012383369
2022-10-12,0.011820684,-0.0014342412,0.001318834,-0.003427569,0.0010629318
2022-10-13,0.009400726,-0.0014176758,0.0011289552,-0.0033701877,0.001269378
2022-10-14,-0.0014469081,-0.0015035036,0.0010327745,-0.0032136915,0.0006062209
2022-10-17,0.00015502212,-0.0011782331,0.0014470533,-0.0032701036,0.0025561175
2022-10-18,-0.011285468,-0.0013923314,0.0011966552,-0.003495814,0.0014899187
2022-10-19,-0.0073455265,-0.0011501582,0.0013335806,-0.002895608,0.0028066782
2022-10-20,0.008719468,-0.0012099748,0.0014376284,-0.0033638184,0.00247741
2022-10-21,0.012964679,-0.0012935761,0.0012977029,-0.0029633334,0.0020980805
2022-10-24,1.6597372e-05,-0.0011038722,0.0014108248,-0.0028251808,0.0037429002
2022-10-25,-0.006127348,-0.0011840974,0.0012487705,-0.0028154787,0.0022480513
2022-10-26,0.0098062055,-0.0012788955,0.001188386,-0.0028877975,0.0013863328
2022-10-27,0.014429813,-0.0012881362,0.001207291,-0.0030568657,0.0016256201
2022-10-28,-0.0020055966,-0.00097581185,0.0013425107,-0.002730919,0.0025354763
2022-10-31,0.00235114,-0.001186918,0.0013302752,-0.0031221772,0.002178487
2022-11-01,-0.0038192992,-0.0013803366,0.0014799016,-0.0033116923,0.0031485935
2022-11-02,0.006169582,-0.0014070116,0.0010843575,-0.0030337162,0.0009461434
2022-11-03,0.001147404,-0.0012542026,0.001297593,-0.0031175578,0.002296227
2022-11-04,0.009277972,-0.0014490449,0.0011680428,-0.0032887834,0.0016115619
2022-11-07,0.006908573,-0.0012680718,0.001368311,-0.0032749719,0.002359785
2022-11-08,0.0008190721,-0.001212371,0.0013844578,-0.0030668871,0.0020614315
2022-11-09,0.01210458,-0.0013896606,0.001203319,-0.0032488531,0.0018453667
2022-11-10,-0.0036783766,-0.0014324248,0.0012230977,-0.0036451523,0.0011626174
2022-11-11,-0.004746335,-0.0012392416,0.0012650251,-0.003326844,0.0012276144
2022-11-14,-0.0052591045,-0.0013716067,0.0011142067,-0.0030935726,0.0012292626
2022-11-15,0.0037039316,-0.0012384799,0.0011713017,-0.0032425297,0.0016180528
2022-11-16,-0.0076882746,-0.0014192727,0.0010363254,-0.002934924,0.0005858511
2022-11-17,-0.004496945,-0.0012027724,0.0012456904,-0.0032284579,0.0018335982
2022-11-18,0.011390749,-0.0012608084,0.0012291042,-0.0031894227,0.0015498139
2022-11-21,-0.000354141,-0.0011320746,0.001412308,-0.0030384574,0.0024669485
2022-11-22,0.00446355,-0.0014906913,0.0010449595,-0.0031079175,0.0009816523
2022-11-23,0.012194363,-0.0011123279,0.0013579938,-0.0029518488,0.0020034474
2022-11-24,0.0011699795,-0.0012152947,0.0012886912,-0.002957677,0.0021840031
2022-11-25,-0.0019702537,-0.0013163469,0.0011443407,-0.0030587716,0.001160452
2022-11-28,-0.007954066,-0.0013004956,0.0011452145,-0.003024103,0.001257769
2022-11-29,-0.0028692018,-0.0013713306,0.0011599626,-0.0029696978,0.0014816461
2022-11-30,0.002402141,-0.0014800754,0.0011438716,-0.0029884619,0.0012437582
2022-12-01,0.0067195883,-0.0014043716,0.0012470983,-0.0032245552,0.0010003836
2022-12-02,0.007383907,-0.0013943246,0.0012196975,-0.0032445544,0.0014676144
2022-12-05,0.008434464,-0.0012809345,0.0012894444,-0.0032210804,0.0018093692
2022-12-06,-0.0010249284,-0.0014322563,0.0012233482,-0.0032701346,0.0013208133
2022-12-07,0.0038479657,-0.0014587445,0.0010872466,-0.0030301523,0.0012392359
2022-12-08,0.00709208,-0.0013452224,0.0013272193,-0.0030479974,0.0015337635
2022-12-09,0.0023551274,-0.0013533608,0.0013344409,-0.0033792432,0.0017333081
2022-12-12,-0.006779828,-0.0014110634,0.0012221364,-0.0032187665,0.0016779375
2022-12-13,0.00032403617,-0.0013130556,0.0011970038,-0.0032232318,0.0017398938
2022-12-14,0.00402604,-0.0016333074,0.0010167019,-0.0031399988,0.00047040635
2022-12-15,0.0028107362,-0.0011841625,0.0014752953,-0.0036101756,0.0025947099
2022-12-16,-0.00015545954,-0.0015300763,0.0010151875,-0.0029433884,0.0010481037
2022-12-19,-0.006445383,-0.0013965422,0.0011877214,-0.0030220915,0.0011504618
2022-12-20,0.00982937,-0.0016357527,0.001157751,-0.0033691146,0.0012829341
2022-12-21,0.0014676397,-0.0012021891,0.0012855192,-0.0030407405,0.0016923413
2022-12-22,-0.0026686497,-0.0014367047,0.0013007851,-0.003269934,0.0019279779
2022-12-23,-0.013936213,-0.0013729798,0.001125787,-0.0030942885,0.0016971838
2022-12-26,-0.0025512255,-0.0013858973,0.0012073496,-0.003271095,0.0014782868
2022-12-27,-0.005314158,-0.0013411477,0.0011417357,-0.0034271395,0.0009757092
2022-12-28,0.0089836065,-0.0014089108,0.0010661482,-0.0032120005,0.000811423
2022-12-29,-0.004227192,-0.0014980488,0.0011188209,-0.0033389027,0.001203817
2022-12-30,-0.007063614,-0.001443566,0.0010937956,-0.0033931602,0.0009052304
2023-01-02,0.00025067868,-0.0014174954,0.0011801401,-0.0032071818,0.0017191308
2023-01-03,-0.0010702709,-0.0014603934,0.0010350551,-0.003273938,0.0008136893
2023-01-04,0.0057340027,-0.0014929675,0.0010674587,-0.0032510404,0.00075270695
2023-01-05,-0.011618128,-0.0014388078,0.0011485603,-0.003427671,0.0009430456
2023-01-06,-0.007584085,-0.0014559814,0.0011333051,-0.003241803,0.001061889
2023-01-09,-0.0077428077,-0.0013422113,0.0012899785,-0.0031766212,0.0019597036
2023-01-10,-0.00014871734,-0.0013474721,0.0012186365,-0.0033758753,0.0009831702
2023-01-11,0.0068556215,-0.0014208448,0.0011591029,-0.0031801704,0.0011990804
2023-01-12,-0.0027813276,-0.0014745698,0.0011897364,-0.0033700867,0.001434634
2023-01-13,0.01098434,-0.0016546759,0.0011041659,-0.0034054234,0.00089575304
2023-01-16,-0.013549352,-0.0011210847,0.0013682812,-0.0031025158,0.0020080495
2023-01-17,0.0066955006,-0.001320063,0.0013022207,-0.0031297342,0.0019374986
2023-01-18,0.006245079,-0.0012189677,0.0013121926,-0.0029773607,0.0022020114
2023-01-19,0.014404063,-0.0013574142,0.0012399469,-0.0029836234,0.0019436891
2023-01-20,0.0038258466,-0.0010021249,0.0015986538,-0.003136417,0.0026407293
2023-01-23,-0.0015981995,-0.0012742263,0.0012973871,-0.003199205,0.0018774582
2023-01-24,0.0017974988,-0.001409511,0.0012035897,-0.0033657558,0.0018244215
2023-01-25,-0.0042029885,-0.001447348,0.0010948427,-0.0032498003,0.0011518607
2023-01-26,-0.006996015,-0.0012702894,0.0012453916,-0.0028925734,0.0019537553
2023-01-27,-0.0032164457,-0.0014130748,0.0011464234,-0.0032933643,0.0011858583
2023-01-30,0.0014256065,-0.001249738,0.0010506879,-0.0028196105,0.0014807796
2023-01-31,0.006700968,-0.0014925366,0.001107729,-0.0035510836,0.0009930535
2023-02-01,-0.005712178,-0.0013771908,0.0012385695,-0.0032353848,0.0013806026
2023-02-02,0.0012408533,-0.0013249199,0.001188436,-0.003143617,0.0015711982
2023-02-03,0.008394595,-0.0013311144,0.0011805746,-0.0029832222,0.0015857826
2023-02-06,-0.012234151,-0.0011594697,0.001425349,-0.0030121717,0.0023514635
2023-02-07,0.00072103646,-0.0012333014,0.0015198458,-0.0035757734,0.0026330536
2023-02-08,-0.0021533296,-0.0015063668,0.0010991669,-0.0028995923,0.001236104
2023-02-09,-0.009439204,-0.0012708225,0.0012093817,-0.0031371508,0.00086041103
2023-02-10,-0.01653692,-0.0011610249,0.0013094981,-0.0028769756,0.0027441299
2023-02-13,-0.0022982277,-0.0012955767,0.001190935,-0.0029909257,0.001124858
2023-02-14,0.004014975,-0.0012285176,0.0012881219,-0.0031743103,0.0018557053
2023-02-15,-0.014844152,-0.0012689352,0.0011833496,-0.0029104603,0.0019375808
2023-02-16,0.00022929235,-0.0012629702,0.0012461672,-0.0033442902,0.0018058249
2023-02-17,0.00587587,-0.0014307564,0.0011798668,-0.0031782635,0.0012491216
2023-02-20,-0.0027132619,-0.0013360939,0.0011670524,-0.0030449263,0.0015355322
2023-02-21,7.9356934e-05,-0.0012551862,0.0013095513,-0.0034723147,0.0021085949
2023-02-22,-0.013839386,-0.0014076168,0.0011241597,-0.002975636,0.0010745351
2023-02-23,0.008077047,-0.001110937,0.0012668617,-0.002980066,0.0020276504
2023-02-24,-0.0013048908,-0.0013027692,0.001305538,-0.003002652,0.0019637963
2023-02-27,0.011745652,-0.001342021,0.0012026017,-0.0031248247,0.0010449804
2023-02-28,0.006284078,-0.0011633614,0.0013433992,-0.003189671,0.001894726
2023-03-01,0.005194458,-0.0011095296,0.0014161388,-0.0031087308,0.0027420754
2023-03-02,0.0042838287,-0.0014184064,0.0012511694,-0.0033845725,0.0018261073
2023-03-03,-0.0062660174,-0.0011632832,0.0013602249,-0.0031004085,0.0018518824
2023-03-06,-0.0050315005,-0.0012501591,0.0011761296,-0.0028354395,0.0018242986
2023-03-07,0.010538643,-0.0012249191,0.0011911007,-0.0030291663,0.0010169327
2023-03-08,-9.8252734e-05,-0.0013191503,0.0011885624,-0.003036256,0.001527075
2023-03-09,-0.013490409,-0.0014389711,0.0012070448,-0.0033098958,0.0014046223
2023-03-10,-0.008519033,-0.0011890297,0.0013670911,-0.0030295243,0.0023241332
2023-03-13,-0.012665139,-0.001178035,0.0011810892,-0.0030934843,0.001127812
2023-03-14,-0.0016870117,-0.0011173802,0.0014019156,-0.0028277962,0.002265066
2023-03-15,0.0072395387,-0.0011971635,0.0012814739,-0.0030159084,0.0018699178
2023-03-16,-0.014443445,-0.0009809362,0.0014441742,-0.0029364796,0.0029165954
2023-03-17,-0.011903072,-0.0010622124,0.0015610076,-0.0034468411,0.002775797
2023-03-20,-0.0048118476,-0.0008732533,0.0016652289,-0.0030301013,0.0038056215
2023-03-21,0.011938472,-0.0010318286,0.0015274002,-0.0034427522,0.0034137415
2023-03-22,0.0064540897,-0.0011224786,0.0013593001,-0.003135438,0.0017973066
2023-03-23,0.010451205,-0.0012789726,0.0013089502,-0.0031669238,0.0020789958
2023-03-24,0.018682934,-0.001079924,0.0013809092,-0.0031267074,0.0025756003
2023-03-27,0.0093498705,-0.0010796742,0.0014734976,-0.0033205007,0.0029070617
2023-03-28,0.0017514722,-0.0012300251,0.001507654,-0.003703016,0.0028608209
2023-03-29,0.0028360928,-0.0013360492,0.0011865756,-0.0028939722,0.0019513296
2023-03-30,0.0010044104,-0.0013070154,0.0011959786,-0.0033451638,0.001856449
2023-03-31,-0.008116693,-0.0012567629,0.0012267294,-0.0032089183,0.0019378182
2023-04-03,0.015495751,-0.0011145727,0.0011920342,-0.0029749216,0.0021006078
2023-04-04,-0.00083618175,-0.0010143234,0.0012668688,-0.0029866765,0.0018257787
2023-04-05,0.018895373,-0.0008789272,0.0013458506,-0.0028457805,0.0022027818
2023-04-06,0.001595741,-0.0011000657,0.0013938006,-0.0031816638,0.002162246
2023-04-07,0.001189708,-0.0010748589,0.0013208232,-0.003225828,0.0022616754
2023-04-10,0.0012812313,-0.0011231714,0.001302097,-0.0028963059,0.0020681836
2023-04-11,0.0073631117,-0.0010685415,0.0013817346,-0.002915538,0.0027933053
2023-04-12,-0.0020229889,-0.0012844902,0.0012996958,-0.003203479,0.0018172306
2023-04-13,0.0040529105,-0.0012758069,0.0011439566,-0.0030921507,0.0015504082
2023-04-14,0.00059668976,-0.0012274421,0.001187034,-0.003500269,0.0017705929
2023-04-17,-0.0019560545,-0.001008121,0.0012214001,-0.0027244948,0.0019670422
2023-04-18,0.0009796252,-0.0012820973,0.0012369986,-0.0030147624,0.0018944225
2023-04-19,-0.00094668375,-0.0012676525,0.0012708666,-0.0029731884,0.0021945345
2023-04-20,0.0037769254,-0.0011533066,0.0011993642,-0.002763988,0.0020874594
2023-04-21,0.005856564,-0.0013218549,0.001308356,-0.0031547197,0.0017099438
2023-04-24,-0.0054231887,-0.0012032429,0.0013161382,-0.0031691669,0.0018010421
2023-04-25,-0.00056902954,-0.0013238516,0.0011258479,-0.0030776397,0.0012283244
2023-04-26,-0.003913823,-0.0013731429,0.0010295458,-0.0031586692,0.00090712146
2023-04-27,0.007936611,-0.0012342859,0.0013420722,-0.003288688,0.0019343141
2023-04-28,0.0040870747,-0.0013361254,0.0013240278,-0.0034570387,0.0016009541
2023-05-01,0.0039168517,-0.0012574311,0.0012364696,-0.0029450562,0.0012966789
2023-05-02,0.004588758,-0.0012150012,0.0014548138,-0.0033331309,0.0022273327
2023-05-03,0.01355842,-0.0012868602,0.0012888259,-0.0032228907,0.0016783618
2023-05-04,0.0026435733,-0.001266961,0.0013143881,-0.003182019,0.0016097962
2023-05-05,-7.6281365e-05,-0.0012745834,0.0013133957,-0.0029770404,0.0015449845
2023-05-08,0.0045180973,-0.001204237,0.0013432656,-0.0031090295,0.0020011717
2023-05-09,0.0058492552,-0.0015107674,0.0011210558,-0.0030265474,0.00081473094
2023-05-10,-0.014793145,-0.001471509,0.0010628009,-0.003235829,0.00083470764
2023-05-11,0.0102487905,-0.0013604374,0.0011771196,-0.0031245265,0.001944544
2023-05-12,0.0016587068,-0.0013258988,0.0012983836,-0.0033954813,0.001955001
2023-05-15,0.004222736,-0.0013596395,0.0012354219,-0.0031936117,0.0013302217
2023-05-16,0.0014294193,-0.0014679596,0.0012342845,-0.0031652388,0.0016932155
2023-05-17,0.00037010203,-0.0015045679,0.0011822623,-0.003257644,0.0014348117
2023-05-18,-0.002830473,-0.0014287623,0.0012880397,-0.0033305672,0.0018531693
2023-05-19,-0.0056766607,-0.0012351819,0.0013465752,-0.0031680842,0.002009311
2023-05-22,-0.0080486145,-0.0015114668,0.0011507191,-0.0031859418,0.0012764987
2023-05-23,-0.0034342967,-0.0012977542,0.0012145616,-0.0031404537,0.001533535
2023-05-24,0.0018240092,-0.001331439,0.0012173872,-0.0029305466,0.0016801995
2023-05-25,0.0140159875,-0.0014013982,0.0012867443,-0.0031882874,0.0015118794
2023-05-26,-0.0014789857,-0.0013011894,0.0012502733,-0.003001717,0.0017713357
2023-05-29,0.0056499396,-0.0014553696,0.001121063,-0.0030970792,0.001085204
2023-05-30,-0.00067128905,-0.0013233311,0.0013321594,-0.0030901297,0.0016596976
2023-05-31,0.00075072644,-0.0013554186,0.0011419778,-0.003072413,0.001133235
2023-06-01,-0.0037382985,-0.0013546873,0.0011219932,-0.0029790956,0.001052867
2023-06-02,-0.005632727,-0.0013940698,0.0012137999,-0.0031935363,0.0014916203
2023-06-05,0.008766725,-0.001372679,0.0012218854,-0.0032642116,0.0015621047
2023-06-06,0.012238284,-0.0014056051,0.0011960816,-0.0030398618,0.0013670581
2023-06-07,0.002191897,-0.0013286329,0.0012888291,-0.0032937718,0.0017674235
2023-06-08,0.0029171314,-0.0014038145,0.0011584766,-0.0031231176,0.0010427614
2023-06-09,0.00081165915,-0.001394974,0.0012773747,-0.0033796318,0.0013948028
2023-06-12,0.005246506,-0.001566427,0.0011557692,-0.0032240609,0.0016755399
2023-06-13,-0.00065200974,-0.0013489015,0.0011996109,-0.0031692851,0.0014648119
2023-06-14,0.007528374,-0.0013241088,0.0011156561,-0.0030350003,0.0013092486
2023-06-15,-0.00060083834,-0.0011683883,0.001331185,-0.0031698265,0.0021643764
2023-06-16,-0.016236788,-0.0013429491,0.0012019955,-0.0031389121,0.0018208837
2023-06-19,0.012416278,-0.001303849,0.0012282458,-0.0032808022,0.0013432142
2023-06-20,0.010627787,-0.0013211081,0.0012399172,-0.0029796301,0.0020100793
2023-06-21,-0.003191464,-0.0010776641,0.001202035,-0.0031442118,0.0018086903
2023-06-22,0.0023077617,-0.0015685671,0.0010655607,-0.0032050638,0.0007018441
2023-06-23,0.008207667,-0.0013871047,0.0011825626,-0.0031030567,0.0014396976
2023-06-26,0.000570401,-0.001267433,0.0012567883,-0.0031512696,0.0020610925
2023-06-27,0.0057259756,-0.0013578496,0.0012277227,-0.0033966969,0.0020373391
2023-06-28,-0.00094940024,-0.001311473,0.0011170962,-0.003081133,0.0013153224
2023-06-29,-0.0137686245,-0.0013909418,0.0011356658,-0.003034534,0.0014124357
2023-06-30,0.009534129,-0.0012570485,0.0012098672,-0.002980888,0.0012021106
2023-07-03,0.0058044,-0.0013320413,0.0013917191,-0.0034199324,0.002091299
2023-07-04,-0.004815012,-0.0011469009,0.0014527937,-0.0029835587,0.0029888065
2023-07-05,-0.0060234144,-0.0014408662,0.0010173349,-0.0030549662,0.0008944578
2023-07-06,0.0012633936,-0.0014442992,0.0010787989,-0.0031597442,0.0011531027
2023-07-07,0.020902893,-0.0014898586,0.0011146499,-0.0032092065,0.00072621036
2023-07-10,0.00034788318,-0.001189735,0.001379668,-0.003440662,0.0020040474
2023-07-11,-0.0037939353,-0.0014922966,0.0010676982,-0.003468003,0.0010163701
2023-07-12,0.0017048186,-0.0013944341,0.0012616485,-0.0031749348,0.0019921097
2023-07-13,-0.0016594505,-0.0013683343,0.0011976667,-0.0031188512,0.0016052733
2023-07-14,0.0052154204,-0.001405684,0.0010241569,-0.0030324317,0.0011880298
2023-07-17,0.007975925,-0.0013499632,0.0012495093,-0.0031939014,0.0019376717
2023-07-18,-0.0011939975,-0.0012219986,0.0011718918,-0.003013081,0.0015119575
2023-07-19,-0.010245349,-0.001406191,0.001251812,-0.003169339,0.001406652
2023-07-20,0.0051279594,-0.0011927463,0.001346253,-0.0032950323,0.0021848888
2023-07-21,0.010251383,-0.0012903563,0.0011492235,-0.0030467764,0.001234773
2023-07-24,-0.006549938,-0.0010954947,0.0015883512,-0.0034413242,0.0033110993
2023-07-25,-0.0011228683,-0.001259112,0.0012291153,-0.0031760782,0.0015538607
2023-07-26,0.011139497,-0.0012385792,0.0014640944,-0.003292146,0.0024705932
2023-07-27,-0.0019263916,-0.0012434594,0.0013624463,-0.00357688,0.0020358432
2023-07-28,-0.0028752058,-0.0012870388,0.0013284672,-0.0028629364,0.0022321905
2023-07-31,-0.006503996,-0.0012439133,0.0012291636,-0.0031216121,0.0016371858
2023-08-01,0.006298169,-0.0012121556,0.0013152703,-0.003202736,0.0024248098
2023-08-02,0.005633283,-0.0013440948,0.0012053229,-0.0030499734,0.0016199482
2023-08-03,0.008864698,-0.0011223638,0.0013229196,-0.0030119466,0.0023933623
2023-08-04,0.0032313725,-0.0014135544,0.001300585,-0.0032490504,0.0016130134
2023-08-07,-0.0014032464,-0.0013807608,0.0012978055,-0.0031967692,0.0021943038
2023-08-08,-0.0030595956,-0.0013337836,0.0011932437,-0.003250247,0.0014506084
2023-08-09,-0.0028037482,-0.0014120014,0.0010446175,-0.0030098183,0.0012944356
2023-08-10,0.008593566,-0.0012854111,0.0012917332,-0.0032200844,0.001871676
2023-08-11,0.0011158888,-0.0013454487,0.0012008593,-0.0033154238,0.0014082197
2023-08-14,-0.0020155997,-0.0015284568,0.0010605666,-0.0031791253,0.00092561456
2023-08-15,-0.007265396,-0.0013897984,0.001083323,-0.0032748787,0.0010622407
2023-08-16,0.0010904938,-0.0014004713,0.0011587171,-0.0030742062,0.0010148274
2023-08-17,-0.012410983,-0.0014236517,0.0012617598,-0.0032611378,0.0011267039
2023-08-18,0.011038072,-0.0011976495,0.0013232916,-0.0033592454,0.0020134996
2023-08-21,-0.00037475748,-0.0013459614,0.0013348992,-0.003212086,0.0016478113
2023-08-22,0.0014444458,-0.0014980878,0.0010636456,-0.0029259445,0.0011203648
2023-08-23,-0.009501979,-0.001532654,0.0011363807,-0.0033481144,0.0012510621
2023-08-24,0.0074172374,-0.0013533091,0.001182797,-0.0028961538,0.0015934816
2023-08-25,-0.014657607,-0.0014622066,0.0011533493,-0.0032941084,0.001117683
2023-08-28,-0.012094131,-0.0013319732,0.0011047572,-0.0028980908,0.0016325144
2023-08-29,-0.0020586902,-0.0013313061,0.0012273742,-0.003216914,0.0014046067
2023-08-30,-0.0057973363,-0.0013032532,0.0011054132,-0.0028561938,0.0012898826
2023-08-31,-0.002210633,-0.001323114,0.0012997855,-0.0031349447,0.0017583795
2023-09-01,-0.008797103,-0.0013454899,0.0012166636,-0.0031520133,0.001216617
2023-09-04,0.008693328,-0.0013867297,0.0012435104,-0.0030685386,0.0018428435
2023-09-05,0.011893624,-0.001243718,0.0012833423,-0.0030837543,0.0022384743
2023-09-06,0.00021297197,-0.0011445229,0.0012660611,-0.00288571,0.0017703769
2023-09-07,-0.004586942,-0.0014944497,0.0011799892,-0.0030052548,0.00189006
2023-09-08,0.010157374,-0.0012802664,0.0012129977,-0.0032796625,0.0017411144
2023-09-11,0.0031734158,-0.0013614557,0.0011884656,-0.003167036,0.001669808
2023-09-12,-0.015855554,-0.001397583,0.0011073131,-0.0029699479,0.00088868017
2023-09-13,-0.0034413924,-0.0013217559,0.0011669523,-0.0032150217,0.001315687
2023-09-14,0.009087013,-0.0013433746,0.0010776296,-0.0028122421,0.001134177
2023-09-15,0.012478588,-0.0013785979,0.0012266317,-0.0030245406,0.0012032886
2023-09-18,0.010273136,-0.0011418536,0.0012163101,-0.0029971479,0.0014290286
2023-09-19,0.0013425358,-0.0011929593,0.0012390731,-0.0031027577,0.0013386053
2023-09-20,-5.782926e-06,-0.0012848325,0.00114623,-0.0029546474,0.0013327708
2023-09-21,0.005078003,-0.0012550052,0.0013419009,-0.0031777339,0.0022820213
2023-09-22,0.0016480214,-0.001190427,0.0012320895,-0.0031468153,0.0022057851
2023-09-25,-0.00024128455,-0.0013318211,0.0011522499,-0.0030180807,0.001625708
2023-09-26,0.0048261,-0.0011725551,0.0013158077,-0.0030865383,0.0019041403
2023-09-27,0.01164788,-0.0013163374,0.0012242127,-0.0030770013,0.001663908
2023-09-28,-0.0020838743,-0.0010405579,0.0015879342,-0.0031537605,0.0025295024
2023-09-29,0.0011641105,-0.0011810093,0.0014732754,-0.0032158496,0.002606467
2023-10-02,0.0009159961,-0.0014218107,0.0010428658,-0.0033299853,0.0011830245
2023-10-03,0.0024986984,-0.0013204365,0.0013637887,-0.0033721183,0.0018572923
2023-10-04,-0.0027097177,-0.0014130552,0.0011542042,-0.0033698708,0.0010525773
2023-10-05,-0.007408177,-0.0012791663,0.0011654594,-0.003153855,0.0014901452
2023-10-06,0.006976579,-0.0014366903,0.0011222333,-0.0031145033,0.0009789146
2023-10-09,0.00024880405,-0.0013722635,0.0014205135,-0.0033849522,0.002037068
2023-10-10,-0.007394347,-0.0014076846,0.0011328447,-0.0030048487,0.0012122113
2023-10-11,-0.005992917,-0.001217805,0.0012046585,-0.0033176937,0.0014899044
2023-10-12,0.007995865,-0.0013569456,0.001178482,-0.0032510655,0.0012542113
2023-10-13,0.0011154343,-0.0012140411,0.0012445542,-0.0030649062,0.002332034
2023-10-16,0.001501692,-0.0012956574,0.0011916918,-0.0030827366,0.0013470859
2023-10-17,0.011778027,-0.001397565,0.0012111415,-0.003391063,0.0013769283
2023-10-18,-0.00019986944,-0.0012841305,0.0012648317,-0.0032950528,0.0019133313
2023-10-19,-0.0011158931,-0.0012750835,0.0010976472,-0.0029590796,0.00091633585
2023-10-20,0.0025775665,-0.0014539072,0.0010437074,-0.0030499047,0.0011224138
2023-10-23,0.002706755,-0.0015553368,0.0012207666,-0.0035775022,0.001204422
2023-10-24,0.008467727,-0.0015644273,0.0009818135,-0.003065521,0.0007153342
2023-10-25,0.0023418288,-0.0013619772,0.0011636826,-0.003031732,0.0012678613
2023-10-26,-0.00039391313,-0.0014116332,0.0010143056,-0.0030391281,0.0008021427
2023-10-27,0.007635186,-0.0014405804,0.0010179122,-0.003108303,0.0009796288
2023-10-30,0.0025181898,-0.0013201114,0.0012472554,-0.00330025,0.0013463446
2023-10-31,-0.0025291522,-0.0014020279,0.0012105117,-0.0034143683,0.0007352425
2023-11-01,-0.0015633875,-0.0013110742,0.0012379843,-0.0032852371,0.0012317053
2023-11-02,-0.0030698793,-0.0014060487,0.0013002888,-0.0032249908,0.0012758621
2023-11-03,0.0039259307,-0.0015308304,0.0011276255,-0.0031728116,0.0013066779
2023-11-06,0.0015711783,-0.0013462608,0.0013165119,-0.0035092134,0.0012983907
2023-11-07,0.00090687064,-0.0015509974,0.0009979053,-0.0031724088,0.0007121514
2023-11-08,-0.0040919883,-0.001412512,0.0011179855,-0.003277332,0.0012911654
2023-11-09,0.002672016,-0.0014496908,0.0011676728,-0.0033602368,0.0009571363
2023-11-10,0.00617622,-0.0013893432,0.0013919562,-0.0034058855,0.0016388283
2023-11-13,0.005071516,-0.0013607219,0.0012423518,-0.0032062493,0.001505664
2023-11-14,0.0054339883,-0.0014659709,0.0010492228,-0.0033730895,0.0009246612
2023-11-15,0.0010161544,-0.0012295432,0.0012615969,-0.0033757621,0.0016659583
2023-11-16,0.0007408185,-0.0015224158,0.0010885793,-0.0033705316,0.0008070146
2023-11-17,0.010156284,-0.0015042141,0.0011875345,-0.0033605436,0.0011211805
2023-11-20,-0.008801629,-0.0012842251,0.0012530296,-0.0032398556,0.001734442
2023-11-21,0.005501854,-0.0013262726,0.00124102,-0.0031087992,0.0016153975
2023-11-22,0.0028221956,-0.0014913332,0.0011938502,-0.0033478434,0.0013788004
2023-11-23,0.006369054,-0.0014254615,0.0011449576,-0.0032575843,0.001005822
2023-11-24,-0.014025411,-0.0013886194,0.0011075571,-0.0033225843,0.0010887588
2023-11-27,-0.00784708,-0.0013146327,0.001240627,-0.0031029521,0.001396101
2023-11-28,-0.0071659074,-0.001372866,0.0010703877,-0.0029067802,0.00081946957
2023-11-29,0.010734189,-0.0012655827,0.0013420361,-0.0031559826,0.0016844575
2023-11-30,-0.0015593318,-0.0012649941,0.0012152587,-0.0032489472,0.0014229299
2023-12-01,-0.023421178,-0.0015223834,0.0010139848,-0.0031339256,0.0010221704
2023-12-04,-0.0051559503,-0.0014762233,0.0012494144,-0.0034365307,0.001374377
2023-12-05,0.011029443,-0.0013357865,0.0013662531,-0.0033140543,0.0019443495
2023-12-06,0.0008129903,-0.0013243746,0.0012670518,-0.0034124826,0.0016115096
2023-12-07,-0.0049724965,-0.0014515785,0.0011545997,-0.0031519637,0.0017836449
2023-12-08,0.015670005,-0.0012916648,0.001209672,-0.0032394114,0.0015837569
2023-12-11,-0.013788192,-0.0011085122,0.0013201871,-0.00289241,0.0017040707
2023-12-12,-0.018552884,-0.0012823999,0.0012100858,-0.0031201318,0.0016108244
2023-12-13,-0.030427046,-0.001082912,0.0012722928,-0.0029103335,0.001615015
2023-12-14,0.010300905,-0.0010682542,0.0013436422,-0.0029987446,0.0020681429
2023-12-15,-0.007764756,-0.0009483137,0.0017300287,-0.0031869062,0.0031194177
2023-12-18,0.022781128,-0.00084234594,0.0014243767,-0.0027631628,0.0026051367
2023-12-19,0.00466078,-0.0006843668,0.0016217052,-0.0032569498,0.0029146967
2023-12-20,4.3036707e-05,-0.0008341626,0.0017694478,-0.0037030736,0.0026170833
2023-12-21,0.016707227,-0.0009382968,0.001375303,-0.002755868,0.0022681577
2023-12-22,0.003816476,-0.00065352884,0.0016762619,-0.0029393742,0.0036676105
2023-12-25,0.016004443,-0.0011270685,0.0013173533,-0.0033561278,0.0020598024
2023-12-26,0.0019878412,-0.00079279847,0.0013799551,-0.0026563318,0.0028855123
2023-12-27,0.009675328,-0.0008016647,0.0016934158,-0.0038863118,0.003625877
2023-12-28,-0.001986548,-0.001096893,0.0011521658,-0.0028769919,0.0019176557
2023-12-29,0.004230718,-0.00097404415,0.0014990635,-0.003304818,0.0022216649
2024-01-01,-0.008972949,-0.0009859205,0.001296119,-0.0033115812,0.0023575544
2024-01-02,0.011417986,-0.00092742883,0.001446672,-0.0031596227,0.0027707443
2024-01-03,-0.0031587067,-0.00082267367,0.0015780954,-0.0035577996,0.002938334
2024-01-04,0.001593932,-0.00081752375,0.0014157232,-0.0027533905,0.0029767526
2024-01-05,-0.005993967,-0.00082967174,0.0015729305,-0.0025825065,0.003272809
2024-01-08,-3.9341423e-05,-0.0010606736,0.0015190791,-0.0037970154,0.0030997351
2024-01-09,0.010042467,-0.000898392,0.001261703,-0.0031319167,0.0026562496
2024-01-10,-0.021378012,-0.00094029633,0.0016532474,-0.0031717157,0.0031912958
2024-01-11,-0.0016037654,-0.0008208227,0.0018398503,-0.00398569,0.003948311
2024-01-12,-0.0030226412,-0.0006333302,0.0014888631,-0.0025782476,0.0034569767
2024-01-15,-0.017410902,-0.00090819283,0.0016522068,-0.0032130068,0.0030214745
2024-01-16,0.011513555,-0.0007016916,0.001609198,-0.0031151122,0.0032564152
2024-01-17,0.0044626608,-0.00080133346,0.0016743193,-0.003426233,0.0027471746
2024-01-18,0.01060858,-0.000989093,0.0015410915,-0.0041384804,0.0022875138
2024-01-19,0.007467373,-0.0009011145,0.0015156531,-0.0033783808,0.002568022
2024-01-22,0.0053930967,-0.0007400766,0.0016821033,-0.0030564165,0.002522875
2024-01-23,0.0012558721,-0.00076854316,0.0013889301,-0.003120556,0.002347309
2024-01-24,0.0002644735,-0.0009171653,0.0014045438,-0.0030796868,0.002617771
2024-01-25,-0.0029006032,-0.0011414423,0.001194091,-0.002818179,0.0019404254
2024-01-26,0.01683429,-0.0011618341,0.0011486099,-0.0028520166,0.0018718112
2024-01-29,-0.0019428554,-0.0011223583,0.0013501232,-0.0036668396,0.001943733
2024-01-30,0.002805331,-0.0011480692,0.0014345781,-0.0033752085,0.0017992061
2024-01-31,0.0025079697,-0.0012148147,0.001200695,-0.003004372,0.002318157
2024-02-01,-0.0018629116,-0.0011746327,0.0015614537,-0.0031536105,0.0034075535
2024-02-02,0.004030481,-0.0011952454,0.0013553284,-0.0030962606,0.0021019923
2024-02-05,-0.0012539689,-0.0013000738,0.0010394535,-0.002889656,0.0008341675
2024-02-06,0.0042275935,-0.0011887109,0.0011467893,-0.0028194212,0.0018420891
2024-02-07,-0.0093678525,-0.0013269257,0.0011328901,-0.003106348,0.0013449165
2024-02-08,0.00013837448,-0.0012178323,0.0011764099,-0.003089904,0.0010788607
2024-02-09,-0.0016828115,-0.0012103218,0.00145725,-0.0028538194,0.0015495475
2024-02-12,0.008930276,-0.0013348454,0.0013159416,-0.0030060895,0.0014399621
2024-02-13,-0.009632284,-0.0011652127,0.0013412997,-0.0032023194,0.0019380049
2024-02-14,0.0096427165,-0.0012936884,0.0012757713,-0.0031736116,0.0013329022
2024-02-15,0.007088204,-0.0014448459,0.0012008083,-0.0031617328,0.0014964364
2024-02-16,-0.002072228,-0.0013129495,0.0011673437,-0.0033466704,0.001120532
2024-02-19,0.006033612,-0.001275955,0.0013190181,-0.0035643838,0.0020381873
2024-02-20,0.007678061,-0.0013413853,0.0012333207,-0.003129684,0.0012528179
2024-02-21,-0.007638509,-0.0014132751,0.0012682214,-0.0032268933,0.0020047734
2024-02-22,0.0046681557,-0.0014470774,0.0010601195,-0.003329102,0.0007800377
2024-02-23,-0.00017117514,-0.001241137,0.0012827372,-0.00288614,0.0021839954
2024-02-26,0.003963737,-0.0014616561,0.0011117243,-0.0030051717,0.00089763646
2024-02-27,-0.0018244428,-0.0012484415,0.0014216463,-0.0034717603,0.0022373341
2024-02-28,-0.00047500338,-0.0015634776,0.0010398313,-0.0030962953,0.0008994934
